{"type":"Topology","arcs":[[[386185,72436],[-4,2],[-2,0],[-2,1],[-2,1],[-2,1],[-2,0],[-3,2],[-5,2],[-4,1],[-4,2],[-4,1],[-4,2],[-4,1],[-2,1],[-5,1],[-2,1],[-2,1],[-2,0],[-2,1],[-2,1],[-4,1],[-4,1],[-5,1],[-4,2],[-2,1],[-2,0],[-2,1],[-2,1],[-3,0],[-2,1],[-4,1],[-2,1],[-2,0],[-3,1],[-9,2],[-2,1],[-4,1],[-9,2],[-2,1],[-9,2],[-2,0],[-5,1],[-4,0],[-4,1],[-5,0],[-4,1],[-4,0],[-5,1],[-4,0],[-5,1],[-4,0],[-2,1],[-2,0],[-4,0],[-5,1],[-8,0],[-4,1],[-8,0],[-5,1],[-6,0],[-2,1],[-2,0],[-3,0],[-16,0],[-2,1],[-3,0],[-2,0],[-14,0],[-360,-2],[-359,-2],[-719,-4],[-360,-2],[-1078,-6],[-359,-2],[-360,-2],[-360,-2],[-359,-2],[-360,-2],[-359,-2],[-360,-2],[-719,-5],[-359,-2],[-360,-2],[-719,-4],[-360,-2],[-359,-2],[-719,-4],[-359,-2],[-360,-2],[-719,-4],[-360,-2],[-1078,-6],[-360,-2],[-359,-2],[-719,-4],[-360,-2],[-719,-4],[-359,-2],[-1079,-6],[-359,-2],[-359,-2],[-360,-2],[-719,-5],[-360,-2],[-359,-2],[-360,-2],[-1078,-6],[-360,-2],[-718,-4],[-360,-2],[-719,-4],[-360,-2],[-359,-2],[-360,-2],[-7,0],[-8,0],[-16,-1],[-15,-2],[-8,-1],[-15,-3],[-17,-3],[-7,-2],[-8,-3],[-8,-2],[-8,-2],[-8,-3],[-8,-3],[-8,-2],[-8,-3],[-8,-3],[-30,-14],[-16,-8],[-7,-4],[-15,-8],[-14,-9],[-15,-10],[-7,-5],[-7,-5],[-13,-10],[-14,-11],[-6,-6],[-7,-6],[-6,-5],[-6,-6],[-6,-6],[-6,-6],[-11,-13],[-12,-13],[-5,-6],[-5,-7],[-5,-7],[-5,-7],[-5,-6],[-5,-7],[-9,-15],[-4,-7],[-4,-7],[-3,-8],[-4,-7],[-4,-7],[-3,-8],[-3,-8],[-29,-79],[-27,-81],[-24,-81],[-22,-82],[-20,-83],[-18,-83],[-15,-84],[-14,-84],[-11,-85],[-9,-85],[-8,-86],[-5,-87],[-4,-87],[-2,-87],[-1,-88],[1,-88],[2,-89],[4,-89],[5,-89],[6,-89],[8,-90],[9,-90],[9,-91],[11,-91],[11,-91],[13,-91],[13,-91],[14,-92],[15,-91],[14,-92],[16,-91],[16,-92],[16,-92],[34,-184],[17,-92],[17,-92],[17,-91],[17,-93],[17,-91],[17,-92],[16,-91],[16,-91],[16,-91],[15,-91],[15,-91],[14,-90],[14,-90],[12,-90],[12,-90],[11,-89],[10,-89],[9,-88],[9,-88],[6,-88],[6,-87],[4,-86],[3,-87],[2,-86],[0,-85],[-1,-85],[-4,-84],[-5,-83],[-6,-83]],[[362772,66426],[-29,-5],[-30,-5],[-31,-6],[-32,-5],[-34,-6],[-36,-7],[-36,-7],[-38,-7],[-39,-7],[-39,-8],[-42,-8],[-42,-8],[-43,-9],[-44,-9],[-45,-9],[-46,-9],[-47,-10],[-48,-10],[-48,-10],[-50,-11],[-50,-11],[-51,-11],[-51,-11],[-52,-12],[-53,-12],[-53,-12],[-53,-12],[-55,-13],[-54,-13],[-55,-13],[-55,-13],[-56,-13],[-56,-14],[-56,-14],[-56,-14],[-56,-14],[-57,-14],[-56,-15],[-57,-14],[-113,-30],[-57,-15],[-57,-16],[-56,-15],[-56,-16],[-57,-15],[-55,-16],[-56,-16],[-55,-16],[-55,-16],[-54,-17],[-54,-16],[-53,-17],[-53,-16],[-52,-17],[-52,-17],[-51,-17],[-51,-16],[-50,-18],[-49,-17],[-48,-17],[-48,-17],[-47,-18],[-46,-17],[-14,-5],[-7,-3],[-16,-5],[-7,-3],[-25,-7],[-8,-3],[-9,-2],[-8,-2],[-9,-3],[-17,-4],[-18,-4],[-9,-2],[-10,-2],[-9,-2],[-9,-2],[-10,-2],[-9,-1],[-9,-2],[-9,-1],[-19,-3],[-10,-2],[-9,-1],[-10,-1],[-9,-2],[-19,-2],[-10,0],[-9,-1],[-10,-1],[-9,0],[-10,-1],[-9,0],[-9,-1],[-46,0],[-18,1],[-17,1],[-26,3],[-8,2],[-17,3],[-16,3],[-8,2],[-7,2],[-8,2],[-7,2],[-15,5],[-6,3],[-42,20],[-38,21],[-36,23],[-34,24],[-31,26],[-28,28],[-27,29],[-23,30],[-22,31],[-20,33],[-18,34],[-16,35],[-14,36],[-12,38],[-10,38],[-9,40],[-7,40],[-5,42],[-4,43],[-3,44],[-2,44],[0,45],[1,46],[2,47],[3,47],[4,48],[5,49],[6,49],[7,50],[7,51],[8,51],[9,52],[8,52],[10,52],[9,52],[10,53],[10,54],[10,53],[9,54],[10,54],[10,53],[10,55],[10,54],[9,54],[8,54],[9,53],[7,54],[7,54],[6,54],[6,53],[5,53],[4,53],[3,52],[2,52],[1,52],[-1,51],[-2,50],[-2,51],[-5,50],[-6,49],[-7,48],[-9,47],[-10,47],[-13,47],[-9,33],[-10,33],[-10,32],[-10,33],[-10,33],[-21,65],[-10,32],[-11,32],[-12,32],[-23,63],[-12,31],[-13,30],[-12,31],[-13,30],[-14,30],[-13,29],[-14,29],[-14,29],[-15,29],[-15,28],[-16,28],[-15,27],[-17,27],[-16,27],[-18,26],[-17,26],[-37,50],[-19,24],[-20,24],[-20,24],[-20,22],[-22,23],[-21,22],[-23,21],[-23,20],[-23,21],[-24,19],[-24,19],[-25,18],[-26,18],[-26,17],[-28,17],[-28,16],[-28,15],[-29,14],[-30,13],[-30,13],[-31,12],[-32,12],[-33,10],[-34,10],[-34,9],[-35,8],[-36,8],[-36,6],[-38,6],[-38,5],[-39,4],[-40,3],[-41,2],[-42,2],[-23,0],[-8,-1],[-8,0],[-9,-1],[-8,-1],[-16,-2],[-18,-3],[-8,-1],[-9,-2],[-8,-2],[-9,-2],[-17,-4],[-17,-5],[-9,-2],[-9,-3],[-9,-3],[-9,-3],[-9,-3],[-9,-3],[-17,-7],[-9,-4],[-9,-3],[-8,-4],[-9,-4],[-8,-4],[-9,-4],[-8,-5],[-9,-4],[-8,-4],[-8,-5],[-8,-4],[-9,-5],[-8,-5],[-7,-5],[-9,-5],[-15,-10],[-8,-5],[-7,-5],[-22,-17],[-7,-5],[-7,-6],[-6,-6],[-7,-6],[-6,-6],[-7,-6],[-6,-6],[-11,-12],[-6,-7],[-11,-12],[-5,-6],[-5,-7],[-5,-6],[-20,-31],[-20,-32],[-19,-32],[-19,-32],[-17,-34],[-17,-33],[-16,-34],[-16,-35],[-15,-36],[-14,-35],[-13,-37],[-13,-36],[-12,-38],[-12,-37],[-11,-38],[-11,-38],[-10,-39],[-9,-39],[-18,-79],[-8,-40],[-8,-40],[-7,-41],[-7,-41],[-7,-41],[-6,-42],[-6,-41],[-5,-42],[-5,-42],[-5,-43],[-5,-42],[-4,-43],[-5,-43],[-4,-42],[-4,-43],[-3,-44],[-4,-43],[-3,-44],[-3,-43],[-3,-44],[-10,-130],[-3,-44],[-12,-174],[-4,-44],[-6,-87],[-7,-86],[-5,-43],[-4,-43],[-4,-43],[-5,-42],[-5,-43],[-5,-42],[-5,-42],[-6,-41],[-6,-42],[-7,-41],[-6,-41],[-5,-30],[-4,-30],[-4,-30],[-3,-30],[-3,-30],[-3,-29],[-3,-30],[-4,-59],[-2,-30],[-1,-30],[-2,-29],[-1,-30],[-2,-59],[-2,-58],[0,-29],[-1,-29],[-1,-29],[0,-29],[0,-29],[-1,-29],[-1,-29],[-1,-29],[0,-29],[-1,-29],[-1,-29],[-1,-29],[-3,-57],[-4,-57],[-4,-57],[-3,-28],[-3,-28],[-3,-28],[-3,-29],[-9,-56],[-4,-28],[-5,-28],[-6,-28],[-6,-28],[-7,-28],[-7,-28],[-7,-28],[-8,-28],[-8,-27],[-9,-28],[-10,-28],[-11,-27],[-11,-28],[-11,-27],[-12,-28],[-13,-27],[-13,-28],[-15,-27],[-15,-27],[-15,-28],[-17,-27],[-17,-27],[-18,-28],[-23,-32],[-24,-31],[-24,-30],[-25,-28],[-27,-27],[-26,-27],[-27,-25],[-28,-24],[-29,-23],[-30,-22],[-30,-21],[-30,-20],[-31,-19],[-32,-18],[-32,-17],[-33,-16],[-33,-15],[-34,-14],[-34,-14],[-34,-13],[-35,-12],[-35,-11],[-36,-11],[-36,-10],[-36,-9],[-37,-8],[-37,-8],[-37,-7],[-38,-6],[-38,-6],[-37,-5],[-39,-5],[-38,-4],[-39,-4],[-38,-3],[-38,-3],[-39,-2],[-39,-2],[-39,-1],[-38,-1],[-39,-1],[-39,-1],[-39,0],[-39,1],[-38,0],[-39,1],[-77,2],[-38,1],[-38,1],[-37,2],[-38,2],[-37,1],[-37,2],[-37,2],[-37,2],[-36,2],[-35,1],[-36,2],[-35,1],[-35,2],[-34,1],[-34,2],[-33,1],[-9,0],[-18,0],[-9,1],[-9,0],[-18,0],[-9,1],[-9,0],[-18,0],[-9,1],[-9,0],[-18,0],[-9,1],[-9,0],[-18,0],[-18,1],[-8,0],[-9,1],[-9,0],[-9,1],[-9,0],[-9,0],[-9,1],[-9,0],[-17,0],[-9,1],[-9,0],[-18,0],[-9,1],[-9,0],[-9,0],[-9,1],[-9,0],[-9,1],[-8,0],[-9,0],[-18,1],[-9,1],[-9,0],[-9,1],[-9,0],[-9,1],[-8,0],[-9,1],[-9,0],[-9,0],[-9,1],[-9,0],[-9,1],[-9,0],[-9,1],[-9,0],[-9,1],[-9,0],[-9,1],[-9,0]],[[353339,64685],[-6,361],[-3,181],[-3,181],[-3,181],[-2,182],[-3,181],[-4,365],[-3,182],[-2,183],[-4,366],[-2,184],[-2,183],[-2,184],[-3,368],[-2,184],[-4,370],[-2,185],[-2,184],[-3,371],[-5,370],[-1,185],[-3,186],[-2,185],[-4,371],[-3,186],[-5,371],[-3,186],[-3,185],[-6,372],[-4,185],[-3,186],[-4,186],[-3,185],[-5,186],[-4,185],[-5,185],[-4,185],[-5,185],[-5,185],[-11,369],[-6,185],[-19,552],[-21,551],[-8,183],[-8,184],[-9,182],[-9,183],[-9,182],[-9,182],[-4,54],[-3,57],[-3,61],[-4,63],[-4,67],[-4,69],[-3,72],[-5,75],[-4,77],[-5,80],[-4,83],[-5,84],[-4,86],[-5,89],[-5,90],[-5,92],[-6,94],[-5,95],[-5,96],[-6,98],[-5,100],[-6,100],[-5,101],[-6,101],[-6,103],[-5,103],[-6,103],[-6,104],[-6,104],[-5,105],[-5,104],[-6,104],[-6,104],[-6,103],[-5,104],[-6,102],[-5,102],[-6,101],[-6,100],[-5,100],[-5,98],[-5,96],[-5,95],[-5,94],[-5,92],[-5,91],[-5,88],[-4,87],[-5,84],[-4,82],[-5,81],[-4,77],[-3,75],[-4,72],[-3,70],[-4,66],[-3,64],[-3,61],[-4,57],[-2,54],[-3,50],[-2,47],[-2,43],[-2,39],[-2,55],[-2,55],[-1,55],[-2,56],[0,55],[-1,55],[0,56],[1,55],[1,56],[2,111],[2,56],[3,56],[2,56],[3,56],[3,56],[3,56],[4,56],[4,56],[4,56],[4,57],[5,56],[5,57],[5,56],[11,113],[6,57],[6,56],[6,57],[6,57],[6,57],[7,57],[7,57],[7,57],[6,56],[15,114],[7,58],[8,57],[14,114],[8,57],[8,57],[15,115],[8,57],[8,58],[7,57],[8,58],[8,57],[8,57],[8,58],[15,115],[8,57],[7,58],[7,58],[8,57],[7,58],[7,57],[7,58],[7,58],[7,57],[6,58],[23,197],[26,241],[30,284],[34,324],[38,364],[42,401],[45,438],[48,472],[52,506],[54,538],[58,568],[60,597],[63,624],[65,650],[67,674],[70,698],[72,718],[73,739],[76,756],[77,773],[78,789],[80,802],[81,815],[81,826],[83,835],[83,843],[84,849],[84,853],[85,857],[84,859],[85,859],[84,858],[84,855],[84,851],[84,845],[82,838],[81,829],[81,819],[79,807],[78,794],[76,779],[75,763],[72,745],[72,726],[69,706],[67,683],[64,659],[62,633],[60,607],[57,579],[53,549],[51,518],[47,485],[44,451],[41,414],[37,378],[33,339],[29,298],[25,257],[21,213],[16,169],[12,122],[7,75],[3,25],[-1,2],[0,164],[0,3]],[[356942,124072],[378,0],[758,-1],[379,0],[379,-1],[378,0],[379,0],[379,-1],[379,0],[379,0],[379,-1],[378,0],[379,0],[378,-1],[379,0],[758,0],[379,-1],[379,0],[757,0],[378,-1],[379,0],[758,0],[758,-1],[378,0],[379,-1],[378,0],[379,0],[379,-1],[379,0],[379,0],[379,-1],[378,0],[378,0],[379,-1],[379,0],[758,0],[379,-1],[379,0],[757,0],[379,-1],[379,0],[757,0],[379,-1],[379,0],[378,0],[758,-1],[379,0],[379,-1],[379,0],[379,0],[378,-1],[379,0],[378,0],[379,-1],[379,0],[379,0]],[[381183,124053],[0,-83],[1,-5],[0,-83],[5,-96],[13,-133],[20,-168],[26,-202],[34,-235],[40,-267],[47,-298],[53,-327],[58,-357],[64,-384],[70,-410],[74,-435],[80,-459],[84,-482],[89,-504],[92,-525],[97,-545],[101,-563],[104,-581],[108,-596],[111,-612],[113,-626],[116,-638],[119,-650],[120,-661],[123,-671],[125,-678],[125,-687],[128,-692],[128,-697],[129,-701],[129,-704],[130,-705],[130,-706],[130,-706],[130,-703],[129,-701],[128,-697],[127,-692],[126,-686],[124,-678],[123,-670],[120,-661],[119,-649],[116,-638],[113,-625],[111,-611],[107,-595],[104,-580],[101,-561],[96,-544],[93,-523],[89,-504],[84,-480],[79,-458],[74,-434],[69,-408],[64,-383],[58,-354],[52,-326],[46,-296],[40,-264],[34,-234],[26,-200],[5,-41],[11,-82],[10,-79],[5,-38],[5,-39],[4,-37],[5,-38],[5,-36],[4,-37],[4,-36],[5,-35],[4,-35],[4,-35],[4,-35],[5,-34],[3,-34],[4,-33],[3,-33],[4,-33],[3,-33],[6,-64],[3,-31],[3,-32],[4,-31],[2,-31],[2,-31],[5,-61],[2,-30],[2,-30],[1,-30],[2,-30],[2,-29],[1,-30],[2,-59],[2,-58],[0,-30],[0,-29],[1,-29],[0,-58],[-1,-29],[0,-30],[-1,-30],[-3,-88],[-1,-30],[-2,-30],[-2,-29],[-1,-30],[-7,-92],[-3,-30],[-3,-31],[-3,-31],[-4,-31],[-3,-32],[-10,-82],[-10,-82],[-12,-81],[-11,-82],[-13,-82],[-14,-83],[-14,-83],[-15,-83],[-15,-83],[-16,-83],[-17,-83],[-17,-83],[-17,-84],[-18,-84],[-19,-83],[-19,-84],[-20,-84],[-20,-84],[-20,-84],[-21,-84],[-21,-84],[-21,-84],[-21,-84],[-21,-84],[-22,-84],[-22,-83],[-22,-84],[-23,-84],[-22,-83],[-22,-84],[-22,-83],[-23,-83],[-22,-83],[-22,-83],[-22,-82],[-44,-166],[-22,-82],[-22,-81],[-21,-82],[-21,-81],[-21,-82],[-21,-80],[-20,-81],[-20,-80],[-19,-80],[-20,-79],[-18,-79],[-19,-79],[-17,-78],[-17,-78],[-17,-78],[-16,-77],[-16,-77],[-15,-76],[-14,-76],[-13,-76],[-13,-74],[-12,-75],[-11,-74],[-11,-74],[-10,-72],[-9,-73],[-8,-71],[-6,-62],[-6,-61],[-5,-62],[-5,-63],[-3,-63],[-4,-63],[-3,-63],[-2,-64],[-4,-128],[-1,-64],[-1,-65],[-1,-66],[0,-65],[0,-66],[1,-66],[2,-133],[1,-66],[1,-68],[2,-67],[2,-67],[2,-68],[5,-136],[2,-68],[3,-69],[4,-138],[6,-139],[2,-70],[2,-70],[2,-70],[3,-71],[2,-70],[2,-71],[2,-71],[1,-70],[2,-71],[1,-72],[1,-72],[0,-71],[1,-72],[0,-71],[0,-72],[-1,-72],[0,-73],[-2,-73],[-2,-72],[-2,-73],[-3,-72],[-3,-73],[-3,-73],[-4,-73],[-5,-73],[-5,-73],[-6,-73],[-6,-74],[-15,-146],[-8,-74],[-9,-73],[-10,-74],[-2,-12],[-4,-25],[-2,-12],[-2,-13],[-4,-26],[-7,-41],[-2,-14],[-5,-28],[-2,-14],[-3,-14],[-5,-29],[-5,-29],[-3,-14],[-3,-15],[-4,-30],[-3,-15],[-2,-15],[-3,-15],[-3,-15],[-2,-16],[-3,-15],[-2,-15],[-6,-30],[-2,-15],[-3,-16],[-2,-15],[-3,-15],[-2,-15],[-5,-30],[-2,-16],[-2,-15],[-3,-15],[-2,-14],[-2,-15],[-1,-15],[-5,-29],[-2,-15],[-2,-15],[-2,-14],[-2,-14],[-1,-15],[-4,-28],[-1,-14],[-3,-27],[-1,-14],[-3,-26],[-2,-26],[-1,-25],[-4,-53],[-2,-52],[-2,-52],[-1,-52],[-1,-52],[0,-50],[1,-51],[1,-50],[1,-50],[2,-49],[2,-49],[4,-49],[3,-48],[4,-48],[5,-48],[4,-48],[5,-47],[6,-48],[6,-46],[6,-47],[7,-46],[7,-46],[8,-45],[7,-46],[8,-45],[9,-45],[8,-45],[8,-45],[9,-45],[9,-45],[9,-44],[19,-88],[10,-45],[10,-44],[10,-44],[9,-44],[10,-43],[11,-44],[10,-44],[10,-44],[9,-44],[10,-43],[10,-44],[10,-44],[10,-44],[10,-43],[28,-132],[9,-45],[9,-44],[9,-44],[9,-45],[8,-44],[8,-45],[8,-45],[8,-45],[14,-91],[7,-46],[6,-46],[6,-46],[6,-46],[5,-45],[4,-46],[4,-46],[3,-47],[3,-47],[2,-48],[4,-96],[1,-49],[1,-98],[0,-50],[-1,-100],[-2,-101],[-1,-50],[-2,-52],[-2,-51],[-2,-51],[-2,-52],[-2,-51],[-5,-103],[-3,-51],[-2,-52],[-3,-51],[-3,-52],[-3,-51],[-2,-51],[-3,-51],[-5,-101],[-3,-51],[-2,-50],[-3,-50],[-1,-50],[-3,-50],[-1,-49],[-2,-49],[-1,-48],[-2,-49],[0,-47],[-1,-48],[0,-47],[0,-46],[1,-46],[0,-46],[2,-45],[1,-44],[2,-44],[3,-44],[2,-42],[4,-42],[3,-41],[5,-41],[5,-40],[5,-40],[6,-38],[7,-38],[7,-37],[8,-36],[8,-36],[9,-34],[-1,-1],[0,-1],[-2,-5],[-1,-1],[0,-1],[0,-1],[-1,-2],[0,-1],[-1,-1],[0,-1],[-1,-1],[0,-1],[-1,-2],[0,-1],[0,-1],[-1,-1],[-1,-1],[0,-1],[-1,-2],[0,-1],[0,-1],[-1,-1],[0,-1],[0,-1],[-1,-2],[0,-1],[-1,-1],[-1,-1],[-2,-5],[0,-1],[-1,-1],[0,-1],[-2,-5],[-1,-1],[0,-1],[0,-1],[-1,-2],[0,-1],[-1,-1],[0,0]],[[153136,153056],[-4,-1205],[-20,-6026],[-4,-1206],[-8,-2410],[-4,-1205],[-4,-1206],[-16,-4820],[-8,-2410],[-13,-3616],[-4,-1205],[-4,-1205],[-3,-1205],[-8,-2411],[-4,-1205],[-8,-2410],[-8,-2411],[-4,-1205],[-29,-8436],[-3,-1206],[-9,-2410],[-3,-1205],[-21,-6026],[-8,-2410],[-4,-1205],[-4,-1205],[-16,-4821],[-4,-1205],[-12,-3616],[-4,-1205],[-9,-2411],[-3,-1205],[-4,-1205]],[[152879,75924],[-909,0],[-303,0],[-303,1],[-1212,0],[-303,0],[0,0],[-303,1],[-1212,0],[-606,1],[-1212,0],[-302,0],[-1,0],[-302,1],[-1213,0],[-303,0],[-303,1],[-1817,0],[-303,0],[-303,1],[-1213,0],[-302,0],[-1,0],[-302,1],[-1212,0],[-303,0],[-303,1],[-1212,0],[-303,0],[0,0],[-303,1],[-1212,0],[-606,1],[-932,0],[-8,0],[-8,1],[-9,0],[-8,1],[-8,0],[-9,1],[-17,2],[-9,0],[-9,1],[-8,2],[-18,2],[-10,1],[-18,3],[-9,2],[-9,1],[-10,2],[-9,2],[-9,2],[-29,6],[-9,2],[-9,2],[-9,2],[-10,3],[-19,4],[-19,5],[-18,5],[-9,3],[-9,3],[-18,5],[-28,9],[-9,3],[-17,6],[-9,3],[-8,4],[-9,3],[-8,3],[-17,7],[-17,7],[-30,14],[-8,4],[-14,7],[-8,4],[-6,3],[-560,306],[-560,305],[-560,304],[-560,304],[-560,304],[-560,304],[-561,303],[-561,302],[-560,303],[-561,303],[-561,302],[-1123,603],[-562,302],[-561,301],[-562,301],[-562,301],[-562,300],[-562,301],[-563,300],[-562,300],[-562,300],[-563,300],[-1125,600],[-563,299],[-563,299],[-563,300],[-563,299],[-563,299],[-376,199],[0,0],[-187,100],[-564,299],[-563,300],[-563,298],[-563,299],[-564,299],[-563,299],[-563,299],[-564,299],[-563,299],[-564,299],[-564,299],[-563,299],[-564,299],[-563,299],[-564,299],[-563,300],[-564,300],[-563,299],[-564,300],[-563,299],[-563,301],[-564,300],[-563,300],[-563,301],[-564,301],[-563,300],[-563,302],[-563,301],[-563,301],[-563,302],[-563,302],[-563,302],[-563,302],[-3,2],[-3,2],[-3,2],[-4,1],[-4,2],[-3,2],[-4,2],[-4,1],[-3,2],[-4,2],[-3,2],[-4,1],[-4,2],[-4,2],[-4,2],[-8,3],[-4,2],[-4,1],[-4,2],[-3,2],[-8,3],[-9,4],[-8,3],[-4,2],[-4,1],[-5,2],[-12,4],[-5,2],[-4,1],[-4,2],[-4,1],[-5,2],[-4,1],[-9,3],[-4,1],[-4,2],[-5,1],[-4,1],[-5,2],[-4,1],[-9,2],[-5,2],[-4,1],[-9,2],[-4,2],[-18,4],[-4,1],[-9,2],[-4,1],[-14,3],[-4,0],[-4,1],[-9,2],[-4,0],[-4,1],[-5,1],[-4,1],[-4,1],[-5,1],[-4,1],[-5,1],[-8,1],[-9,2],[-8,1],[-8,2],[-8,1],[-8,2],[-8,1],[-9,2],[-8,1],[-7,1],[-8,1],[-4,1],[-4,0],[-4,1],[-4,0],[-11,2],[-4,0],[-7,1],[-4,1],[-4,0],[-14,2],[-7,0],[-8,1],[-6,0],[-4,0],[-3,1],[-13,0]],[[96423,95447],[4,0],[4,1],[16,0],[8,1],[16,0],[4,0],[4,1],[8,0],[8,1],[8,0],[4,0],[4,1],[8,0],[4,0],[4,1],[16,0],[8,1],[16,0],[4,0],[4,1],[8,0],[4,0],[4,1],[8,0],[8,1],[8,0],[8,1],[16,0],[8,1],[16,0],[8,1],[4,0],[11,70],[12,71],[13,70],[13,71],[14,70],[14,71],[16,71],[15,71],[17,71],[16,71],[18,72],[18,71],[18,73],[18,71],[19,72],[20,72],[20,73],[19,72],[21,73],[20,73],[21,74],[20,73],[22,74],[20,74],[22,75],[21,74],[21,76],[21,75],[22,76],[21,76],[41,153],[21,77],[21,78],[20,77],[20,78],[20,79],[20,79],[19,79],[19,80],[18,81],[18,80],[17,81],[17,82],[16,82],[17,83],[15,83],[14,83],[15,84],[13,85],[13,85],[12,86],[11,86],[11,86],[9,88],[9,87],[8,89],[7,89],[6,90],[5,90],[4,91],[3,91],[2,93],[1,93],[0,31],[-1,32],[0,32],[-1,32],[-1,33],[-4,65],[-2,33],[-3,33],[-5,67],[-3,34],[-4,33],[-4,34],[-3,34],[-8,68],[-5,35],[-4,34],[-5,34],[-5,35],[-9,69],[-5,35],[-6,35],[-5,35],[-5,35],[-11,70],[-10,70],[-10,70],[-10,70],[-11,70],[-5,35],[-5,36],[-5,35],[-5,35],[-5,34],[-4,35],[-5,35],[-4,35],[-8,69],[-4,34],[-3,35],[-3,34],[-3,34],[-3,34],[-3,35],[-4,67],[-4,67],[-2,66],[-1,33],[0,32],[0,33],[1,32],[0,32],[4,103],[6,101],[7,100],[9,99],[11,97],[12,96],[15,95],[16,94],[17,92],[19,92],[20,90],[22,89],[23,89],[25,87],[26,86],[28,85],[28,84],[30,84],[31,82],[32,82],[33,80],[34,80],[35,79],[36,80],[37,78],[38,77],[39,76],[39,76],[40,76],[42,75],[41,75],[42,74],[43,73],[44,73],[44,73],[44,72],[45,73],[46,71],[45,72],[92,142],[47,70],[46,71],[47,71],[47,70],[47,70],[47,70],[47,70],[47,70],[48,71],[47,70],[46,71],[47,70],[46,71],[45,71],[46,71],[45,71],[45,72],[44,72],[44,72],[44,72],[43,73],[42,73],[41,74],[63,116],[61,115],[59,115],[56,115],[55,115],[53,116],[50,115],[49,115],[46,116],[45,115],[42,116],[41,115],[39,115],[37,116],[36,115],[33,115],[32,115],[31,116],[28,115],[27,115],[25,115],[24,115],[23,115],[20,114],[20,115],[17,114],[17,115],[15,114],[13,114],[12,113],[11,114],[10,114],[8,113],[7,113],[6,113],[5,113],[4,112],[2,112],[2,112],[0,112],[0,112],[-2,111],[-2,111],[-4,111],[-5,110],[-5,111],[-6,109],[-7,110],[-7,109],[-9,109],[-9,109],[-10,108],[-10,109],[-12,107],[-11,107],[-13,107],[-13,107],[-13,106],[-14,106],[-14,105],[-15,105],[-15,104],[-15,104],[-16,104],[-12,70],[-11,70],[-11,69],[-11,70],[-12,69],[-12,69],[-12,68],[-12,68],[-12,68],[-12,68],[-13,67],[-13,68],[-12,68],[-13,67],[-14,66],[-13,67],[-13,67],[-14,66],[-14,67],[-13,66],[-28,132],[-29,132],[-15,65],[-15,66],[-15,66],[-15,66],[-31,131],[-15,65],[-16,66],[-16,65],[-16,66],[-16,66],[-17,65],[-16,66],[-34,132],[-17,65],[-17,66],[-18,66],[-17,66],[-18,67],[-17,66],[-18,66],[-18,67],[-19,66],[-18,68],[-19,67],[-19,67],[-19,67],[-19,67],[-19,68],[-20,68],[-19,69],[-40,137],[-20,68],[-21,70],[-41,139],[-21,70],[-21,70],[-23,76],[-22,76],[-23,76],[-23,77],[-23,77],[-46,156],[-24,78],[-23,78],[-23,79],[-23,78],[-23,80],[-23,79],[-46,159],[-23,80],[-23,80],[-22,81],[-23,81],[-22,80],[-22,81],[-22,81],[-22,81],[-22,82],[-21,81],[-21,82],[-21,82],[-20,82],[-21,82],[-20,82],[-19,82],[-19,82],[-19,82],[-19,83],[-18,82],[-18,82],[-18,83],[-16,83],[-17,82],[-16,83],[-16,83],[-15,82],[-15,83],[-14,83],[-13,82],[-13,82],[-13,83],[-11,82],[-12,83],[-10,82],[-10,82],[-9,82],[-9,82],[-8,82],[-7,82],[-7,81],[-6,82],[-5,81],[-5,81],[-4,81],[-2,81],[-2,81],[-2,80],[0,81],[-1,3],[0,110],[1,7],[0,37],[0,3],[0,4],[1,3],[0,19],[0,4],[0,3],[1,4],[0,11],[1,7],[0,7],[1,7],[0,4]],[[98579,124571],[1,83],[0,84],[1,84],[1,84],[2,83],[1,85],[4,167],[1,84],[3,83],[2,84],[2,84],[2,84],[3,83],[3,84],[3,84],[2,83],[3,85],[4,83],[3,84],[3,83],[16,418],[3,84],[4,84],[3,84],[3,84],[6,167],[3,83],[3,84],[3,84],[3,84],[3,83],[2,84],[3,84],[3,83],[7,251],[5,251],[2,84],[1,84],[2,83],[0,84],[1,84],[1,167],[1,84],[0,84],[-1,83],[0,84],[-1,84],[-3,167],[-1,84],[-2,84],[-2,83],[-2,84],[-3,104],[-6,205],[-3,103],[-4,103],[-3,103],[-4,102],[-8,206],[-5,103],[-4,103],[-5,103],[-5,103],[-5,102],[-5,103],[-5,103],[-6,103],[-5,103],[-6,102],[-6,104],[-7,103],[-12,205],[-13,206],[-7,103],[-7,102],[-14,206],[-8,103],[-8,103],[-7,102],[-8,103],[-8,103],[-8,102],[-9,103],[-9,103],[-8,102],[-9,103],[-9,103],[-9,102],[-9,103],[-9,102],[-10,103],[-9,103],[-10,102],[-10,103],[-10,102],[-10,103],[-10,103],[-11,102],[-10,102],[-11,103],[-11,102],[-11,103],[-11,102],[-11,102],[-11,103],[-11,103],[-12,102],[-12,102],[-11,102],[-12,102],[-12,103],[-10,84],[-10,84],[-10,86],[-11,85],[-11,87],[-11,86],[-11,87],[-11,87],[-12,88],[-11,87],[-11,89],[-11,88],[-11,88],[-10,89],[-10,89],[-19,178],[-9,90],[-8,89],[-16,179],[-13,179],[-4,89],[-5,89],[-4,90],[-2,89],[-2,89],[-1,88],[1,89],[1,88],[3,88],[4,88],[5,88],[6,87],[8,87],[9,86],[10,87],[12,86],[13,85],[15,85],[17,84],[18,84],[21,84],[22,83],[23,82],[26,81],[27,81],[30,81],[31,80],[34,78],[36,79],[38,77],[40,77],[42,76],[45,75],[47,75],[49,73],[52,72],[55,72],[57,70],[60,70],[62,68],[65,68],[6,6],[18,16],[6,6],[6,6],[7,5],[12,11],[8,6],[6,5],[8,6],[7,5],[15,11],[7,5],[8,6],[8,5],[8,5],[8,5],[8,5],[8,5],[8,5],[9,5],[8,5],[8,4],[9,5],[8,5],[17,9],[9,4],[17,9],[9,4],[9,4],[17,8],[9,4],[9,4],[17,7],[9,3],[9,3],[8,3],[9,4],[9,2],[9,3],[8,3],[17,5],[9,2],[8,2],[9,2],[16,4],[25,5],[15,2],[8,1],[8,1],[8,0],[7,1],[53,1],[52,0],[51,-2],[51,-4],[50,-6],[48,-7],[48,-9],[48,-11],[46,-13],[46,-14],[45,-15],[44,-17],[44,-19],[43,-19],[42,-22],[42,-23],[41,-24],[40,-25],[40,-26],[39,-28],[39,-29],[38,-30],[38,-30],[37,-32],[37,-33],[36,-34],[36,-34],[36,-36],[35,-36],[34,-37],[35,-37],[34,-39],[33,-39],[34,-39],[66,-81],[32,-41],[66,-83],[32,-42],[32,-42],[31,-43],[32,-42],[63,-86],[32,-43],[31,-44],[31,-43],[32,-43],[32,-43],[31,-43],[63,-85],[32,-42],[32,-41],[32,-42],[32,-41],[32,-40],[32,-41],[33,-40],[33,-39],[33,-38],[34,-38],[33,-37],[5,-6],[12,-12],[5,-6],[6,-6],[6,-6],[13,-12],[6,-5],[14,-12],[7,-6],[7,-6],[7,-6],[8,-6],[14,-11],[15,-12],[16,-11],[8,-6],[8,-5],[8,-6],[8,-5],[8,-6],[9,-5],[8,-5],[8,-5],[9,-6],[8,-5],[8,-5],[9,-5],[8,-4],[9,-5],[9,-5],[8,-5],[17,-9],[9,-4],[9,-4],[8,-4],[9,-4],[8,-4],[9,-4],[18,-7],[8,-3],[9,-3],[8,-4],[8,-3],[9,-3],[8,-3],[8,-2],[8,-4],[17,-5],[8,-2],[8,-2],[7,-2],[8,-1],[8,-2],[8,-1],[7,-1],[99,-13],[96,-7],[93,0],[90,7],[87,12],[83,18],[81,25],[77,30],[75,35],[72,41],[69,46],[66,51],[64,56],[61,61],[59,65],[56,70],[54,74],[52,79],[49,83],[47,86],[46,90],[42,94],[41,97],[39,101],[37,104],[36,107],[33,110],[32,112],[30,114],[28,118],[27,119],[26,122],[24,123],[23,125],[22,127],[20,129],[19,129],[18,131],[17,133],[16,132],[14,134],[15,134],[13,135],[13,135],[12,135],[12,135],[10,135],[10,135],[10,134],[10,134],[9,132],[9,132],[9,131],[8,130],[9,128],[8,127],[9,125],[9,123],[9,122],[9,119],[10,117],[9,115],[10,112],[11,109],[4,33],[4,32],[4,33],[8,64],[4,32],[5,32],[5,32],[5,32],[5,32],[5,32],[11,63],[5,31],[6,32],[6,31],[6,32],[5,31],[6,32],[6,31],[6,31],[6,31],[7,31],[6,32],[12,62],[6,31],[13,62],[6,30],[6,31],[6,31],[13,62],[6,31],[6,31],[6,31],[6,30],[5,31],[11,63],[6,31],[5,31],[6,31],[5,31],[5,31],[5,31],[4,31],[5,31],[4,31],[5,31],[4,32],[4,31],[3,31],[3,32],[4,32],[3,31],[3,32],[2,31],[3,32],[2,32],[2,32],[2,31],[1,32],[1,36],[3,73],[1,36],[3,112],[1,37],[0,38],[1,37],[1,38],[0,38],[0,38],[0,38],[1,38],[0,233],[-1,78],[0,39],[0,39],[-1,39],[0,40],[0,39],[-1,39],[0,40],[-1,39],[0,40],[-1,39],[0,39],[-1,39],[0,40],[-1,39],[-1,39],[0,39],[-1,40],[0,39],[-1,39],[-1,39],[0,40],[-1,38],[0,39],[-1,39],[-1,38],[0,39],[-1,38],[0,38],[0,38],[-1,38],[0,38],[-1,37],[0,38],[0,38],[-1,37],[0,36],[0,269],[-1,10],[0,48],[0,10],[0,231],[0,11],[1,10],[0,62],[0,10],[1,10],[0,40],[0,9],[1,10],[0,19],[0,9],[1,9],[0,17],[0,17],[0,109],[0,21],[0,45],[0,23],[0,642],[0,35],[0,377],[0,41],[0,906],[1,50]],[[104886,153343],[754,-5],[754,-4],[2262,-13],[1507,-9],[754,-5],[754,-4],[1508,-9],[1508,-9],[1507,-9],[1508,-9],[754,-5],[754,-4],[1508,-9],[1508,-9],[1507,-9],[754,-5],[755,-4],[1508,-9],[1507,-9],[1508,-9],[1508,-9],[754,-5],[754,-4],[1507,-10],[1508,-9],[1507,-9],[755,-4],[754,-5],[754,-4],[754,-4],[1507,-9],[754,-4],[2263,-14],[753,-4],[754,-5],[1508,-9],[1507,-9],[1509,-9],[1507,-9],[754,-4]],[[340894,137574],[0,0],[-29,-81],[-28,-80],[-28,-81],[-28,-81],[-28,-80],[-28,-80],[-28,-80],[-27,-80],[-28,-80],[-27,-80],[-81,-237],[-27,-78],[-27,-78],[-26,-79],[-26,-77],[-26,-77],[-26,-77],[-25,-77],[-26,-76],[-24,-76],[-25,-75],[-25,-75],[-24,-74],[-24,-74],[-24,-73],[-24,-73],[-23,-73],[-23,-72],[-22,-71],[-22,-70],[-22,-70],[-22,-69],[-21,-69],[-21,-68],[-21,-67],[-20,-67],[-20,-66],[-19,-65],[-20,-64],[-18,-64],[-18,-63],[-19,-62],[-17,-61],[-17,-60],[-17,-59],[-16,-59],[-16,-57],[-15,-57],[-15,-56],[-14,-55],[-14,-53],[-13,-53],[-13,-52],[-12,-51],[-12,-49],[-11,-49],[-11,-47],[-10,-47],[-10,-45],[-9,-44],[-8,-43],[-9,-42],[-3,-16],[-2,-9],[-1,-8],[-2,-9],[-2,-8],[-2,-9],[-2,-9],[-2,-9],[-2,-9],[-1,-9],[-3,-9],[-2,-10],[-2,-9],[-4,-19],[-3,-10],[-2,-10],[-3,-9],[-2,-10],[-2,-10],[-3,-10],[-2,-10],[-2,-10],[-6,-20],[-2,-11],[-3,-10],[-2,-10],[-3,-10],[-2,-10],[-7,-20],[-8,-30],[-3,-10],[-3,-10],[-3,-10],[-3,-10],[-3,-10],[-3,-9],[-3,-10],[-3,-10],[-6,-19],[-3,-9],[-7,-19],[-6,-18],[-4,-8],[-6,-17],[-4,-9],[-3,-8],[-6,-16],[-4,-8],[-3,-8],[-3,-8],[-8,-15],[-3,-7],[-22,-40],[-22,-39],[-22,-39],[-23,-37],[-24,-37],[-24,-37],[-24,-36],[-25,-35],[-25,-35],[-26,-33],[-26,-34],[-27,-32],[-27,-32],[-27,-32],[-27,-31],[-28,-31],[-28,-30],[-28,-30],[-29,-29],[-29,-29],[-29,-29],[-59,-56],[-29,-28],[-60,-54],[-30,-26],[-30,-27],[-31,-26],[-30,-26],[-30,-26],[-91,-77],[-30,-25],[-31,-26],[-30,-25],[-31,-25],[-29,-25],[-31,-26],[-30,-25],[-29,-26],[-30,-25],[-30,-25],[-29,-26],[-29,-25],[-29,-26],[-29,-26],[-28,-27],[-56,-53],[-28,-27],[-27,-27],[-27,-27],[-26,-28],[-27,-28],[-25,-29],[-26,-29],[-25,-29],[-24,-30],[-48,-61],[-23,-31],[-23,-32],[-21,-31],[-22,-32],[-20,-31],[-21,-32],[-20,-32],[-20,-32],[-19,-33],[-19,-32],[-18,-32],[-19,-33],[-17,-33],[-17,-33],[-17,-33],[-17,-34],[-16,-33],[-16,-34],[-15,-34],[-16,-34],[-15,-34],[-14,-34],[-15,-34],[-14,-35],[-13,-35],[-14,-35],[-13,-35],[-13,-35],[-13,-36],[-12,-36],[-12,-36],[-12,-36],[-11,-36],[-12,-37],[-12,-36],[-11,-37],[-11,-37],[-10,-37],[-10,-37],[-11,-38],[-10,-38],[-10,-38],[-10,-38],[-10,-38],[-10,-39],[-9,-38],[-9,-39],[-9,-39],[-10,-39],[-18,-79],[-9,-40],[-8,-40],[-9,-41],[-9,-40],[-8,-41],[-9,-41],[-8,-41],[-26,-125],[-9,-42],[-8,-42],[-8,-42],[-9,-43],[-9,-43],[-11,-61],[-11,-60],[-11,-60],[-10,-61],[-9,-60],[-9,-61],[-9,-60],[-8,-61],[-8,-61],[-8,-60],[-7,-61],[-8,-61],[-6,-60],[-7,-61],[-12,-121],[-6,-61],[-6,-61],[-5,-60],[-11,-121],[-5,-61],[-5,-61],[-11,-121],[-6,-61],[-5,-60],[-5,-61],[-5,-60],[-6,-61],[-6,-60],[-5,-60],[-6,-61],[-6,-60],[-7,-60],[-6,-60],[-7,-60],[-7,-60],[-8,-60],[-8,-60],[-8,-60],[-9,-60],[-8,-60],[-10,-59],[-9,-60],[-11,-59],[-10,-60],[-11,-59],[-12,-59],[-12,-59],[-13,-59],[-14,-59],[-14,-59],[-14,-58],[-16,-59],[-16,-58],[-16,-59],[-18,-58],[-18,-58],[-19,-58],[-19,-58],[-21,-58],[-21,-58],[-23,-57],[-3,-9],[-3,-8],[-4,-8],[-6,-17],[-4,-8],[-3,-8],[-3,-9],[-3,-8],[-4,-8],[-3,-9],[-7,-16],[-7,-17],[-12,-34],[-4,-8],[-4,-9],[-3,-8],[-3,-9],[-4,-8],[-3,-9],[-4,-8],[-3,-9],[-8,-17],[-6,-17],[-7,-17],[-3,-8],[-8,-17],[-3,-9],[-3,-8],[-4,-9],[-7,-17],[-3,-9],[-4,-9],[-3,-8],[-4,-9],[-3,-9],[-4,-8],[-3,-9],[-4,-9],[-4,-9],[-3,-8],[-3,-9],[-4,-9],[-3,-9],[-4,-8],[-3,-9],[-4,-9],[-4,-9],[-3,-8],[-3,-9],[-4,-9],[-3,-9],[-4,-9],[-3,-9]],[[335982,124091],[-27,-67],[-28,-68],[-27,-67],[-28,-67],[-28,-68],[-28,-68],[-29,-68],[-28,-68],[-29,-69],[-29,-69],[-29,-68],[-30,-69],[-30,-68],[-30,-69],[-30,-68],[-31,-69],[-30,-69],[-32,-68],[-31,-69],[-32,-68],[-32,-68],[-33,-68],[-33,-68],[-33,-68],[-33,-67],[-34,-67],[-35,-67],[-34,-67],[-36,-66],[-35,-66],[-36,-66],[-36,-66],[-37,-65],[-37,-65],[-38,-64],[-37,-64],[-39,-63],[-39,-64],[-40,-62],[-39,-62],[-41,-62],[-41,-61],[-41,-60],[-42,-60],[-42,-60],[-43,-59],[-44,-58],[-44,-58],[-44,-56],[-45,-57],[-46,-55],[-46,-55],[-46,-54],[-48,-53],[-48,-53],[-49,-51],[-49,-51],[-50,-50],[-50,-49],[-51,-48],[-52,-48],[-52,-46],[-53,-46],[-54,-44],[-63,-53],[-63,-52],[-60,-52],[-59,-51],[-58,-51],[-56,-50],[-54,-50],[-54,-50],[-51,-50],[-51,-49],[-49,-49],[-48,-49],[-46,-49],[-45,-48],[-45,-49],[-43,-48],[-41,-48],[-41,-48],[-40,-47],[-39,-48],[-37,-48],[-37,-48],[-35,-48],[-35,-47],[-34,-48],[-33,-48],[-32,-47],[-31,-48],[-30,-48],[-30,-49],[-30,-48],[-28,-49],[-28,-48],[-27,-49],[-26,-49],[-27,-50],[-25,-49],[-25,-50],[-25,-51],[-24,-50],[-24,-51],[-23,-52],[-23,-52],[-23,-52],[-23,-52],[-22,-54],[-22,-53],[-22,-54],[-22,-54],[-21,-55],[-22,-57],[-21,-56],[-21,-57],[-22,-57],[-22,-58],[-22,-59],[-21,-59],[-22,-60],[-22,-61],[-22,-62],[-23,-62],[-22,-63],[-23,-64],[-24,-65],[-60,-167],[-62,-167],[-63,-166],[-64,-166],[-64,-165],[-66,-165],[-67,-163],[-67,-164],[-68,-162],[-70,-162],[-69,-162],[-70,-161],[-71,-160],[-72,-160],[-72,-159],[-72,-159],[-73,-159],[-73,-158],[-74,-158],[-73,-157],[-74,-157],[-74,-156],[-74,-156],[-74,-155],[-74,-155],[-74,-155],[-74,-154],[-74,-154],[-74,-154],[-73,-154],[-73,-152],[-73,-153],[-72,-152],[-72,-153],[-72,-151],[-71,-152],[-70,-152],[-69,-151],[-70,-151],[-68,-151],[-67,-151],[-67,-151],[-66,-150],[-64,-150],[-64,-150],[-63,-150],[-61,-149],[-61,-150],[-59,-150],[-58,-150],[-57,-149],[-56,-150],[-53,-149],[-53,-149],[-51,-149],[-50,-150],[-48,-149],[-47,-149],[-44,-150],[-43,-149],[-41,-150],[-40,-150],[-37,-150],[-36,-149],[-4,-17],[-3,-16],[-3,-17],[-4,-17],[-4,-16],[-3,-17],[-3,-17],[-3,-17],[-3,-16],[-3,-18],[-3,-17],[-3,-17],[-3,-17],[-3,-16],[-3,-17],[-2,-17],[-3,-17],[-3,-17],[-2,-17],[-5,-34],[-3,-17],[-4,-34],[-2,-17],[-4,-34],[-2,-17],[-2,-17],[-2,-16],[-2,-17],[-4,-34],[-2,-17],[-1,-17],[-2,-16],[-2,-17],[-1,-17],[-2,-17],[-3,-33],[-3,-33],[-1,-16],[-2,-17],[-2,-16],[-1,-16],[-1,-16],[-1,-16],[-2,-17],[-1,-16],[-3,-32],[-1,-15],[-1,-16],[-1,-16],[-1,-15],[-1,-16],[-2,-15],[-2,-31],[-1,-15],[-2,-30],[-4,-57],[-4,-58],[-3,-56],[-2,-56],[-2,-56],[-1,-54],[-1,-55],[1,-54],[1,-54],[2,-53],[1,-54],[3,-52],[3,-52],[4,-52],[4,-52],[5,-51],[6,-51],[6,-50],[12,-100],[7,-51],[7,-49],[9,-49],[7,-49],[9,-48],[8,-49],[9,-48],[9,-48],[10,-48],[9,-48],[10,-48],[9,-48],[10,-47],[21,-95],[11,-47],[10,-47],[11,-46],[10,-47],[11,-47],[11,-47],[11,-47],[10,-47],[11,-46],[10,-47],[11,-47],[10,-46],[10,-47],[10,-47],[10,-47],[10,-47],[9,-48],[9,-47],[9,-47],[17,-95],[8,-48],[8,-48],[7,-48],[7,-48],[7,-49],[6,-49],[6,-49],[5,-49],[5,-41],[3,-42],[4,-41],[6,-82],[3,-42],[3,-41],[2,-42],[2,-41],[2,-43],[1,-41],[2,-42],[1,-42],[1,-42],[0,-42],[0,-42],[0,-84],[0,-42],[-1,-42],[-2,-84],[-1,-42],[-6,-126],[-2,-43],[-2,-42],[-3,-42],[-3,-42],[-6,-84],[-4,-43],[-3,-42],[-5,-42],[-8,-84],[-4,-42],[-5,-42],[-10,-84],[-6,-42],[-5,-42],[-6,-41],[-6,-42],[-6,-42],[-6,-42],[-7,-41],[-7,-42],[-6,-41],[-8,-42],[-7,-41],[-7,-41],[-8,-42],[-15,-82],[-8,-41],[-8,-41],[-9,-41],[-8,-41],[-17,-81],[-18,-81],[-8,-30],[-7,-31],[-8,-30],[-8,-30],[-8,-30],[-8,-30],[-9,-30],[-9,-30],[-9,-29],[-9,-30],[-9,-29],[-9,-29],[-9,-29],[-10,-29],[-10,-29],[-10,-29],[-10,-29],[-9,-28],[-10,-29],[-11,-28],[-21,-57],[-10,-29],[-10,-28],[-11,-28],[-11,-29],[-10,-28],[-22,-56],[-11,-28],[-10,-28],[-11,-28],[-22,-56],[-10,-28],[-21,-56],[-11,-28],[-10,-28],[-21,-57],[-11,-28],[-20,-56],[-10,-28],[-10,-29],[-10,-28],[-10,-28],[-10,-29],[-19,-57],[-9,-28],[-9,-29],[-9,-29],[-9,-28],[-17,-58],[-17,-59],[-8,-29],[-8,-30],[-21,-88]],[[326808,98158],[-450,-3],[-450,-3],[-449,-2],[-449,-3],[-2697,-15],[-449,-2],[-900,-5],[-1348,-8],[-449,-2],[-899,-5],[-900,-5],[-449,-3],[-449,-2],[-1798,-10],[-450,-3],[-450,-2],[-449,-3],[-449,-3],[-450,-2],[-449,-3],[-450,-3],[-449,-2],[-450,-3],[-450,-2],[-1797,-10],[-450,-3],[-449,-2],[-900,-5],[-1348,-8],[-449,-2],[-899,-5],[-900,-5],[-449,-3],[-449,-2],[-2247,-13],[-450,-2],[-449,-3],[-449,-3],[-450,-2]],[[298041,97996],[-1,99],[0,4],[-1,95],[0,100],[0,100],[-1,99],[0,99],[-1,100],[0,99],[-1,99],[0,100],[-1,99],[0,99],[-1,99],[0,100],[0,100],[-1,198],[-1,99],[0,100],[-1,99],[0,99],[-1,199],[-1,100],[0,99],[0,99],[-1,100],[0,99],[-1,89],[0,11],[0,99],[0,44],[-1,55],[-1,199],[0,100],[-1,99],[0,91],[0,9],[0,99],[-1,99],[0,85],[0,15],[-1,99],[0,99],[-1,100],[0,92],[0,7],[-1,100],[0,99],[-1,199],[0,21],[0,78],[-1,99],[0,97],[0,3],[-1,99],[0,99],[-1,99],[0,100],[-1,100],[0,59],[0,40],[0,99],[-1,99],[0,100],[-1,99],[0,100],[-1,99],[0,99],[-1,100],[0,8],[0,9],[-1,8],[0,8],[-1,9],[-1,9],[-2,17],[0,8],[-2,9],[-2,9],[-3,17],[-5,18],[-2,8],[-2,9],[-5,18],[-3,8],[-3,9],[-3,9],[-3,8],[-3,9],[-4,8],[-3,9],[-3,9],[-4,8],[-3,9],[-4,8],[-4,8],[-9,16],[-4,8],[-9,16],[-5,8],[-4,8],[-5,8],[-15,22],[-5,8],[-5,7],[-16,21],[-6,6],[-5,7],[-12,13],[-6,6],[-12,12],[-5,6],[-7,5],[-6,5],[-6,6],[-13,10],[-6,4],[-7,5],[-7,4],[-6,4],[-36,21],[-35,21],[-35,20],[-36,19],[-71,38],[-36,18],[-36,18],[-36,18],[-37,17],[-36,17],[-36,17],[-36,16],[-37,16],[-37,15],[-37,16],[-37,15],[-36,15],[-37,14],[-37,15],[-37,14],[-37,15],[-37,14],[-37,14],[-37,15],[-37,14],[-37,13],[-37,14],[-37,14],[-38,14],[-37,13],[-37,14],[-37,14],[-37,14],[-37,14],[-37,14],[-37,14],[-37,14],[-37,15],[-109,45],[-74,31],[-36,16],[-37,16],[-36,16],[-36,17],[-36,17],[-71,35],[-36,18],[-35,19],[-36,19],[-36,19],[-35,20],[-34,21],[-35,21],[-35,21],[-34,22],[-35,23],[-34,23],[-34,23],[-34,24]],[[295448,105916],[-7,1430],[-2,476],[-2,476],[-3,476],[-1,477],[-5,953],[-2,475],[-2,476],[-9,1906],[-2,476],[-3,476],[-9,1906],[-2,476],[-2,476],[-2,477],[-2,476],[-2,477],[-2,476],[-2,476],[-3,476],[-9,1906],[-2,477],[-2,476],[-5,952],[-2,476],[-2,477],[-4,953],[-2,476],[-2,476],[-3,476],[-2,477],[-5,953],[-4,952],[-2,476],[-2,477],[-5,953],[-1,476],[-3,476],[-2,476],[-2,477],[-5,953],[-4,952],[-3,476],[-1,477],[-3,476],[0,9],[0,34],[-1,9],[0,9],[0,19],[-1,19],[0,19],[0,10],[-1,9],[0,10],[-1,10],[0,10],[-1,11],[0,10],[-1,10],[0,10],[-1,11],[0,10],[-1,11],[-1,10],[0,10],[-2,21],[0,11],[-1,10],[-3,32],[0,10],[-2,21],[-1,10],[-3,32],[-1,10],[-1,10],[-2,20],[-1,10],[-2,21],[-1,10],[-1,9],[-1,10],[-2,9],[-2,19],[-2,9],[-1,9],[0,9],[-2,9],[-3,17],[-1,8],[-1,9],[-3,16],[-8,46],[-8,46],[-9,46],[-9,46],[-10,46],[-10,45],[-10,46],[-10,47],[-11,46],[-11,46],[-11,45],[-11,46],[-12,46],[-12,46],[-12,45],[-13,46],[-12,45],[-14,46],[-13,46],[-27,91],[-14,45],[-14,46],[-14,45],[-15,46],[-14,45],[-15,45],[-15,45],[-15,46],[-15,45],[-15,45],[-16,46],[-15,45],[-16,45],[-16,44],[-31,90],[-16,45],[-16,44],[-17,45],[-16,45],[-16,45],[-16,44],[-16,45],[-17,44],[-16,44],[-16,45],[-16,44],[-17,44],[-16,44],[-17,44],[-16,44],[-16,44],[-16,44],[-16,44],[-16,43],[-16,44],[-32,87],[-16,43],[-16,44],[-15,43],[-16,44],[-15,43],[-18,52],[-19,54],[-18,56],[-19,57],[-19,58],[-20,60],[-19,60],[-20,62],[-20,63],[-20,65],[-21,65],[-20,66],[-21,67],[-21,68],[-21,69],[-21,71],[-21,71],[-21,71],[-21,73],[-21,72],[-22,74],[-21,74],[-22,75],[-21,75],[-43,152],[-21,77],[-22,77],[-21,78],[-22,77],[-21,78],[-21,78],[-21,78],[-21,78],[-21,79],[-21,78],[-21,78],[-20,78],[-21,79],[-20,78],[-20,77],[-20,78],[-19,78],[-20,77],[-19,76],[-19,77],[-37,151],[-18,75],[-18,74],[-18,74],[-17,73],[-17,72],[-17,71],[-16,72],[-16,70],[-16,69],[-15,68],[-15,67],[-15,66],[-14,65],[-13,65],[-14,63],[-13,62],[-1,8],[-1,5],[-1,4],[-1,4],[-1,4],[0,5],[-1,4],[-1,4],[-1,5],[-1,4],[0,4],[-2,9],[0,5],[-2,9],[-1,9],[-2,9],[0,5],[-1,4],[-1,5],[-1,5],[0,9],[-2,10],[-1,4],[0,5],[-2,10],[0,5],[-1,5],[-2,10],[-1,10],[-1,10],[0,5],[-1,10],[-1,5],[-1,10],[-2,10],[0,5],[-1,5],[-1,5],[0,5],[-1,6],[-1,5],[0,10],[-1,11],[-2,10],[-1,11],[-1,5]],[[293079,144744],[685,-2],[685,-2],[684,-3],[685,-2],[685,-2],[685,-3],[685,-2],[1369,-5],[685,-2],[1370,-5],[685,-2],[685,-2],[685,-3],[1369,-4],[685,-2],[685,-3],[685,-2],[1370,-5],[685,-2],[1369,-5],[685,-2],[685,-2],[685,-3],[685,-2],[684,-2],[685,-3],[1370,-4],[1370,-5],[685,-2],[1370,-5],[684,-2],[1370,-5],[684,-2],[1370,-5],[685,-2],[1370,-5],[1370,-4],[685,-2],[684,-3],[685,-2],[685,-2],[685,-3],[684,-2],[1370,-5],[685,-2],[1370,-5],[685,-2],[685,-2],[684,-3],[685,-2],[8,0],[7,0],[8,-1],[7,0],[7,-1],[15,-2],[15,-4],[22,-6],[7,-3],[7,-2],[8,-3],[14,-6],[15,-7],[6,-3],[8,-4],[6,-4],[7,-4],[7,-4],[6,-4],[14,-9],[6,-5],[7,-4],[6,-5],[6,-6],[6,-5],[6,-5],[12,-11],[6,-6],[5,-6],[11,-12],[10,-13],[5,-6],[5,-6],[4,-7],[5,-7],[4,-6],[13,-21],[3,-8],[3,-7],[4,-7],[3,-7],[6,-15],[4,-15],[5,-15],[2,-8],[1,-8],[2,-8],[1,-8],[1,-8],[10,-104],[7,-104],[2,-104],[-2,-103],[-5,-103],[-10,-103],[-13,-102],[-16,-101],[-19,-102],[-22,-101],[-26,-101],[-28,-101],[-31,-100],[-33,-100],[-35,-100],[-38,-100],[-41,-99],[-42,-99],[-43,-99],[-46,-100],[-47,-98],[-49,-99],[-50,-99],[-51,-98],[-52,-99],[-53,-98],[-53,-98],[-54,-98],[-55,-99],[-55,-98],[-55,-98],[-55,-98],[-56,-98],[-54,-99],[-55,-98],[-54,-99],[-53,-98],[-53,-98],[-52,-99],[-50,-99],[-49,-99],[-48,-99],[-46,-99],[-46,-100],[-43,-100],[-41,-99],[-39,-100],[-37,-101],[-35,-100],[-32,-102],[-30,-101],[-27,-101],[-24,-102],[-20,-102],[-18,-103],[-15,-102],[-12,-103],[-7,-104],[-4,-103],[0,-105],[3,-105],[8,-105],[13,-105],[16,-107],[2,-8],[1,-7],[2,-8],[5,-15],[2,-8],[3,-7],[9,-23],[7,-14],[4,-7],[4,-7],[4,-7],[9,-14],[5,-6],[5,-7],[4,-6],[6,-6],[5,-7],[5,-6],[6,-6],[5,-6],[6,-5],[5,-6],[6,-6],[6,-5],[13,-11],[12,-10],[7,-5],[6,-4],[14,-9],[7,-5],[7,-4],[7,-4],[7,-4],[7,-4],[15,-7],[7,-3],[7,-3],[8,-4],[7,-2],[7,-3],[16,-5],[15,-4],[7,-2],[8,-1],[15,-3],[8,-1],[8,-1],[8,-1],[8,-1],[15,-1],[8,0],[82,1],[83,0],[82,1],[83,0],[166,1],[82,1],[83,0],[83,1],[83,0],[82,1],[83,0],[82,1],[83,0],[82,0],[83,1],[83,0],[82,0],[83,1],[82,0],[83,1],[83,0],[165,1],[83,1],[82,0],[83,1],[82,0],[83,1],[82,0],[83,1],[83,0],[83,1],[82,0],[83,1],[82,0],[83,1],[82,0],[83,0],[83,1],[83,0],[82,0],[83,1],[83,0],[83,1],[82,0],[83,1],[82,0],[83,1],[82,0],[83,1],[83,0],[83,1],[82,0],[166,1],[82,1],[83,0],[82,1],[83,0],[83,1],[82,0],[83,0],[83,1]],[[96423,95447],[-39,0],[0,-1],[-351,-14],[-349,-15],[-350,-17],[-350,-17],[-349,-17],[-350,-20],[-350,-19],[-349,-20],[-350,-20],[-349,-22],[-349,-22],[-350,-23],[-349,-23],[-350,-25],[-349,-24],[-349,-26],[-349,-26],[-349,-26],[-349,-27],[-349,-28],[-349,-28],[-349,-29],[-349,-29],[-349,-30],[-349,-30],[-349,-31],[-349,-31],[-349,-31],[-349,-31],[-697,-64],[-349,-33],[-349,-33],[-349,-33],[-348,-34],[-349,-33],[-349,-34],[-349,-34],[-349,-35],[-349,-34],[-349,-35],[-349,-35],[-349,-35],[-349,-35],[-349,-35],[-116,-12],[-232,-23],[-349,-35],[-349,-35],[-349,-35],[-349,-35],[-233,-24],[-116,-12],[-349,-35],[-349,-35],[-350,-35],[-219,-22],[-130,-13],[-349,-35],[-349,-35],[-350,-34],[-349,-34],[-349,-34],[-350,-34],[-349,-34],[-350,-33],[-350,-34],[-23,0],[0,6],[0,4],[0,3],[-1,5],[-1,3],[0,2],[-1,3],[-1,6],[-2,7],[-1,3],[-2,7],[-1,3],[-1,4],[-1,4],[-1,3],[-4,12],[-2,5],[-1,4],[-2,4],[-1,4],[-2,5],[-1,4],[-4,9],[-1,5],[-4,10],[-2,4],[-1,5],[-2,6],[-5,10],[-2,5],[-2,6],[-2,5],[-2,5],[-7,16],[-6,17],[-6,12],[-4,11],[-6,12],[-16,36],[-3,6],[-72,161],[-72,161],[-73,161],[-73,160],[-73,160],[-74,159],[-73,159],[-75,159],[-74,158],[-76,157],[-75,157],[-76,157],[-76,156],[-77,156],[-78,155],[-77,155],[-79,154],[-78,153],[-80,153],[-79,152],[-81,152],[-80,151],[-82,151],[-82,150],[-82,149],[-83,150],[-84,148],[-85,147],[-85,147],[-85,147],[-86,145],[-87,145],[-88,145],[-88,143],[-89,143],[-90,143],[-90,141],[-92,141],[-92,140],[-92,140],[-94,138],[-94,138],[-95,137],[-96,137],[-97,136],[-98,134],[-98,135],[-100,133],[-100,132],[-101,131],[-102,131],[-103,130],[-104,129],[-105,128],[-105,128],[-107,127],[-108,125],[-109,125],[-109,124],[-111,123],[-112,122],[-113,121],[-114,120],[-115,119],[-32,34],[-33,33],[-33,34],[-67,67],[-33,34],[-34,34],[-67,68],[-34,34],[-35,34],[-34,34],[-34,34],[-35,33],[-34,34],[-35,34],[-34,34],[-35,34],[-35,34],[-35,34],[-35,34],[-36,34],[-35,35],[-36,34],[-35,34],[-35,34],[-72,68],[-36,34],[-36,34],[-35,35],[-36,34],[-37,34],[-36,34],[-36,35],[-72,68],[-36,35],[-37,34],[-73,68],[-36,34],[-37,34],[-36,35],[-37,34],[-36,34],[-37,34],[-37,35],[-36,34],[-37,34],[-36,34],[-37,35],[-37,34],[-37,34],[-36,35],[-74,68],[-73,69],[-37,34],[-37,34],[-36,34],[-37,34],[-36,34],[-110,104],[-110,104],[-110,105],[-110,107],[-110,108],[-110,109],[-110,110],[-110,111],[-110,112],[-110,113],[-110,114],[-110,114],[-110,115],[-110,116],[-110,117],[-110,118],[-110,118],[-111,118],[-110,119],[-221,239],[-111,120],[-111,121],[-110,120],[-111,121],[-112,120],[-111,122],[-111,120],[-111,121],[-112,121],[-111,121],[-112,120],[-112,120],[-112,120],[-113,121],[-224,238],[-113,118],[-113,118],[-113,118],[-113,116],[-114,116],[-113,116],[-114,115],[-114,114],[-114,113],[-115,112],[-114,111],[-115,110],[-115,109],[-116,108],[-115,107],[-116,107],[-116,104],[-116,103],[-117,101],[-116,101],[-117,99],[-118,97],[-117,96],[-118,95],[-118,93],[-119,91],[-119,89],[-60,44],[-60,44],[-60,43],[-60,43],[-60,42],[-61,42],[-60,41],[-61,40],[-60,40],[-60,39],[-61,38],[-61,39],[-60,37],[-61,37],[-61,37],[-62,36],[-61,35],[-61,35],[-62,35],[-61,34],[-62,35],[-62,33],[-63,34],[-62,32],[-63,33],[-63,32],[-63,31],[-63,32],[-64,31],[-63,30],[-65,31],[-64,30],[-64,30],[-65,30],[-66,30],[-65,29],[-66,29],[-66,29],[-66,29],[-67,29],[-67,28],[-67,28],[-68,29],[-69,28],[-68,28],[-69,28],[-69,27],[-70,28],[-70,28],[-71,28],[-71,27],[-71,28],[-72,28],[-72,27],[-73,29],[-73,27],[-74,28],[-74,28],[-75,28],[-75,28],[-76,28],[-76,28],[-77,28],[-77,29],[-88,33],[-88,34],[-88,36],[-88,36],[-88,37],[-87,39],[-88,39],[-87,41],[-88,41],[-87,42],[-88,43],[-87,43],[-87,44],[-88,45],[-87,46],[-88,46],[-88,46],[-87,48],[-89,48],[-88,48],[-88,48],[-88,49],[-89,49],[-89,50],[-89,49],[-89,50],[-90,50],[-90,51],[-90,50],[-91,50],[-90,50],[-92,50],[-92,50],[-92,50],[-92,50],[-93,49],[-93,50],[-94,49],[-94,49],[-95,48],[-95,48],[-96,47],[-96,47],[-97,47],[-97,45],[-98,45],[-99,45],[-99,45],[-100,43],[-100,42],[-102,42],[-101,41],[-103,39],[-104,39],[-104,38],[-105,37],[-105,36],[-107,35],[-107,34],[-108,32],[-109,31],[-110,31],[-111,28],[-111,28],[-141,32],[-141,31],[-141,30],[-141,28],[-141,27],[-140,26],[-140,24],[-140,24],[-140,23],[-139,23],[-139,22],[-139,21],[-139,21],[-137,20],[-138,21],[-136,20],[-137,21],[-135,20],[-136,21],[-134,21],[-134,22],[-133,22],[-133,23],[-132,23],[-131,25],[-130,25],[-129,27],[-129,28],[-127,29],[-127,30],[-126,32],[-124,34],[-124,36],[-123,37],[-121,40],[-121,41],[-119,43],[-118,46],[-117,48],[-116,50],[-114,53],[-113,56],[-112,59],[-110,61],[-109,65],[-108,67],[-106,71],[-105,74],[-103,78],[-101,81],[-100,85],[-99,89],[-96,92],[-95,96],[-94,100],[-91,105],[-90,109],[-88,113],[-86,118],[-85,122],[-82,128],[-81,131],[-79,136],[-76,142],[-26,51],[-26,51],[-25,51],[-24,52],[-24,52],[-23,52],[-22,52],[-22,53],[-22,53],[-21,53],[-20,54],[-20,53],[-20,54],[-19,55],[-18,54],[-18,55],[-18,55],[-17,55],[-17,56],[-16,55],[-17,56],[-15,56],[-16,56],[-15,56],[-15,57],[-14,56],[-14,57],[-14,57],[-14,58],[-13,57],[-14,57],[-13,58],[-12,58],[-13,57],[-13,58],[-12,58],[-12,58],[-12,59],[-12,58],[-12,58],[-12,59],[-23,117],[-12,58],[-12,59],[-12,59],[-11,59],[-12,59],[-12,59],[-11,59],[-12,58],[-12,59],[-12,60],[-12,58],[-13,59],[-12,59],[-13,59],[-13,58],[-12,59],[-14,59],[-13,58],[-14,59],[-13,59],[-15,58],[-18,75],[-20,77],[-20,77],[-21,77],[-22,79],[-23,79],[-24,80],[-24,80],[-25,81],[-26,82],[-27,82],[-27,82],[-27,83],[-29,83],[-28,84],[-30,83],[-30,84],[-30,85],[-30,84],[-31,84],[-32,85],[-31,84],[-33,85],[-32,85],[-32,84],[-33,84],[-33,84],[-33,84],[-34,84],[-33,83],[-34,83],[-33,82],[-34,82],[-33,82],[-34,81],[-33,80],[-34,80],[-33,80],[-33,78],[-33,78],[-33,77],[-32,76],[-32,76],[-32,74],[-32,74],[-31,73],[-31,71],[-30,71],[-30,70],[-29,68],[-29,67],[-29,66],[-28,64],[-27,64],[-27,62],[-26,61],[-25,59],[-25,58],[-24,56],[-23,55],[-22,53],[-22,51],[-20,50],[-20,48],[-26,62],[-25,60],[-27,60],[-27,59],[-27,59],[-27,58],[-28,57],[-29,57],[-29,56],[-29,56],[-29,55],[-30,55],[-31,54],[-31,54],[-31,53],[-31,53],[-32,53],[-65,104],[-33,52],[-33,51],[-33,51],[-34,50],[-34,51],[-34,50],[-35,50],[-35,50],[-35,50],[-36,49],[-35,49],[-36,50],[-37,49],[-36,49],[-74,98],[-37,49],[-37,49],[-38,49],[-37,49],[-38,49],[-39,49],[-38,50],[-38,49],[-39,50],[-39,50],[-39,50],[-39,50],[-39,51],[-39,50],[-40,51],[-39,52],[-40,51],[-40,52],[-40,52],[-40,53],[-40,53],[-40,54],[-41,54],[-40,54],[-40,55],[-40,55],[-41,56],[-81,113],[-27,37],[-26,39],[-27,37],[-53,76],[-26,39],[-26,38],[-53,78],[-26,39],[-26,40],[-26,39],[-52,79],[-25,40],[-26,40],[-26,40],[-26,40],[-26,40],[-25,40],[-26,40],[-26,41],[-51,81],[-51,81],[-26,41],[-26,41],[-25,41],[-26,40],[-26,41],[-25,41],[-26,41],[-26,41],[-25,41],[-26,41],[-26,41],[-26,40],[-25,41],[-26,41],[-26,41],[-26,41],[-26,40],[-25,41],[-52,81],[-27,40],[-26,40],[-26,40],[-52,80],[-27,41],[-26,40],[-26,39],[-27,40],[-26,39],[-27,39],[-27,40],[-54,78],[-27,38],[-27,39],[-27,38],[-27,39],[-32,44],[-33,45],[-32,44],[-32,44],[-32,43],[-32,44],[-97,129],[-32,42],[-32,43],[-32,43],[-32,42],[-32,42],[-32,42],[-32,42],[-32,41],[-32,42],[-32,41],[-32,42],[-31,41],[-32,41],[-32,41],[-95,124],[-31,41],[-32,41],[-31,40],[-31,41],[-32,41],[-31,41],[-31,41],[-31,41],[-62,83],[-31,41],[-31,41],[-30,41],[-31,42],[-31,41],[-30,42],[-30,41],[-61,84],[-30,42],[-30,43],[-30,42],[-30,42],[-30,43],[-30,42],[-29,43],[-30,43],[-29,44],[-29,43],[-29,44],[-29,44],[-29,44],[-29,45],[-29,45],[-28,45],[-29,45],[-28,46],[-28,46],[-18,29],[-36,60],[-18,30],[-17,30],[-17,31],[-18,30],[-17,32],[-17,31],[-17,31],[-33,63],[-17,31],[-16,32],[-17,32],[-16,32],[-16,32],[-16,33],[-16,32],[-16,33],[-16,33],[-32,65],[-15,33],[-16,33],[-16,33],[-15,33],[-16,34],[-15,33],[-16,33],[-16,33],[-31,67],[-15,33],[-32,67],[-15,33],[-31,68],[-16,33],[-16,33],[-15,33],[-16,34],[-16,33],[-16,33],[-16,33],[-16,33],[-16,33],[-16,33],[-16,32],[-17,33],[-16,32],[-17,33],[-16,33],[-17,32],[-34,64],[-17,31],[-17,32],[-17,32],[-18,31],[-17,31],[-36,62],[-47,82],[-48,82],[-49,82],[-49,82],[-49,82],[-50,82],[-51,82],[-51,83],[-51,83],[-52,82],[-52,83],[-53,82],[-53,83],[-54,83],[-54,83],[-54,83],[-55,82],[-56,83],[-55,83],[-56,83],[-57,83],[-56,82],[-58,83],[-57,82],[-58,83],[-58,82],[-58,83],[-59,82],[-59,82],[-59,81],[-60,82],[-60,82],[-60,82],[-60,81],[-61,81],[-61,81],[-61,81],[-61,81],[-61,80],[-62,80],[-62,80],[-62,80],[-62,79],[-62,80],[-63,79],[-63,79],[-63,78],[-63,78],[-63,77],[-63,78],[-63,77],[-63,77],[-64,76],[-63,76],[-64,76],[-64,75],[-63,75],[-64,74],[-64,75],[-64,73],[-64,74],[-127,145],[-64,72],[-36,41],[-37,41],[-37,40],[-37,40],[-36,41],[-37,40],[-37,40],[-36,41],[-73,81],[-36,40],[-36,41],[-72,82],[-35,41],[-35,41],[-35,41],[-35,41],[-35,41],[-34,42],[-34,41],[-33,42],[-33,41],[-33,43],[-32,42],[-32,42],[-32,43],[-31,42],[-31,43],[-30,43],[-30,43],[-29,44],[-28,44],[-28,44],[-28,44],[-27,45],[-26,45],[-25,45],[-26,46],[-24,46],[-23,46],[-23,46],[-22,47],[-22,47],[-20,48],[-20,48],[-19,49],[-18,48],[-18,49],[-16,50],[-16,50],[-14,50],[-14,51],[-13,51],[-12,51],[-11,53],[-10,52],[-9,53],[-8,54],[-7,54],[-6,55],[-4,55],[-4,55],[-2,56],[-1,8],[0,17],[0,8],[0,34],[0,8],[0,8],[0,9],[1,16],[0,8],[0,8],[1,8],[1,16],[0,8],[1,8],[0,8],[1,7],[1,8],[1,15],[1,15],[1,7],[1,7],[1,8],[3,21],[0,6],[2,7],[0,7],[1,6],[2,7],[1,6],[1,6],[1,7],[1,5],[1,6],[2,12],[2,5],[1,6],[1,5],[3,10],[1,5],[1,4],[1,5],[2,4],[1,4],[3,8],[4,11],[1,3],[3,7],[1,2],[1,3],[4,7],[1,3],[2,3],[2,3],[1,4],[2,3],[2,4],[4,7],[9,16],[5,8],[3,4],[3,4],[2,4],[3,4],[3,4],[3,4],[2,5],[6,9],[3,4],[3,4],[3,4],[13,19],[10,13],[8,9],[3,5],[7,9],[4,4],[3,4],[4,4],[4,5],[3,4],[4,5],[8,8],[8,9],[4,4],[4,4],[7,8],[12,12],[4,3],[4,4],[4,4],[8,7],[5,4],[8,8],[5,3],[5,4],[4,3],[6,4],[5,4],[5,3],[12,7],[5,3],[13,7],[6,3],[13,6],[14,6],[7,3],[7,3],[7,2],[7,3],[8,3],[15,5],[23,7],[15,4],[8,2],[17,4],[8,2],[8,2],[8,2],[8,1],[9,2],[8,2],[17,2],[8,1],[17,2],[8,1],[8,1],[9,0],[17,2],[8,1],[8,0],[16,0],[8,1],[8,0],[9,0],[8,0],[8,-1],[7,0],[16,-1],[7,0],[8,-1],[7,-1],[64,-10],[33,-6],[32,-6],[32,-6],[33,-7],[33,-7],[33,-7],[33,-8],[67,-16],[67,-16],[66,-17],[67,-16],[34,-8],[33,-8],[34,-8],[33,-8],[33,-7],[67,-14],[33,-7],[33,-6],[32,-6],[33,-5],[33,-5],[32,-4],[32,-4],[32,-3],[32,-3],[31,-2],[32,-1],[31,-1],[30,1],[31,0],[30,2],[30,3],[29,3],[29,5],[29,5],[29,6],[28,8],[28,8],[27,10],[27,10],[27,12],[26,13],[25,14],[25,16],[25,17],[24,18],[24,20],[23,21],[23,22],[22,24],[21,26],[21,27],[21,28],[19,31],[20,31],[18,34],[4,7],[6,15],[4,7],[9,25],[3,8],[3,9],[3,9],[3,8],[3,9],[3,9],[2,9],[3,10],[2,9],[8,28],[2,10],[2,10],[3,9],[2,10],[10,50],[2,10],[4,21],[3,20],[1,11],[2,10],[1,11],[2,10],[1,10],[1,10],[2,11],[2,20],[1,10],[1,10],[1,10],[3,30],[1,10],[0,10],[2,19],[0,19],[1,10],[0,9],[1,9],[0,18],[0,9],[1,17],[0,17],[-2,75],[-3,75],[-3,74],[-4,74],[-4,74],[-5,75],[-5,73],[-6,74],[-7,73],[-7,73],[-8,72],[-8,73],[-9,72],[-10,72],[-11,71],[-11,72],[-11,71],[-13,70],[-13,70],[-14,71],[-14,69],[-16,70],[-15,69],[-17,68],[-18,68],[-18,68],[-18,68],[-20,67],[-20,66],[-21,67],[-22,65],[-23,66],[-24,65],[-24,64],[-25,65],[-26,63],[-27,63],[-27,63],[-28,62],[-30,62],[-30,61],[-31,60],[-32,61],[-32,60],[-34,59],[-34,58],[-35,58],[-37,57],[-37,57],[-38,56],[-39,56],[-40,55],[-41,55],[-41,54],[-43,53],[-44,53],[-44,52],[-46,51],[-47,51],[-47,50],[-49,50],[-50,48],[-50,48],[-52,48],[-25,22],[-26,22],[-26,22],[-26,21],[-26,20],[-27,20],[-27,19],[-27,19],[-27,19],[-27,17],[-28,18],[-27,17],[-28,16],[-28,16],[-28,16],[-29,16],[-28,15],[-29,15],[-28,15],[-29,14],[-29,13],[-29,14],[-29,13],[-29,13],[-30,13],[-59,25],[-29,13],[-30,12],[-29,12],[-30,12],[-30,12],[-30,12],[-29,11],[-30,12],[-30,12],[-30,11],[-30,12],[-30,12],[-29,11],[-30,12],[-30,12],[-30,12],[-29,12],[-30,12],[-30,12],[-29,13],[-30,12],[-29,13],[-29,13],[-30,13],[-29,14],[-29,14],[-29,14],[-29,14],[-28,15],[-29,15],[-28,16],[-57,32],[-28,16],[-28,17],[-27,17],[-28,18],[-98,65],[-97,67],[-94,67],[-92,69],[-90,70],[-88,72],[-87,72],[-84,73],[-82,75],[-80,76],[-78,76],[-77,79],[-75,79],[-73,80],[-71,81],[-69,82],[-68,83],[-66,86],[-64,85],[-63,87],[-61,88],[-60,89],[-58,90],[-57,91],[-55,92],[-54,93],[-52,95],[-51,95],[-50,96],[-48,98],[-47,98],[-46,100],[-45,100],[-43,102],[-42,103],[-41,103],[-40,105],[-39,105],[-38,107],[-37,108],[-36,109],[-35,109],[-34,111],[-33,112],[-33,112],[-31,114],[-31,114],[-30,116],[-29,117],[-29,117],[-28,118],[-27,120],[-26,120],[-26,121],[-26,122],[-25,124],[-24,124],[-24,125],[-24,125],[-23,127],[-23,128],[-22,128],[-22,129],[-22,131],[-1,8],[-1,8],[-1,9],[0,8],[-1,8],[0,9],[-1,17],[0,17],[1,9],[0,8],[1,9],[0,9],[1,9],[1,9],[1,9],[1,9],[1,9],[2,9],[3,18],[2,9],[2,8],[2,9],[2,9],[2,9],[3,9],[2,9],[3,8],[3,9],[3,9],[3,8],[3,9],[3,8],[4,9],[3,8],[4,8],[7,16],[4,8],[5,8],[4,8],[4,7],[5,8],[4,7],[5,8],[9,14],[6,7],[5,7],[5,6],[5,6],[11,13],[6,6],[6,5],[12,11],[6,5],[6,5],[6,5],[7,5],[6,4],[55,34],[54,29],[54,24],[53,20],[52,16],[51,11],[51,8],[50,4],[49,0],[49,-4],[48,-6],[47,-11],[47,-13],[47,-17],[46,-19],[46,-23],[46,-25],[44,-27],[45,-30],[44,-32],[44,-35],[43,-36],[43,-38],[43,-40],[43,-41],[42,-43],[43,-44],[42,-46],[42,-46],[42,-47],[42,-48],[41,-49],[42,-49],[84,-99],[83,-99],[42,-50],[41,-49],[42,-48],[42,-48],[43,-47],[42,-47],[43,-45],[43,-45],[43,-43],[44,-41],[43,-40],[44,-38],[45,-37],[45,-34],[45,-33],[46,-30],[46,-28],[46,-25],[47,-23],[48,-20],[48,-17],[49,-14],[49,-10],[50,-8],[50,-4],[52,0],[52,3],[7,1],[7,1],[15,3],[8,2],[7,2],[8,2],[15,5],[7,3],[15,7],[8,4],[8,4],[14,8],[8,4],[8,5],[7,4],[15,10],[7,5],[14,12],[8,6],[7,5],[7,7],[13,12],[14,13],[13,13],[7,7],[6,7],[19,21],[7,7],[5,8],[12,15],[12,15],[5,7],[5,8],[6,7],[10,16],[4,8],[10,16],[8,16],[4,7],[8,16],[3,8],[4,8],[6,16],[3,7],[3,8],[2,8],[25,82],[23,83],[20,84],[18,83],[16,84],[13,85],[12,85],[9,85],[7,86],[5,87],[3,86],[1,87],[-1,87],[-2,88],[-4,88],[-6,88],[-7,89],[-9,88],[-10,89],[-12,90],[-13,90],[-15,89],[-15,91],[-17,90],[-18,90],[-19,91],[-21,91],[-21,91],[-22,91],[-22,91],[-24,92],[-24,92],[-25,91],[-26,92],[-26,92],[-27,93],[-27,92],[-28,92],[-28,92],[-28,93],[-28,92],[-28,93],[-29,92],[-29,93],[-28,92],[-29,92],[-28,93],[-28,92],[-28,92],[-28,93],[-27,92],[-27,92],[-26,92],[-26,92],[-25,92],[-24,91],[-24,92],[-23,91],[-22,92],[-22,91],[-20,90],[-19,91],[-19,91],[-17,90],[-2,12],[-2,12],[-3,12],[-5,25],[-3,12],[-4,13],[-3,14],[-4,13],[-3,14],[-4,13],[-4,14],[-5,15],[-4,14],[-5,15],[-4,14],[-5,15],[-5,15],[-5,16],[-6,15],[-11,31],[-5,16],[-12,32],[-6,16],[-6,17],[-7,16],[-6,16],[-13,33],[-7,17],[-6,17],[-7,17],[-14,34],[-7,17],[-8,17],[-7,17],[-14,34],[-15,35],[-8,17],[-7,17],[-8,18],[-8,17],[-7,17],[-8,17],[-8,18],[-8,17],[-15,34],[-8,18],[-8,17],[-8,17],[-7,17],[-8,17],[-8,17],[-8,17],[-7,17],[-8,16],[-8,17],[-8,16],[-3,7],[-4,8],[-3,8],[-4,7],[-4,8],[-4,8],[-4,8],[-4,8],[-5,8],[-4,8],[-9,16],[-5,8],[-5,8],[-10,16],[-5,9],[-10,16],[-11,17],[-6,8],[-5,8],[-6,8],[-6,9],[-6,8],[-11,16],[-6,8],[-6,8],[-7,8],[-12,16],[-6,8],[-7,8],[-6,8],[-6,8],[-13,15],[-7,7],[-6,7],[-7,8],[-7,7],[-13,14],[-13,14],[-7,7],[-6,6],[-7,6],[-7,7],[-7,6],[-7,6],[-13,11],[-7,6],[-6,5],[-7,6],[-14,10],[-13,9],[-6,4],[-7,4],[-15,9],[-15,9],[-15,8],[-15,9],[-15,8],[-15,9],[-16,8],[-31,16],[-16,7],[-15,8],[-48,21],[-16,6],[-16,7],[-16,7],[-16,6],[-16,7],[-16,6],[-17,6],[-16,5],[-17,6],[-16,6],[-17,5],[-17,5],[-33,10],[-17,5],[-17,5],[-17,5],[-16,4],[-17,4],[-17,4],[-17,4],[-18,4],[-16,3],[-18,3],[-17,4],[-17,3],[-17,3],[-17,3],[-18,2],[-34,5],[-34,4],[-18,2],[-17,2],[-17,2],[-18,1],[-17,1],[-17,1],[-35,2],[-17,1],[-18,0],[-17,0],[-17,1],[-35,0],[-17,-1],[-17,0],[-18,-1],[-7,0],[-8,-1],[-8,-1],[-8,0],[-8,-1],[-8,-2],[-9,-1],[-8,-1],[-8,-2],[-9,-2],[-8,-1],[-9,-2],[-8,-3],[-9,-2],[-9,-2],[-8,-3],[-9,-3],[-18,-5],[-8,-3],[-9,-3],[-9,-4],[-9,-3],[-26,-10],[-18,-8],[-8,-4],[-9,-4],[-9,-4],[-8,-5],[-18,-9],[-25,-13],[-16,-10],[-9,-5],[-8,-5],[-8,-5],[-8,-6],[-7,-5],[-8,-5],[-8,-5],[-15,-11],[-14,-11],[-7,-6],[-7,-6],[-7,-6],[-6,-5],[-7,-6],[-6,-6],[-6,-6],[-12,-12],[-6,-6],[-5,-6],[-6,-7],[-5,-6],[-5,-6],[-25,-32],[-25,-32],[-24,-33],[-24,-34],[-24,-34],[-22,-34],[-23,-35],[-22,-35],[-21,-35],[-22,-36],[-20,-37],[-21,-36],[-21,-37],[-20,-37],[-39,-75],[-19,-38],[-20,-39],[-19,-38],[-19,-38],[-19,-39],[-37,-77],[-19,-38],[-18,-39],[-38,-77],[-19,-38],[-19,-39],[-19,-38],[-19,-39],[-19,-38],[-19,-38],[-20,-37],[-19,-38],[-20,-37],[-21,-37],[-20,-37],[-21,-36],[-21,-36],[-21,-35],[-22,-35],[-22,-35],[-23,-35],[-23,-34],[-24,-33],[-24,-33],[-24,-32],[-25,-32],[-26,-31],[-26,-31],[-27,-30],[-27,-29],[-28,-28],[-28,-28],[-30,-28],[-30,-26],[-31,-26],[-31,-25],[-32,-24],[-33,-24],[-34,-22],[-35,-22],[-36,-20],[-7,-4],[-7,-4],[-7,-3],[-15,-7],[-7,-3],[-8,-3],[-8,-3],[-8,-3],[-8,-3],[-25,-7],[-17,-4],[-18,-4],[-9,-2],[-9,-1],[-9,-1],[-9,-2],[-18,-2],[-9,-1],[-10,0],[-9,-1],[-9,0],[-10,-1],[-9,0],[-37,0],[-9,0],[-10,1],[-9,0],[-9,1],[-19,2],[-9,1],[-9,1],[-10,1],[-18,3],[-9,2],[-8,2],[-9,2],[-9,2],[-8,2],[-9,2],[-8,3],[-9,3],[-8,2],[-8,3],[-8,3],[-8,3],[-8,3],[-7,3],[-8,4],[-7,3],[-7,4],[-7,3],[-7,4],[-7,4],[-5,4],[-3,3],[-7,4],[-6,4],[-6,4],[-6,4],[-6,4],[-3,2],[-9,6],[-3,2],[-3,3],[-6,4],[-6,4],[-6,4],[-3,2],[-7,4],[-3,3],[-6,4],[-6,4],[-3,3],[-3,2],[-3,2],[-3,2],[-7,4],[-3,3],[-3,2],[-3,2],[-3,2],[-6,4],[-7,5],[-6,4],[-6,5],[-7,4],[-3,3],[-3,2],[-7,4],[-3,3],[-3,2],[-4,2],[-3,2],[-3,3],[-3,2],[-4,3],[-6,4],[-6,5],[-7,4],[-13,10],[-13,11],[-7,6],[-6,5],[-7,6],[-7,6],[-13,12],[-7,6],[-7,6],[-13,13],[-7,7],[-7,6],[-34,35],[-6,8],[-7,7],[-7,7],[-7,8],[-6,7],[-7,7],[-7,8],[-6,8],[-6,8],[-14,15],[-6,7],[-6,8],[-6,8],[-7,8],[-6,7],[-6,8],[-6,8],[-6,8],[-6,7],[-6,8],[-5,8],[-6,8],[-6,7],[-5,8],[-6,7],[-5,8],[-5,8],[-6,8],[-5,7],[-5,8],[-10,14],[-4,7],[-5,7],[-4,7],[-8,15],[-5,7],[-3,6],[-42,74],[-42,73],[-41,71],[-42,71],[-41,69],[-41,69],[-40,68],[-41,66],[-40,66],[-40,65],[-40,64],[-40,63],[-39,62],[-39,62],[-39,61],[-39,61],[-39,59],[-38,60],[-38,58],[-38,59],[-37,57],[-38,58],[-36,57],[-37,57],[-36,56],[-37,56],[-71,111],[-36,56],[-35,55],[-34,55],[-35,56],[-34,55],[-34,55],[-34,55],[-33,55],[-33,55],[-32,56],[-33,56],[-32,56],[-31,57],[-31,56],[-31,57],[-31,57],[-30,58],[-30,58],[-30,58],[-29,59],[-29,60],[-29,61],[-28,61],[-27,61],[-28,63],[-27,63],[-26,63],[-27,65],[-26,66],[-25,66],[-25,68],[-25,68],[-24,69],[-23,70],[-24,71],[-23,73],[-5,16],[-4,15],[-5,15],[-9,30],[-4,15],[-4,15],[-5,15],[-4,15],[-9,30],[-8,30],[-4,15],[-4,15],[-8,31],[-4,15],[-4,15],[-4,15],[-4,15],[-4,16],[-4,15],[-5,15],[-8,31],[-4,16],[-8,31],[-9,31],[-9,32],[-4,16],[-4,15],[-5,16],[-9,32],[-4,16],[-5,16],[-5,16],[-5,16],[-5,17],[-5,16],[-5,16],[-5,17],[-6,16],[-5,17],[-5,17],[-12,33],[-12,34],[-6,17],[-6,17],[-6,17],[-6,17],[-7,17],[-7,18],[-7,17],[-6,18],[-15,36],[-7,18],[-40,98],[-41,97],[-42,97],[-42,95],[-43,94],[-43,93],[-44,93],[-45,91],[-45,90],[-46,89],[-46,89],[-47,87],[-47,87],[-48,85],[-48,85],[-49,85],[-49,83],[-50,82],[-50,82],[-51,80],[-51,80],[-51,79],[-52,79],[-52,78],[-53,77],[-52,77],[-54,76],[-53,75],[-54,75],[-54,74],[-55,73],[-55,73],[-55,72],[-55,71],[-55,71],[-56,71],[-56,70],[-56,70],[-56,69],[-57,68],[-56,68],[-57,68],[-57,68],[-57,67],[-57,66],[-57,66],[-57,66],[-58,66],[-57,65],[-57,65],[-58,65],[-57,64],[-115,128],[-57,63],[-57,64],[-58,63],[-114,126],[-57,63],[-57,62],[-57,63],[-113,125],[-75,83],[-74,84],[-73,82],[-71,82],[-71,82],[-69,82],[-68,81],[-67,82],[-66,80],[-65,81],[-64,81],[-63,80],[-61,80],[-61,81],[-59,81],[-59,80],[-57,80],[-57,81],[-55,80],[-54,82],[-54,81],[-52,81],[-51,82],[-50,82],[-50,82],[-48,83],[-47,83],[-47,83],[-45,84],[-44,84],[-44,85],[-42,86],[-42,86],[-41,87],[-39,88],[-39,88],[-38,89],[-37,90],[-36,91],[-35,91],[-35,92],[-33,93],[-33,95],[-32,95],[-31,96],[-30,97],[-29,98],[-29,100],[-27,101],[-27,102],[-26,103],[-25,104],[-25,106],[-24,106],[-22,108],[-23,110],[-21,111],[-20,113],[-20,114],[-19,115],[-19,117],[-17,119],[-17,120],[-17,122],[-12,96],[-11,97],[-12,96],[-11,96],[-11,97],[-11,96],[-11,97],[-10,96],[-10,97],[-10,97],[-10,97],[-19,194],[-9,98],[-9,97],[-10,97],[-9,98],[-8,98],[-9,97],[-9,98],[-9,98],[-8,99],[-9,99],[-8,99],[-9,99],[-8,98],[-8,100],[-9,99],[-17,199],[-9,100],[-8,101],[-9,100],[-9,100],[-9,101],[-9,101],[-9,102],[-18,203],[-10,102],[-9,102],[-10,103],[-10,102],[-11,103],[-10,103],[-11,104],[-10,104],[-11,104],[-12,104],[-11,105],[-12,105],[-12,105],[-13,106],[-13,105],[-13,106],[-13,107],[-14,107],[-14,107],[-15,107],[-14,108],[-16,108],[-15,109],[-16,108],[-17,109],[-21,137],[-22,136],[-23,137],[-23,136],[-25,137],[-25,137],[-26,137],[-27,137],[-27,137],[-29,137],[-29,136],[-30,138],[-31,136],[-31,137],[-32,137],[-33,137],[-33,137],[-35,136],[-34,137],[-36,136],[-36,136],[-37,135],[-37,136],[-38,136],[-39,135],[-39,135],[-39,135],[-40,135],[-41,134],[-42,134],[-41,134],[-43,133],[-42,132],[-44,134],[-43,132],[-45,132],[-44,131],[-45,131],[-46,131],[-46,130],[-46,130],[-46,130],[-47,128],[-48,129],[-48,128],[-48,127],[-48,127],[-49,126],[-49,126],[-49,125],[-49,124],[-50,124],[-50,123],[-50,122],[-51,122],[-50,121],[-51,120],[-51,120],[-52,119],[-51,118],[-52,117],[-51,117],[-52,116],[-52,115],[-45,98],[-44,98],[-45,97],[-45,98],[-46,98],[-46,98],[-92,197],[-46,98],[-47,98],[-46,98],[-47,99],[-46,98],[-47,99],[-47,98],[-46,99],[-47,99],[-47,98],[-46,99],[-47,99],[-46,98],[-46,100],[-46,99],[-46,98],[-45,99],[-46,99],[-45,99],[-44,99],[-45,99],[-44,99],[-43,99],[-43,100],[-43,99],[-42,99],[-42,99],[-42,99],[-41,99],[-40,99],[-40,99],[-39,100],[-39,99],[-38,100],[-37,99],[-37,99],[-35,99],[-36,99],[-34,100],[-34,99],[-32,99],[-32,99],[-32,99],[-30,100],[-29,99],[-29,99],[-27,99],[-27,99],[-26,100],[-24,99],[-24,99],[-22,99],[-22,99],[-20,100],[-19,99],[-18,98],[-8,43],[-7,44],[-6,43],[-6,44],[-6,44],[-6,45],[-5,45],[-5,45],[-4,45],[-4,46],[-4,46],[-3,46],[-3,46],[-3,47],[-3,47],[-2,47],[-2,48],[-2,47],[-1,48],[-1,48],[-1,48],[-1,49],[0,48],[0,49],[0,49],[1,50],[1,50],[0,50],[3,100],[1,50],[2,51],[2,50],[2,51],[4,102],[3,52],[2,52],[3,51],[3,52],[3,52],[3,53],[4,52],[3,52],[3,53],[4,53],[4,53],[4,53],[3,53],[4,53],[4,53],[4,54],[4,53],[9,107],[8,109],[9,108],[8,108],[8,108],[4,54],[6,76],[6,76],[5,76],[6,76],[6,76],[5,77],[6,77],[6,77],[6,77],[5,78],[6,77],[6,78],[6,78],[6,79],[6,78],[6,78],[13,157],[6,79],[13,159],[6,79],[7,79],[13,158],[7,80],[7,80],[7,79],[7,80],[7,79],[7,80],[8,80],[7,80],[15,159],[16,159],[8,80],[17,159],[8,80],[9,79],[9,80],[9,79],[9,79],[9,79],[10,79],[9,79],[10,79],[10,78],[10,79],[10,79],[11,78],[10,78],[11,78],[11,78],[11,78],[12,77],[12,77],[11,77],[12,76],[25,153],[13,77],[14,88],[15,89],[14,90],[15,91],[14,93],[14,94],[14,94],[14,95],[14,96],[14,98],[14,98],[13,99],[13,99],[14,100],[12,101],[13,102],[13,102],[12,102],[13,103],[12,104],[12,104],[11,104],[11,105],[11,105],[11,106],[11,105],[10,106],[11,106],[9,106],[10,106],[9,106],[9,106],[8,106],[9,106],[7,106],[8,105],[7,106],[7,105],[13,209],[6,104],[5,104],[5,103],[5,104],[4,102],[4,102],[3,101],[3,100],[3,100],[2,100],[2,98],[1,97],[0,97],[0,97],[0,94],[-1,94],[-1,93],[-2,92],[-2,92],[-3,90],[-3,88],[-4,88],[-5,86],[-5,85],[-3,49],[-4,50],[-4,49],[-5,49],[-4,49],[-6,49],[-5,49],[-6,49],[-6,49],[-6,49],[-7,49],[-7,49],[-7,48],[-7,49],[-8,49],[-8,48],[-8,49],[-9,48],[-8,49],[-9,48],[-9,49],[-9,49],[-9,48],[-10,48],[-10,49],[-10,48],[-9,48],[-21,97],[-10,48],[-11,48],[-10,48],[-11,48],[-11,48],[-11,48],[-11,48],[-11,48],[-11,48],[-11,48],[-11,48],[-12,49],[-11,48],[-11,48],[-11,48],[-12,48],[-11,48],[-11,48],[-11,48],[-12,48],[-11,48],[-11,48],[-11,48],[-11,48],[-11,48],[-10,48],[-11,48],[-11,48],[-10,48],[-11,48],[-10,48],[-10,48],[-10,49],[-10,48],[-9,48],[-9,46],[-9,45],[-8,45],[-8,46],[-8,45],[-7,46],[-7,45],[-7,46],[-6,46],[-6,45],[-6,46],[-6,46],[-5,45],[-6,46],[-5,46],[-4,46],[-5,46],[-4,46],[-5,46],[-8,92],[-4,45],[-4,46],[-3,46],[-4,46],[-3,46],[-4,46],[-4,46],[-3,46],[-10,138],[-4,46],[-3,46],[-4,45],[-3,46],[-4,46],[-8,91],[-3,46],[-4,47],[-9,91],[-5,45],[-4,46],[-10,91],[-5,45],[-6,46],[-6,45],[-6,45],[-6,45],[-6,45],[-7,46],[-7,45],[-8,45],[-7,44],[-9,45],[-8,45],[-9,45],[-9,44],[-10,45],[-10,45],[-10,44],[-1,1],[0,6],[-1,2],[0,1],[0,1],[-1,2],[0,3],[0,1],[-1,1],[0,2],[-1,4],[0,1],[0,2],[-1,1],[0,1],[0,3],[-1,2],[0,3],[-1,2],[0,1],[0,1],[-1,1],[0,5],[-1,1],[0,1],[0,1],[-1,6],[-1,1],[0,2],[0,1],[-1,1],[0,3],[-1,2],[0,3],[-1,2],[0,3],[0,1],[-1,2],[0,3],[-1,3],[-1,5]],[[5091,223010],[655,-3],[655,-2],[655,-2],[1310,-5],[654,-2],[656,-3],[1309,-5],[655,-2],[655,-2],[655,-3],[655,-2],[655,-2],[655,-3],[655,-2],[655,-3],[655,-2],[655,-2],[1309,-5],[655,-2],[655,-3],[1310,-5],[655,-2],[655,-2],[1310,-5],[655,-2],[655,-3],[654,-2],[655,-3],[655,-2],[655,-2],[1310,-5],[655,-2],[655,-3],[1310,-5],[655,-2],[655,-2],[1309,-5],[655,-2],[655,-3],[655,-2],[655,-3],[655,-2],[655,-2],[655,-3],[655,-2],[655,-2],[655,-3],[1309,-5],[655,-2],[1310,-5],[655,-3],[655,-2],[655,-2],[655,-3]],[[47006,222857],[-3,-673],[-4,-674],[-6,-1346],[-4,-673],[-3,-674],[-3,-673],[-7,-1346],[-3,-673],[-3,-674],[-7,-1346],[-3,-674],[-4,-673],[-6,-1347],[-3,-673],[-4,-673],[-6,-1347],[-3,-673],[-4,-674],[-6,-1346],[-7,-1346],[-6,-1347],[-4,-673],[-3,-674],[-6,-1346],[-4,-674],[-3,-673],[-6,-1346],[-4,-673],[-3,-674],[-7,-1346],[-3,-673],[-3,-674],[-7,-1346],[-3,-674],[-3,-673],[-7,-1346],[-3,-674],[-4,-673],[-3,-673],[-3,-674],[-3,-673],[-4,-673],[-6,-1347],[-3,-673],[-4,-673],[-3,-673],[-7,-1347],[-3,-673],[-3,-674],[0,-8],[0,-17],[1,-8],[0,-9],[1,-8],[1,-9],[2,-17],[3,-18],[1,-10],[2,-9],[2,-9],[2,-9],[4,-18],[4,-18],[2,-10],[3,-9],[3,-9],[2,-9],[3,-10],[3,-9],[3,-9],[9,-27],[3,-10],[4,-9],[11,-27],[3,-8],[4,-9],[4,-9],[16,-34],[9,-17],[8,-16],[5,-9],[9,-16],[4,-8],[15,-22],[4,-7],[5,-7],[5,-7],[5,-7],[10,-13],[5,-7],[5,-6],[11,-12],[5,-6],[5,-6],[806,-853],[806,-855],[806,-854],[806,-854],[805,-854],[806,-854],[806,-855],[806,-854],[806,-853],[806,-855],[806,-854],[805,-854],[806,-854],[806,-855],[806,-854],[806,-854],[806,-854],[806,-854],[806,-855],[806,-854],[806,-854],[806,-854],[805,-855],[806,-853],[806,-854],[1612,-1709],[806,-854],[806,-854],[805,-854],[806,-854],[806,-854],[806,-854],[806,-855],[806,-854],[806,-854],[805,-854],[806,-854],[806,-854],[1612,-1709],[806,-854],[806,-854],[805,-855],[807,-854],[806,-854],[805,-854],[806,-854],[806,-854],[806,-854],[806,-855],[806,-854],[806,-853],[806,-855],[806,-854],[806,-854],[805,-854],[1613,-1709],[805,-853],[806,-855],[806,-854],[806,-854],[806,-854]],[[201898,207610],[273,-1],[273,-1],[547,-2],[273,-1],[548,-2],[273,-1],[273,-1],[547,-2],[546,-2],[547,-2],[273,-1],[273,-1],[547,-2],[273,-1],[547,-2],[273,-1],[547,-2],[273,-1],[547,-2],[273,-1],[274,-1],[273,-1],[547,-2],[547,-2],[546,-2],[273,-1],[274,-1],[546,-2],[547,-2],[273,-1],[274,-1],[273,-1],[273,-1],[547,-2],[273,-1],[547,-2],[273,-1],[547,-2],[547,-2],[547,-2],[273,-1],[273,-1],[547,-2],[273,-1],[7,0],[8,0],[7,-1],[8,0],[22,-3],[14,-3],[7,-2],[14,-4],[21,-8],[12,-6],[7,-3],[19,-11],[12,-8],[6,-4],[6,-4],[16,-13],[11,-10],[10,-10],[4,-6],[10,-11],[5,-5],[4,-6],[4,-6],[5,-6],[4,-6],[3,-7],[11,-19],[3,-7],[3,-7],[4,-7],[5,-14],[4,-15],[3,-7],[2,-7],[1,-8],[6,-23],[2,-24],[1,-16],[1,-8],[0,-8],[0,-220],[0,-218],[-1,-219],[0,-219],[-1,-219],[0,-220],[0,-219],[-1,-219],[0,-218],[-1,-220],[0,-219],[-1,-219],[0,-219],[-1,-219],[0,-219],[-1,-438],[0,-219],[-1,-219],[0,-219],[-1,-219],[0,-219],[-1,-219],[0,-219],[-1,-219],[0,-219],[0,-219],[-1,-220],[0,-219],[-1,-437],[-1,-219],[0,-220],[-1,-218],[0,-219],[-1,-219],[0,-439],[-1,-219],[0,-219],[-1,-218],[0,-220],[-1,-219],[0,-219],[-1,-219],[-1,-438],[0,-219],[0,-219],[-1,-219],[0,-220],[-1,-218],[0,-219],[-1,-219],[0,-219],[-1,-220],[0,-219],[0,-219],[-1,-218],[-1,-439],[0,-219],[-1,-219],[0,-219]],[[219655,193214],[-1,-632],[-3,-1265],[-2,-1266],[-1,-632],[-1,-632],[-1,-633],[-1,-632],[-1,-632],[-2,-633],[-2,-1265],[-1,-632],[0,-632],[-2,-633],[-1,-632],[-2,-1265],[-1,-632],[-1,-633],[-1,-632],[-2,-632],[-1,-1265],[-3,-1265],[-2,-1265],[-1,-632],[-2,-632],[0,-633],[-1,-633],[-2,-632],[-1,-632],[-2,-1265],[-3,-1264],[-1,-1266],[-2,-632],[-1,-632],[-1,-633],[-1,-632],[-2,-1265],[-1,-632],[-1,-633],[-1,-632],[-1,-632],[-2,-1265],[-1,-633],[-2,-632],[-1,-632],[-1,-633],[-1,-632],[-1,-632],[-2,-1266],[-3,-1264],[-1,-632],[0,-74],[1,-1]],[[219585,152666],[-134,1],[-133,1],[-134,0],[-267,2],[-133,1],[-133,1],[-134,1],[-133,0],[-133,1],[-134,1],[-267,2],[-134,1],[-133,0],[-134,1],[-133,1],[-133,1],[-134,0],[-267,3],[-134,1],[-133,1],[-267,1],[-133,1],[-134,1],[-267,2],[-133,0],[-134,1],[-267,2],[-133,0],[-134,1],[-267,2],[-133,1],[-134,1],[-133,0],[-133,1],[-134,1],[-134,1],[-266,2],[-134,0],[-134,1],[-266,2],[-134,0],[-133,1],[-134,1],[-133,1],[-134,1],[-133,1],[-134,0],[-133,1],[-134,1],[-133,1],[-134,1],[-133,1],[-134,0],[-133,1],[-134,1]],[[211042,152719],[-904,5],[-905,5],[-905,6],[-905,5],[-904,5],[-905,5],[-905,6],[-905,5],[-905,5],[-904,5],[-905,6],[-905,5],[-905,5],[-905,5],[-905,6],[-904,5],[-905,5],[-905,5],[-905,6],[-904,5],[-905,5],[-1810,11],[-905,5],[-904,5],[-905,5],[-905,6],[-905,5],[-904,5],[-906,6],[-904,5],[-1810,11],[-904,5],[-905,5],[-905,6],[-905,5],[-905,5],[-904,6],[-905,5],[-905,5],[-905,5],[-904,6],[-905,5],[-905,5],[-905,5],[-905,6],[-1809,10],[-905,5],[-905,6],[-904,5],[-906,5],[-1809,11],[-905,5],[-905,5],[-904,5],[-905,6],[-905,5],[-905,5],[-905,5],[-904,6],[-905,5]],[[153136,153056],[3,855],[2,855],[3,855],[6,1710],[3,856],[3,855],[5,1710],[3,855],[3,855],[6,1710],[3,855],[2,855],[3,855],[3,856],[3,854],[2,855],[7,1710],[5,1711],[3,855],[2,855],[3,855],[3,855],[6,1710],[3,855],[3,856],[2,855],[3,854],[5,1711],[7,1710],[3,855],[2,856],[3,854],[3,855],[2,856],[3,855],[6,1710],[6,1710],[3,855],[2,855],[3,855],[3,855],[6,1710],[3,855],[2,855],[3,855],[3,855],[5,1711],[3,855],[3,855],[2,855],[3,855],[3,855],[0,6]],[[153316,207787],[759,-3],[760,-2],[759,-3],[1518,-6],[1518,-5],[759,-3],[759,-3],[1519,-5],[1518,-6],[1518,-5],[759,-3],[759,-3],[1518,-5],[1518,-6],[1518,-5],[759,-3],[760,-3],[759,-2],[759,-3],[759,-3],[759,-3],[759,-3],[759,-3],[1518,-5],[759,-3],[759,-3],[1518,-6],[1519,-5],[759,-3],[759,-3],[1518,-5],[1518,-6],[1518,-5],[759,-3],[759,-3],[1518,-5],[1519,-6],[1518,-5],[759,-3],[759,-3],[1518,-5],[1518,-6],[759,-2],[760,-3],[759,-3]],[[516271,223102],[-16,-171],[-15,-173],[-16,-172],[-14,-172],[-15,-174],[-27,-347],[-12,-174],[-13,-175],[-12,-174],[-12,-176],[-11,-175],[-11,-176],[-10,-176],[-11,-176],[-9,-177],[-10,-177],[-8,-177],[-9,-178],[-8,-177],[-8,-178],[-7,-178],[-7,-178],[-6,-178],[-7,-178],[-6,-179],[-5,-178],[-5,-178],[-5,-179],[-5,-179],[-4,-178],[-4,-179],[-4,-180],[-6,-357],[-7,-536],[-2,-179],[-2,-356],[-1,-179],[-1,-178],[0,-178],[0,-356],[0,-178],[2,-354],[1,-177],[2,-176],[2,-177],[1,-176],[5,-352],[3,-175],[2,-175],[4,-175],[3,-174],[3,-174],[4,-174],[4,-173],[4,-173],[5,-173]],[[515985,211810],[-60,2],[-120,5],[-60,3],[-60,3],[-60,3],[-119,7],[-60,4],[-60,4],[-60,4],[-59,4],[-60,4],[-60,4],[-59,5],[-119,9],[-59,4],[-120,9],[-179,14],[-59,5],[-59,4],[-179,14],[-60,4],[-59,4],[-59,4],[-120,8],[-59,4],[-60,3],[-59,4],[-60,3],[-59,3],[-60,3],[-119,5],[-120,4],[-60,2],[-59,1],[-61,1],[-59,1],[-60,0],[-120,0],[-60,0],[-60,-1],[-59,-1],[-60,-2],[-61,-2],[-60,-2],[-60,-3],[-120,-7],[-61,-4],[-60,-4],[-60,-6],[-60,-5],[-61,-6],[-138,-15],[-138,-16],[-138,-17],[-138,-19],[-137,-20],[-138,-22],[-137,-22],[-138,-24],[-137,-25],[-137,-26],[-137,-27],[-137,-29],[-136,-29],[-137,-30],[-136,-31],[-137,-33],[-136,-33],[-136,-35],[-136,-35],[-136,-36],[-135,-37],[-136,-37],[-136,-39],[-135,-39],[-135,-40],[-136,-41],[-134,-41],[-136,-42],[-134,-43],[-135,-43],[-134,-45],[-135,-44],[-134,-45],[-134,-46],[-134,-46],[-134,-47],[-134,-47],[-133,-47],[-134,-48],[-133,-48],[-133,-49],[-266,-98],[-133,-50],[-133,-50],[-132,-50],[-133,-50],[-132,-50],[-132,-51],[-131,-50],[-132,-51],[-132,-51],[-131,-51],[-131,-51],[-132,-51],[-262,-101],[-131,-51],[-131,-50],[-130,-51],[-130,-50],[-130,-50],[-130,-50],[-130,-50],[-36,-14],[-36,-13],[-37,-14],[-36,-13],[-36,-14],[-37,-14],[-36,-14],[-36,-13],[-36,-14],[-37,-13],[-36,-14],[-36,-13],[-37,-14],[-36,-13],[-37,-14],[-36,-13],[-36,-13],[-37,-13],[-36,-14],[-37,-13],[-36,-13],[-36,-13],[-37,-14],[-36,-13],[-36,-13],[-37,-14],[-37,-13],[-36,-13],[-36,-13],[-73,-26],[-36,-13],[-36,-13],[-74,-26],[-36,-12],[-36,-13],[-37,-13],[-36,-13],[-36,-13],[-37,-13],[-36,-12],[-110,-38],[-37,-13],[-36,-12],[-37,-13],[-36,-12],[-36,-13],[-37,-12],[-37,-12],[-36,-13],[-36,-12],[-37,-12],[-37,-13],[-36,-12],[-36,-12],[-37,-12],[-37,-12],[-36,-13],[-37,-12],[-36,-12],[-37,-12],[-51,-16],[-51,-16],[-50,-17],[-50,-16],[-49,-16],[-49,-16],[-48,-16],[-47,-16],[-47,-15],[-47,-16],[-45,-15],[-46,-16],[-45,-15],[-88,-30],[-44,-16],[-43,-15],[-42,-15],[-42,-15],[-42,-15],[-41,-15],[-41,-14],[-40,-15],[-40,-15],[-78,-29],[-39,-14],[-38,-15],[-38,-14],[-37,-15],[-37,-14],[-37,-15],[-36,-14],[-36,-14],[-35,-15],[-70,-28],[-34,-14],[-34,-14],[-34,-14],[-33,-14],[-33,-14],[-33,-15],[-32,-14],[-32,-14],[-31,-14],[-32,-14],[-31,-14],[-31,-14],[-30,-14],[-30,-15],[-30,-14],[-30,-14],[-59,-28],[-29,-14],[-28,-15],[-28,-14],[-29,-14],[-28,-14],[-28,-15],[-27,-14],[-28,-14],[-26,-15]],[[498851,207568],[-51,90],[-46,88],[-43,86],[-39,83],[-37,82],[-34,80],[-30,78],[-27,75],[-24,74],[-22,72],[-19,70],[-15,68],[-14,67],[-10,65],[-9,63],[-5,62],[-3,59],[-1,59],[1,56],[4,56],[5,54],[8,53],[10,51],[11,50],[14,48],[15,47],[17,47],[19,44],[20,44],[22,42],[23,42],[24,41],[26,39],[27,39],[28,37],[29,37],[31,36],[30,35],[32,34],[33,33],[34,33],[35,32],[35,32],[35,30],[36,31],[37,30],[36,29],[37,29],[37,29],[75,56],[37,27],[37,28],[37,26],[37,27],[36,27],[37,26],[36,27],[35,26],[34,27],[35,27],[33,26],[33,27],[31,27],[72,64],[70,66],[67,67],[65,69],[63,70],[59,72],[58,73],[56,75],[53,75],[51,77],[50,78],[47,80],[45,80],[43,83],[41,82],[39,84],[37,85],[36,86],[34,87],[32,88],[30,88],[29,89],[27,90],[26,91],[24,92],[23,92],[21,93],[20,93],[19,94],[18,95],[15,95],[15,95],[13,96],[13,96],[11,97],[11,97],[9,97],[9,97],[7,97],[7,98],[6,98],[5,98],[4,97],[3,98],[4,97],[2,98],[2,98],[1,97],[1,97],[0,289],[-1,96],[-1,95],[-1,95],[-2,95],[-1,93],[-2,94],[-1,92],[-2,93],[-2,92],[-1,90],[-2,90],[-1,89],[0,43],[-2,87],[-1,43],[-1,44],[-6,129],[-2,43],[-2,43],[-2,43],[-2,43],[-3,43],[-6,86],[-2,44],[-3,43],[-3,43],[-3,43],[-7,86],[-3,44],[-3,43],[-4,43],[-4,43],[-3,43],[-4,43],[-3,43],[-4,43],[-4,43],[-4,44],[-3,43],[-4,43],[-4,43],[-4,44],[-3,43],[-4,43],[-4,43],[-3,44],[-3,43],[-4,43],[-6,87],[-7,86],[-2,44],[-3,43],[-6,87],[-3,44],[-2,43],[-3,44],[-1,43],[-3,43],[-1,44],[-2,44],[-2,43],[-1,44],[-2,43],[-1,44],[-2,88],[0,43],[0,44],[0,60],[2,119],[2,59],[1,59],[1,59],[1,60],[2,59],[1,60],[2,59],[2,59],[1,60],[2,59],[2,60],[3,60],[2,59],[2,59],[5,119],[2,59],[3,59],[3,60],[3,59],[2,60],[10,178],[3,59],[4,59],[3,60],[3,59],[4,60],[4,59],[4,59],[3,60],[4,59],[4,59],[5,59],[4,60],[9,118],[5,60],[5,59],[4,59],[5,59],[10,119],[5,59],[5,60],[6,59],[5,59],[6,59],[6,60],[5,59],[6,59],[6,59],[7,59],[5,60],[7,59],[7,59],[6,59],[6,59],[7,59],[7,59],[1,13],[1,7],[0,7],[0,7],[2,14],[1,8],[1,7],[1,7],[1,7],[2,15],[1,8],[1,8],[1,8],[1,7],[2,16],[2,8],[1,8],[1,8],[1,8],[4,24],[1,9],[3,17],[1,8],[3,17],[2,8],[4,26],[1,8],[3,17],[3,17],[3,17],[1,8],[2,8],[2,9],[1,8],[2,9],[1,8],[1,8],[2,9],[1,8],[2,8],[3,17],[1,8],[2,8],[1,8],[4,24],[2,7],[1,8],[1,8],[6,0]],[[501242,223314],[235,-3],[469,-7],[235,-3],[235,-4],[235,-3],[235,-3],[470,-7],[234,-3],[235,-4],[235,-3],[235,-3],[234,-4],[235,-3],[235,-3],[235,-3],[235,-4],[234,-3],[235,-3],[235,-4],[235,-3],[234,-3],[471,-7],[234,-3],[235,-4],[235,-3],[235,-3],[469,-7],[235,-3],[236,-3],[469,-7],[235,-3],[469,-7],[235,-3],[470,-7],[235,-3],[469,-7],[235,-3],[469,-7],[235,-3],[236,-3],[469,-7],[235,-3],[235,-3],[469,-7],[470,-6],[470,-7],[235,-3],[469,-7],[235,-3],[235,-4]],[[480575,190094],[-9,-11],[-10,-11],[-9,-12],[-9,-12],[-8,-14],[-8,-14],[-8,-14],[-8,-15],[-7,-15],[-8,-16],[-7,-17],[-7,-17],[-6,-17],[-7,-18],[-12,-37],[-6,-19],[-6,-20],[-11,-40],[-5,-20],[-5,-21],[-5,-21],[-5,-21],[-4,-21],[-5,-22],[-12,-66],[-4,-22],[-3,-22],[-4,-22],[-4,-23],[-6,-45],[-3,-22],[-3,-22],[-2,-23],[-2,-22],[-3,-22],[-2,-22],[-3,-22],[-1,-22],[-3,-22],[-1,-22],[-4,-42],[-1,-21],[-2,-20],[-1,-20],[-2,-20],[-2,-39],[-1,-19],[-1,-19],[-1,-18],[-2,-35],[-1,-16],[-1,-17],[0,-15],[-1,-15],[0,-15],[-1,-14],[-1,-21],[-2,-41],[0,-20],[0,-21],[-1,-21],[0,-21],[0,-103],[0,-20],[1,-21],[0,-20],[0,-21],[1,-20],[1,-21],[0,-21],[1,-20],[2,-41],[1,-21],[2,-41],[2,-20],[1,-21],[2,-21],[1,-20],[2,-21],[1,-21],[2,-20],[2,-21],[1,-20],[2,-21],[4,-41],[2,-21],[2,-20],[4,-41],[2,-21],[2,-21],[9,-82],[3,-20],[2,-21],[3,-20],[2,-21],[2,-20],[3,-21],[2,-21],[2,-21],[3,-20],[3,-21],[4,-41],[3,-20],[3,-21],[5,-41],[2,-20],[5,-38],[5,-38],[5,-38],[5,-37],[5,-37],[12,-73],[6,-36],[6,-36],[13,-71],[7,-36],[7,-35],[7,-34],[7,-35],[8,-35],[7,-34],[8,-34],[8,-34],[8,-34],[17,-67],[9,-33],[9,-34],[9,-33],[19,-65],[10,-33],[9,-33],[10,-33],[10,-32],[10,-33],[21,-65],[11,-32],[11,-32],[11,-32],[11,-33],[12,-32],[11,-32],[12,-32],[12,-32],[12,-33],[12,-32],[13,-32],[25,-65],[13,-32],[13,-32],[13,-32],[13,-33],[27,-65],[14,-33],[14,-32],[14,-33],[15,-33],[14,-33],[43,-101],[30,-67],[15,-34]],[[481064,185411],[-30,-66],[-29,-68],[-28,-70],[-26,-71],[-26,-73],[-24,-75],[-22,-76],[-21,-78],[-20,-79],[-19,-81],[-17,-82],[-17,-83],[-15,-84],[-14,-85],[-12,-87],[-11,-88],[-10,-88],[-9,-89],[-7,-91],[-7,-91],[-5,-92],[-4,-92],[-3,-93],[-1,-93],[-1,-94],[1,-95],[1,-95],[4,-95],[4,-95],[5,-95],[6,-96],[8,-95],[8,-96],[10,-95],[11,-96],[11,-95],[13,-95],[14,-95],[15,-94],[16,-94],[17,-93],[19,-93],[19,-92],[20,-91],[21,-91],[22,-90],[23,-90],[24,-88],[26,-87],[25,-86],[27,-85],[29,-84],[28,-83],[30,-81],[31,-80],[32,-79],[32,-77],[34,-76],[34,-75],[35,-72],[36,-71],[38,-69],[38,-67],[38,-65],[50,-82],[51,-79],[52,-75],[52,-73],[52,-71],[53,-68],[53,-66],[54,-64],[54,-62],[55,-59],[55,-57],[56,-55],[55,-53],[56,-52],[56,-49],[57,-48],[57,-47],[57,-45],[58,-43],[57,-42],[58,-40],[58,-39],[58,-38],[59,-37],[59,-36],[58,-35],[59,-34],[58,-33],[59,-33],[59,-32],[60,-31],[59,-31],[118,-60],[60,-29],[58,-29],[59,-29],[59,-29],[60,-29],[117,-58],[58,-30],[59,-29],[58,-30],[58,-31],[58,-31],[58,-31],[57,-32],[57,-33],[57,-34],[57,-34],[56,-35],[56,-37],[56,-37],[55,-39],[55,-40],[55,-41],[54,-42],[53,-44],[54,-46],[53,-47],[52,-49],[52,-50],[51,-53],[73,-78],[69,-79],[66,-79],[62,-80],[59,-81],[55,-80],[52,-82],[48,-81],[45,-82],[42,-83],[39,-83],[36,-84],[33,-84],[29,-84],[27,-84],[24,-85],[21,-85],[19,-86],[16,-85],[13,-86],[11,-87],[8,-87],[7,-87],[3,-87],[2,-87],[-1,-87],[-2,-88],[-5,-89],[-7,-88],[-8,-88],[-11,-89],[-12,-88],[-14,-89],[-15,-89],[-18,-89],[-19,-89],[-20,-89],[-21,-89],[-23,-90],[-24,-89],[-25,-89],[-26,-90],[-27,-89],[-29,-90],[-29,-89],[-31,-89],[-30,-90],[-32,-89],[-32,-89],[-33,-89],[-33,-89],[-34,-89],[-34,-88],[-35,-89],[-35,-88],[-35,-89],[-36,-88],[-35,-88],[-35,-87],[-35,-88],[-35,-87],[-35,-87],[-69,-173],[-5,0]],[[484969,171665],[-186,5],[-93,2],[-187,5],[-93,2],[-93,2],[-93,3],[-559,15],[-93,2],[-94,2],[-93,3],[-93,2],[-93,2],[-94,3],[-372,10],[-93,2],[-93,3],[-94,2],[-93,2],[-93,3],[-93,2],[-93,2],[-559,15],[-93,3],[-93,2],[-93,2],[-93,3],[-94,2],[-93,2],[-372,10],[-94,3],[-93,2],[-93,3],[-94,2],[-93,2],[-93,3],[-93,2],[-93,2],[-466,13],[-93,2],[-93,3],[-93,2],[-93,2],[-8,1],[-8,0],[-7,0],[-15,1],[-16,1],[-7,1],[-8,1],[-7,0],[-8,1],[-15,2],[-29,4],[-7,1],[-7,1],[-8,1],[-6,1],[-7,2],[-7,1],[-7,1],[-7,1],[-7,2],[-6,1],[-7,2],[-7,1],[-12,3],[-13,4],[-12,3],[-5,2],[-6,2],[-6,2],[-6,1],[-5,2],[-15,6],[-10,4],[-4,2],[-5,3],[-4,2],[-4,2],[-8,4],[-8,5],[-3,2],[-3,2],[-7,5],[-2,2],[-3,2],[-2,3],[-3,2],[-2,2],[-2,3],[-3,4],[-2,2],[-2,3],[-4,6],[-4,6],[-4,7],[-4,8],[-4,8],[-4,9],[-2,5],[-4,10],[-2,5],[-4,11],[-4,11],[-4,12],[-2,6],[-2,6],[-2,7],[-2,6],[-2,7],[-5,19],[-2,7],[-4,14],[-3,14],[-4,15],[-3,15],[-2,8],[-3,15],[-2,7],[-2,8],[-1,8],[-2,8],[-1,7],[-2,8],[-1,8],[-2,8],[-1,8],[-2,8],[-4,24],[-1,8],[-3,16],[-1,8],[-1,8],[-1,8],[-28,255],[-26,255],[-26,255],[-24,255],[-23,256],[-22,255],[-21,256],[-20,256],[-19,257],[-18,255],[-18,257],[-17,256],[-16,257],[-15,256],[-15,257],[-14,257],[-13,257],[-14,257],[-12,257],[-13,257],[-12,257],[-12,257],[-12,257],[-11,258],[-11,257],[-22,514],[-23,515],[-10,258],[-12,257],[-11,257],[-12,257],[-12,258],[-13,257],[-13,257],[-13,257],[-13,257],[-14,257],[-15,257],[-16,257],[-16,256],[-17,257],[-17,256],[-18,257],[-19,256],[-20,256],[-22,256],[-21,256],[-23,255],[-24,256],[-26,255],[-26,256],[-28,254],[-29,256],[-30,254],[-32,255],[-33,254],[-34,255],[-36,253],[-38,254],[-39,253],[-41,254],[-42,253]],[[477270,188703],[36,47],[37,48],[38,47],[39,45],[39,45],[40,45],[41,44],[41,43],[42,42],[43,42],[44,41],[44,40],[45,41],[46,38],[46,39],[46,37],[48,36],[48,36],[48,35],[49,34],[50,34],[50,32],[50,32],[51,31],[52,30],[52,29],[52,29],[53,27],[53,26],[53,26],[54,25],[54,24],[55,23],[55,22],[55,21],[56,20],[55,19],[56,18],[56,17],[57,16],[56,15],[57,15],[57,13],[57,12],[57,11],[58,10],[57,9],[57,8],[58,6],[58,6],[58,5],[57,3],[58,3],[58,1],[57,0],[58,-1],[58,-2],[57,-4],[58,-4],[57,-6],[57,-7],[57,-8],[57,-9],[57,-11]],[[463865,177524],[-1,31],[-3,29],[-2,30],[-3,30],[-3,30],[-3,29],[-3,30],[-4,29],[-4,29],[-5,29],[-4,28],[-5,29],[-5,29],[-6,29],[-5,28],[-6,28],[-7,28],[-6,28],[-14,56],[-7,28],[-7,28],[-8,27],[-8,28],[-8,28],[-9,27],[-8,27],[-9,28],[-9,27],[-10,27],[-10,28],[-10,26],[-10,27],[-10,27],[-11,27],[-11,26],[-11,27],[-12,27],[-11,27],[-12,26],[-12,27],[-13,26],[-25,53],[-13,27],[-13,26],[-14,27],[-13,26],[-14,27],[-14,27],[-15,26],[-14,26],[-15,27],[-15,26],[-16,27],[-47,79],[-16,27],[-33,53],[-17,26],[-17,27],[-17,26]],[[463232,179282],[8,8],[8,7],[9,7],[8,8],[8,7],[8,7],[8,8],[17,15],[25,23],[8,7],[8,8],[8,7],[16,15],[8,7],[9,7],[24,23],[16,15],[8,7],[9,8],[8,7],[16,15],[8,7],[8,7],[17,15],[9,8],[8,7],[16,15],[8,7],[8,7],[8,8],[17,15],[8,7],[16,15],[8,7],[17,15],[16,15],[8,7],[16,15],[8,7],[8,7],[9,8],[9,7],[8,8],[24,22],[8,8],[8,7],[9,7],[6,6],[11,10],[6,4],[6,5],[19,12],[7,3],[7,4],[6,3],[7,4],[6,3],[7,3],[14,5],[7,2],[7,2],[7,2],[14,3],[15,3],[14,2],[22,2],[7,0],[7,0],[7,0],[8,0],[14,-1],[15,-2],[7,-1],[7,-2],[7,-1],[14,-4],[7,-2],[7,-2],[7,-2],[6,-3],[14,-5],[20,-11],[13,-7],[19,-12],[12,-9],[11,-10],[6,-5],[6,-5],[11,-11],[6,-6],[12,-14],[13,-14],[12,-14],[14,-14],[13,-14],[12,-15],[13,-14],[13,-14],[12,-14],[13,-15],[13,-14],[13,-14],[13,-14],[25,-29],[26,-28],[25,-29],[13,-14],[13,-14],[13,-15],[12,-14],[26,-28],[12,-15],[13,-15],[13,-14],[12,-14],[13,-14],[89,-99],[13,-14],[13,-15],[25,-28],[13,-14],[12,-15],[14,-14],[13,-14],[12,-14],[13,-15],[25,-28],[13,-14],[13,-15],[26,-28],[13,-14],[12,-15],[13,-14],[12,-14],[13,-14],[13,-15],[13,-14],[13,-14],[25,-28],[13,-15],[5,-5],[5,-7],[9,-12],[5,-6],[4,-6],[5,-7],[7,-13],[3,-6],[7,-13],[2,-7],[4,-7],[2,-6],[3,-7],[2,-7],[2,-7],[4,-14],[2,-6],[2,-14],[1,-7],[2,-14],[0,-7],[1,-14],[0,-7],[-2,-28],[-1,-7],[-1,-7],[-1,-7],[-1,-7],[-2,-6],[-4,-14],[-2,-7],[-2,-6],[-3,-7],[-2,-7],[-3,-6],[-6,-13],[-4,-6],[-3,-7],[-3,-6],[-9,-12],[-8,-12],[-9,-12],[-10,-11],[-10,-11],[-6,-6],[-6,-5],[-6,-5],[-17,-13],[-52,-43],[-17,-14],[-17,-13],[-17,-14],[-18,-14],[-17,-14],[-17,-13],[-17,-14],[-17,-14],[-17,-14],[-35,-27],[-17,-14],[-17,-14],[-35,-27],[-17,-14],[-17,-14],[-17,-14],[-17,-14],[-35,-27],[-17,-14],[-17,-14],[-17,-14],[-17,-14],[-18,-13],[-17,-14],[-34,-28],[-17,-13],[-17,-14],[-18,-14],[-17,-14],[-17,-14],[-17,-14],[-17,-14],[-17,-13],[-18,-14],[-17,-14],[-17,-14],[-17,-14],[-17,-14],[-18,-13],[-17,-14],[-17,-14],[-17,-14],[-17,-13],[-17,-14],[-18,-14],[-17,-14],[-17,-13],[-17,-14],[-17,-14],[-35,-27],[-34,-28],[-17,-14],[-17,-14],[-18,-14],[-6,0]],[[386185,72436],[4,-2],[5,-2],[4,-1],[9,-4],[4,-2],[4,-2],[9,-4],[8,-4],[9,-4],[8,-4],[13,-6],[4,-2],[8,-4],[4,-2],[9,-4],[3,-2],[4,-2],[4,-3],[8,-4],[4,-2],[4,-3],[11,-7],[4,-3],[7,-4],[4,-2],[8,-5],[3,-3],[7,-5],[4,-2],[3,-3],[4,-3],[9,-7],[4,-3],[3,-3],[6,-5],[7,-6],[6,-5],[3,-3],[3,-3],[6,-6],[6,-6],[2,-2],[41,-44],[40,-44],[40,-46],[39,-47],[39,-48],[39,-48],[38,-50],[37,-50],[37,-52],[37,-52],[36,-53],[36,-53],[36,-55],[35,-55],[35,-56],[35,-57],[34,-57],[35,-58],[33,-58],[67,-118],[33,-60],[33,-60],[33,-61],[32,-61],[64,-123],[32,-62],[32,-62],[95,-188],[32,-63],[31,-62],[31,-63],[31,-63],[31,-63],[32,-63],[31,-63],[63,-125],[62,-125],[32,-62],[32,-62],[31,-62],[33,-61],[31,-61],[32,-60],[32,-60],[33,-60],[33,-59],[33,-59],[32,-58],[34,-58],[33,-57],[34,-56],[34,-56],[35,-55],[34,-54],[35,-54],[35,-52],[36,-53],[35,-51],[5,-6],[10,-13],[5,-6],[5,-6],[6,-6],[6,-6],[5,-6],[7,-6],[6,-6],[6,-6],[13,-12],[20,-16],[7,-6],[14,-11],[7,-5],[8,-5],[7,-5],[8,-4],[15,-10],[8,-5],[8,-4],[16,-9],[8,-4],[8,-5],[16,-8],[8,-4],[8,-4],[9,-3],[8,-4],[9,-3],[8,-4],[9,-3],[8,-3],[8,-3],[8,-3],[9,-3],[9,-3],[8,-2],[8,-3],[9,-2],[17,-4],[8,-2],[9,-2],[8,-1],[17,-3],[24,-3],[8,-1],[8,-1],[8,0],[8,0],[7,-1],[8,0],[335,2],[335,2],[335,2],[335,2],[335,1],[335,2],[1005,6],[335,2],[335,2],[335,2],[335,1],[335,2],[335,2],[670,4],[334,2],[335,2],[335,2],[335,1],[335,2],[1005,6],[335,2],[1005,6],[335,2],[335,2],[335,2],[335,1],[335,2],[670,4],[335,2],[335,2],[335,2],[335,2],[335,2],[334,2],[335,2],[670,3],[1005,6],[335,2],[670,4],[670,3],[1006,6],[335,2],[670,4],[670,3],[335,2],[334,2],[335,2],[35,-1],[35,-1],[35,-1],[68,-2],[33,0],[33,-1],[33,-1],[33,0],[32,0],[32,-1],[63,0],[31,0],[31,-1],[121,0],[30,0],[29,0],[29,-1],[29,0],[28,0],[29,-1],[27,0],[28,-1],[27,0],[55,-2],[26,-1],[26,-1],[27,-1],[51,-3],[26,-2],[25,-2],[26,-2],[24,-2],[25,-3],[25,-2],[24,-3],[24,-3],[24,-3],[47,-7],[23,-4],[23,-4],[23,-5],[23,-4],[22,-6],[23,-5],[21,-6],[22,-5],[23,-7],[21,-6],[42,-14],[22,-8],[21,-8],[21,-8],[20,-8],[21,-9],[20,-10],[26,-13],[27,-14],[26,-16],[26,-16],[27,-17],[26,-18],[26,-19],[26,-19],[27,-21],[26,-21],[26,-22],[26,-22],[26,-23],[26,-24],[27,-24],[26,-25],[26,-25],[27,-25],[26,-26],[26,-27],[27,-26],[27,-27],[27,-27],[26,-28],[27,-27],[27,-28],[27,-27],[26,-29],[27,-28],[55,-55],[27,-28],[28,-27],[27,-28],[56,-54],[28,-27],[28,-26],[28,-26],[28,-26],[29,-25],[29,-25],[28,-24],[29,-24],[29,-23],[29,-23],[30,-22],[30,-22],[29,-20],[31,-20],[30,-19],[30,-19],[31,-17],[30,-17],[31,-16],[32,-14],[31,-14],[32,-13],[32,-11],[31,-11],[33,-9],[32,-8],[33,-7],[33,-6],[78,-10],[75,-7],[73,-3],[71,0],[68,4],[67,8],[64,10],[62,14],[60,17],[59,20],[56,23],[55,26],[53,28],[51,32],[50,33],[48,37],[46,39],[45,41],[43,43],[42,45],[41,48],[40,49],[38,51],[37,53],[36,55],[36,56],[34,58],[33,59],[32,61],[31,61],[31,63],[30,64],[29,64],[28,66],[28,66],[28,67],[27,68],[27,68],[26,68],[26,69],[26,69],[26,70],[26,69],[25,69],[26,69],[25,68],[26,68],[26,68],[26,68],[26,67],[27,66],[27,65],[28,64],[27,64],[29,62],[29,61],[30,61],[31,58],[31,58],[32,55],[33,54],[34,53],[34,50],[36,49],[5,6],[5,6],[5,6],[5,6],[5,7],[18,18],[6,6],[6,6],[7,6],[13,12],[14,11],[7,6],[14,11],[8,6],[7,5],[8,5],[15,11],[8,5],[8,5],[8,6],[8,5],[9,4],[8,5],[8,5],[9,5],[8,4],[26,14],[8,4],[18,8],[8,4],[9,4],[8,3],[26,11],[9,3],[17,6],[18,6],[17,5],[8,3],[8,2],[9,2],[16,4],[8,2],[8,2],[8,1],[8,1],[8,2],[7,1],[8,0],[7,1],[89,6],[88,1],[86,-3],[85,-6],[84,-10],[84,-14],[81,-18],[82,-20],[80,-24],[79,-27],[79,-30],[77,-34],[77,-35],[76,-38],[75,-41],[75,-43],[74,-46],[73,-47],[73,-50],[73,-51],[72,-53],[71,-55],[71,-57],[71,-58],[70,-59],[70,-61],[70,-61],[69,-62],[70,-64],[70,-63],[69,-65],[69,-65],[69,-66],[69,-65],[70,-65],[70,-66],[69,-65],[70,-65],[70,-65],[71,-64],[70,-64],[71,-62],[71,-62],[72,-61],[73,-60],[73,-58],[74,-57],[73,-56],[75,-53],[75,-53],[77,-50],[76,-48],[77,-46],[79,-44],[79,-42],[80,-39],[82,-37],[82,-34],[83,-31],[84,-28],[86,-25],[86,-22],[88,-19],[88,-15],[6,0]],[[421879,67499],[0,-5],[-1,-11],[-1,-5],[0,-5],[-1,-11],[-1,-10],[-1,-11],[-1,-5],[-1,-5],[0,-11],[-1,-10],[-1,-11],[-1,-10],[-1,-5],[-1,-10],[0,-10],[-1,-6],[0,-5],[-2,-15],[-1,-10],[0,-5],[0,-4],[-1,-10],[0,-5],[-1,-5],[0,-5],[-1,-10],[-1,-4],[-1,-10],[0,-5],[-1,-9],[-1,-9],[0,-5],[-1,-9],[0,-4],[-1,-9],[0,-4],[-1,-5],[0,-4],[0,-4],[0,-5],[0,-9],[-1,-4],[-10,-138],[-10,-137],[-11,-137],[-10,-136],[-10,-134],[-11,-134],[-21,-267],[-10,-132],[-10,-131],[-10,-131],[-10,-130],[-10,-129],[-10,-128],[-9,-129],[-9,-127],[-9,-127],[-8,-126],[-9,-126],[-8,-125],[-7,-125],[-8,-124],[-6,-124],[-7,-123],[-6,-122],[-5,-122],[-5,-122],[-4,-121],[-6,-241],[-3,-121],[-2,-119],[-1,-119],[-1,-119],[1,-119],[1,-118],[1,-118],[3,-118],[4,-117],[4,-118],[5,-116],[6,-117],[7,-116],[8,-117],[9,-116],[10,-115],[10,-116],[13,-116],[13,-115],[14,-115],[15,-115],[17,-116],[17,-115],[19,-114],[20,-115],[22,-115],[22,-115],[24,-115],[25,-114],[27,-115],[28,-116],[30,-114],[31,-115],[32,-115],[24,-81],[24,-81],[25,-81],[26,-81],[27,-81],[28,-82],[28,-81],[29,-82],[30,-81],[31,-81],[31,-82],[32,-81],[33,-82],[33,-82],[34,-81],[35,-82],[35,-81],[36,-82],[36,-81],[37,-83],[37,-82],[38,-81],[38,-82],[39,-82],[39,-82],[40,-82],[41,-82],[40,-82],[41,-82],[41,-82],[41,-82],[84,-165],[43,-82],[43,-82],[43,-83],[43,-82],[43,-83],[44,-82],[44,-83],[44,-82],[44,-82],[44,-83],[44,-83],[45,-83],[45,-83],[44,-82],[45,-83],[44,-82],[45,-84],[44,-82],[45,-83],[44,-83],[45,-83],[44,-83],[44,-83],[45,-83],[87,-166],[44,-83],[43,-83],[44,-84],[43,-83],[42,-83],[11,-22],[12,-22],[11,-23],[11,-22],[12,-23],[11,-22],[12,-23],[11,-22],[12,-23],[11,-22],[12,-23],[23,-46],[12,-23],[11,-23],[23,-46],[12,-23],[12,-22],[35,-69],[12,-23],[12,-23],[11,-23],[12,-23],[12,-24],[12,-23],[11,-23],[12,-23],[12,-23],[12,-23],[12,-23],[12,-24],[12,-23],[12,-23],[12,-23],[12,-23],[12,-23],[12,-23],[11,-23],[12,-24],[12,-23],[12,-23],[12,-23],[12,-24],[12,-23],[12,-23],[12,-23],[12,-23],[12,-23],[12,-23],[12,-23],[12,-24],[12,-23],[11,-23],[13,-23],[11,-23],[12,-23],[36,-69],[12,-23],[12,-23],[57,-110],[58,-109],[59,-109],[60,-108],[61,-108],[61,-106],[62,-107],[63,-106],[63,-105],[65,-105],[65,-104],[65,-104],[66,-104],[66,-102],[67,-103],[67,-102],[68,-103],[68,-101],[68,-102],[69,-101],[69,-101],[69,-101],[70,-100],[69,-100],[70,-100],[71,-100],[140,-200],[70,-99],[140,-199],[71,-100],[280,-398],[70,-100],[69,-100],[70,-100],[68,-100],[69,-100],[68,-100],[68,-101],[67,-101],[67,-101],[67,-101],[66,-102],[66,-102],[65,-102],[64,-103],[64,-102],[63,-104],[63,-104],[62,-104],[61,-104],[60,-106],[59,-105],[59,-106],[57,-107],[57,-107],[56,-108],[55,-108],[54,-109],[53,-110],[78,-164],[38,-82],[39,-82],[38,-82],[38,-81],[38,-82],[75,-164],[37,-82],[37,-81],[37,-82],[36,-81],[37,-83],[36,-81],[36,-82],[36,-81],[35,-82],[35,-81],[35,-82],[35,-82],[35,-82],[34,-81],[34,-82],[34,-81],[33,-82],[33,-82],[33,-82],[33,-82],[33,-81],[31,-82],[33,-82],[31,-82],[31,-82],[62,-164],[30,-82],[30,-83],[30,-82],[30,-82],[29,-82],[29,-83],[28,-82],[28,-83],[28,-83],[27,-83],[27,-83],[27,-83],[52,-166],[26,-84],[26,-83],[24,-83],[25,-84],[24,-83],[24,-84],[23,-84],[23,-84],[23,-84],[22,-84],[22,-85],[42,-169],[21,-85],[14,-60],[15,-61],[14,-61],[14,-61],[15,-63],[15,-63],[15,-63],[15,-64],[15,-65],[15,-64],[15,-66],[15,-65],[16,-67],[15,-66],[15,-66],[15,-67],[16,-67],[15,-67],[31,-135],[15,-68],[16,-68],[15,-67],[15,-68],[31,-135],[15,-69],[15,-67],[16,-68],[15,-67],[15,-67],[15,-67],[15,-67],[15,-67],[15,-66],[14,-66],[15,-65],[14,-65],[15,-65],[14,-64],[14,-64],[14,-64],[14,-63],[14,-62],[14,-62],[13,-61],[13,-60],[13,-60],[13,-59],[13,-59],[13,-57],[12,-57],[12,-56],[12,-55],[13,-54],[11,-54],[12,-52],[11,-52],[11,-51],[11,-49],[10,-49],[11,-47],[10,-47],[10,-45],[30,-136],[32,-136],[34,-136],[35,-136],[37,-137],[39,-137],[41,-137],[42,-137],[43,-137],[45,-137],[46,-137],[47,-137],[49,-138],[49,-137],[51,-137],[52,-137],[53,-138],[54,-137],[55,-137],[56,-137],[56,-137],[57,-136],[59,-137],[59,-136],[59,-136],[60,-136],[61,-135],[61,-136],[61,-135],[62,-134],[61,-135],[63,-133],[63,-134],[62,-133],[63,-133],[63,-132],[63,-132],[62,-131],[63,-131],[63,-130],[62,-130],[62,-129],[61,-129],[62,-128],[61,-128],[60,-127],[60,-126],[60,-125],[59,-125],[58,-125],[57,-123],[57,-122],[56,-122],[55,-121],[54,-120],[53,-120],[52,-118],[51,-118],[50,-117],[49,-116],[47,-115],[46,-113],[45,-114],[43,-112],[7,-16],[6,-18],[6,-20],[7,-20],[6,-20],[6,-22],[7,-23],[6,-24],[7,-24],[6,-25],[6,-26],[6,-27],[6,-27],[6,-28],[5,-28],[5,-29],[4,-30],[5,-29],[4,-31],[4,-31],[3,-31],[3,-31],[2,-32],[2,-32],[2,-32],[1,-33],[1,-32],[-1,-33],[-1,-33],[-1,-33],[-2,-32],[-3,-33],[-4,-33],[-5,-32],[-5,-33],[-5,-32],[-8,-32],[-7,-31],[-9,-32],[-9,-31],[-11,-30],[-12,-31],[-12,-29],[-13,-30],[-15,-29],[-16,-28],[-16,-28],[-19,-27],[-18,-26],[-21,-26],[-22,-25],[-23,-24],[-24,-23],[-25,-23],[-27,-22],[-28,-20],[-29,-20],[-32,-19],[-32,-18],[-34,-16],[-36,-16],[-37,-14],[-39,-13],[-40,-12],[-28,-6],[-29,-4],[-28,-1],[-28,0],[-27,2],[-27,3],[-27,6],[-27,7],[-26,9],[-26,11],[-26,12],[-25,14],[-25,15],[-25,17],[-25,19],[-25,19],[-24,21],[-24,23],[-24,23],[-23,26],[-24,26],[-23,28],[-24,28],[-23,30],[-23,31],[-22,32],[-23,34],[-22,34],[-23,35],[-22,35],[-22,37],[-22,38],[-22,38],[-45,79],[-21,41],[-22,41],[-22,42],[-22,42],[-21,44],[-23,43],[-43,88],[-22,45],[-21,45],[-23,46],[-22,46],[-21,46],[-23,46],[-22,46],[-22,47],[-22,47],[-23,47],[-22,47],[-23,46],[-22,47],[-24,47],[-23,46],[-23,47],[-24,46],[-23,46],[-24,46],[-48,90],[-66,125],[-65,126],[-65,128],[-65,128],[-64,129],[-64,130],[-63,132],[-63,131],[-62,133],[-63,133],[-61,135],[-62,135],[-61,136],[-60,137],[-60,137],[-60,138],[-59,139],[-59,140],[-59,140],[-58,140],[-57,142],[-58,142],[-57,142],[-56,143],[-56,144],[-56,144],[-55,145],[-55,145],[-54,146],[-54,145],[-54,147],[-53,147],[-53,147],[-52,147],[-52,149],[-102,296],[-50,149],[-51,149],[-49,149],[-50,150],[-48,150],[-49,150],[-48,150],[-47,150],[-48,151],[-46,150],[-46,151],[-46,150],[-90,301],[-45,151],[-44,151],[-44,150],[-43,151],[-43,151],[-42,150],[-42,151],[-42,150],[-41,149],[-40,151],[-40,149],[-40,150],[-39,149],[-17,67],[-17,68],[-17,68],[-17,68],[-33,139],[-16,70],[-34,142],[-17,71],[-16,71],[-17,72],[-17,71],[-17,72],[-18,73],[-18,72],[-18,73],[-18,72],[-19,72],[-19,71],[-40,144],[-20,71],[-21,71],[-22,71],[-22,70],[-23,69],[-24,70],[-24,69],[-25,69],[-26,67],[-26,67],[-28,67],[-28,66],[-29,65],[-30,64],[-31,64],[-32,62],[-33,61],[-34,61],[-35,59],[-36,59],[-38,57],[-38,56],[-40,56],[-41,54],[-42,52],[-44,52],[-44,50],[-47,48],[-47,47],[-50,46],[-50,44],[-52,43],[-54,41],[-55,39],[-57,38],[-59,36],[-60,34],[-62,32],[-63,31],[-65,28],[-68,27],[-69,25],[-36,12],[-15,4],[-15,4],[-7,2],[-8,2],[-15,3],[-8,1],[-16,3],[-7,2],[-31,4],[-8,1],[-15,1],[-8,0],[-7,1],[-8,0],[-14,1],[-16,0],[-14,1],[-7,0],[-7,-1],[-15,0],[-13,-1],[-14,-1],[-6,0],[-13,-2],[-6,-1],[-6,-1],[-12,-2],[-5,-1],[-6,-2],[-11,-3],[-10,-3],[-5,-1],[-9,-4],[-4,-2],[-13,-6],[-3,-2],[-3,-3],[-8,-4],[-7,-5],[-7,-6],[-3,-3],[-7,-7],[-8,-8],[-3,-4],[-7,-9],[-15,-20],[-6,-11],[-4,-6],[-3,-6],[-6,-13],[-4,-6],[-4,-6],[-3,-7],[-3,-7],[-4,-6],[-9,-21],[-10,-23],[-2,-7],[-7,-15],[-2,-8],[-3,-8],[-3,-8],[-5,-16],[-3,-8],[-3,-8],[-2,-8],[-3,-8],[-2,-9],[-3,-8],[-2,-9],[-2,-8],[-5,-17],[-1,-8],[-5,-17],[-4,-17],[-2,-9],[-2,-8],[-1,-8],[-2,-8],[-1,-9],[-2,-8],[-1,-9],[-9,-58],[-9,-58],[-7,-59],[-6,-59],[-4,-58],[-4,-59],[-2,-59],[-2,-59],[0,-59],[1,-59],[1,-60],[3,-59],[4,-60],[5,-59],[6,-60],[6,-60],[8,-60],[9,-61],[9,-60],[10,-61],[11,-61],[12,-61],[13,-61],[13,-62],[14,-61],[16,-62],[15,-63],[17,-62],[17,-63],[18,-63],[18,-63],[19,-64],[20,-64],[20,-64],[21,-65],[21,-65],[22,-65],[23,-66],[22,-66],[24,-67],[24,-67],[24,-67],[25,-67],[25,-68],[25,-69],[26,-68],[53,-140],[26,-70],[27,-71],[27,-71],[28,-71],[27,-72],[28,-73],[28,-73],[28,-74],[28,-74],[29,-74],[28,-76],[28,-76],[29,-76],[28,-77],[29,-77],[29,-78],[35,-99],[36,-99],[36,-100],[36,-99],[35,-99],[36,-99],[35,-100],[36,-100],[36,-100],[35,-100],[36,-99],[35,-101],[36,-100],[35,-100],[36,-100],[35,-101],[35,-101],[106,-301],[35,-101],[71,-201],[69,-201],[36,-101],[35,-101],[35,-101],[34,-101],[35,-100],[35,-101],[69,-202],[69,-201],[138,-403],[34,-100],[34,-100],[34,-101],[34,-100],[34,-100],[34,-100],[34,-100],[34,-100],[33,-100],[34,-99],[67,-200],[34,-99],[33,-99],[34,-99],[33,-99],[33,-99],[33,-99],[33,-98],[33,-98],[33,-99],[33,-98],[65,-195],[32,-98],[41,-120],[41,-120],[42,-119],[42,-119],[44,-117],[44,-118],[44,-116],[45,-116],[47,-115],[46,-114],[48,-114],[48,-114],[48,-112],[49,-112],[50,-112],[51,-111],[51,-111],[51,-110],[52,-110],[53,-108],[53,-109],[54,-108],[55,-107],[55,-108],[55,-106],[56,-107],[56,-105],[57,-106],[58,-105],[58,-105],[57,-104],[59,-104],[59,-104],[60,-103],[60,-103],[60,-102],[61,-103],[61,-102],[62,-101],[62,-102],[63,-101],[63,-101],[62,-101],[64,-101],[63,-100],[65,-100],[64,-100],[65,-101],[130,-199],[65,-99],[66,-100],[66,-100],[66,-99],[66,-99],[67,-98],[67,-99],[67,-100],[67,-98],[67,-99],[68,-99],[67,-99],[69,-100],[68,-98],[4,-7],[5,-6],[9,-14],[5,-7],[9,-15],[5,-8],[4,-7],[9,-16],[5,-8],[9,-16],[4,-9],[9,-17],[4,-9],[8,-17],[5,-9],[8,-18],[4,-9],[4,-9],[8,-19],[4,-9],[4,-9],[7,-19],[4,-10],[3,-9],[4,-10],[3,-10],[4,-9],[9,-29],[3,-10],[3,-10],[6,-19],[3,-9],[3,-10],[2,-9],[3,-10],[2,-9],[5,-19],[2,-9],[5,-19],[5,-27],[2,-9],[1,-9],[2,-9],[1,-8],[1,-9],[1,-9],[2,-8],[1,-8],[27,-219],[27,-220],[27,-218],[27,-218],[26,-218],[26,-218],[26,-217],[25,-216],[25,-217],[24,-216],[25,-216],[23,-216],[23,-216],[45,-430],[21,-214],[21,-214],[20,-215],[19,-214],[19,-214],[19,-213],[18,-214],[16,-213],[17,-213],[15,-214],[14,-212],[14,-213],[13,-212],[12,-213],[11,-212],[10,-213],[10,-212],[8,-212],[7,-213],[7,-212],[5,-212],[5,-212],[3,-212],[2,-213],[1,-212],[0,-212],[-1,-212],[-3,-213],[-3,-212],[-5,-212],[-6,-213],[-8,-213],[-8,-213],[-10,-213],[-12,-213],[-12,-212],[-15,-214],[-15,-213],[-17,-214],[-19,-214],[-20,-214],[-21,-214],[-23,-214],[-25,-215],[-26,-215],[-27,-215],[-30,-215],[-31,-216],[-32,-216],[-12,-81],[-12,-81],[-11,-82],[-10,-82],[-10,-83],[-9,-83],[-9,-83],[-8,-83],[-7,-83],[-7,-84],[-7,-84],[-12,-168],[-5,-85],[-5,-84],[-8,-170],[-3,-84],[-3,-85],[-3,-85],[-2,-85],[-2,-85],[-2,-85],[-3,-169],[-1,-85],[0,-85],[-1,-84],[0,-253],[0,-84],[1,-83],[0,-84],[2,-166],[1,-83],[1,-82],[1,-82],[1,-82],[1,-82],[1,-80],[1,-81],[1,-80],[1,-80],[1,-79],[1,-79],[1,-79],[1,-78],[1,-77],[0,-77],[0,-76],[1,-76],[0,-75],[-1,-75],[0,-74],[0,-73],[-1,-73],[-1,-72],[-2,-71],[-1,-71],[-2,-70],[-3,-68],[-2,-69],[-1,-8],[0,-8],[0,-8],[-1,-9],[0,-8],[-1,-9],[0,-9],[-1,-8],[-1,-9],[-1,-9],[-1,-9],[-1,-9],[-1,-8],[-1,-9],[-2,-18],[-2,-9],[-2,-18],[-2,-9],[-2,-10],[-1,-9],[-2,-9],[-3,-17],[-2,-9],[-4,-18],[-2,-8],[-1,-9],[-3,-9],[-3,-17],[-7,-25],[-2,-9],[-3,-8],[-6,-24],[-3,-8],[-2,-8],[-3,-8],[-2,-8],[-3,-7],[-3,-8],[-4,-14],[-6,-14],[-5,-14],[-6,-13],[-2,-7],[-3,-6],[-2,-6],[-6,-12],[-5,-11],[-6,-10],[-2,-5],[-6,-10],[-3,-5],[-3,-6],[-3,-5],[-7,-11],[-4,-5],[-4,-5],[-8,-11],[-4,-6],[-9,-11],[-10,-11],[-5,-5],[-5,-6],[-11,-11],[-11,-11],[-5,-5],[-6,-5],[-12,-11],[-6,-5],[-13,-10],[-19,-15],[-6,-5],[-7,-5],[-20,-13],[-7,-5],[-13,-8],[-8,-4],[-7,-3],[-14,-8],[-15,-7],[-7,-3],[-14,-6],[-8,-3],[-15,-5],[-7,-3],[-8,-2],[-14,-4],[-16,-3],[-14,-2],[-8,-1],[-8,0],[-7,-1],[-13,0],[-14,0],[-14,1],[-14,0],[-13,1],[-14,1],[-14,1],[-13,1],[-14,2],[-27,4],[-27,5],[-13,3],[-13,3],[-27,7],[-14,4],[-13,4],[-13,4],[-26,9],[-13,5],[-13,5],[-13,5],[-25,11],[-26,12],[-24,13],[-12,7],[-12,7],[-24,14],[-23,15],[-23,16],[-11,9],[-11,8],[-11,9],[-11,9],[-11,9],[-11,9],[-20,19],[-10,10],[-10,10],[-10,10],[-10,11],[-9,10],[-9,11],[-18,22],[-8,11],[-9,11],[-8,12],[-8,11],[-8,12],[-8,12],[-7,12],[-7,12],[-7,13],[-7,12],[-6,13],[-5,13],[-6,13],[-5,13],[-4,13],[-8,28],[-4,14],[-3,14],[-7,29],[-2,15],[-3,15],[-2,15],[-2,15],[-2,15],[-4,30],[-1,15],[-2,15],[-1,16],[-1,15],[-4,30],[-3,31],[-1,15],[-2,15],[-2,15],[-3,30],[-2,15],[-2,15],[-3,15],[-2,14],[-3,15],[-6,29],[-4,14],[-4,14],[-4,14],[-9,27],[-5,13],[-5,13],[-6,13],[-6,13],[-7,12],[-15,24],[-8,12],[-8,11],[-9,12],[-10,10],[-10,11],[-10,10],[-12,10],[-11,9],[-13,9],[-13,9],[-14,9],[-14,8],[-15,8],[-27,11],[-25,10],[-26,7],[-24,4],[-23,1],[-23,-1],[-22,-3],[-21,-5],[-20,-8],[-20,-10],[-19,-12],[-18,-13],[-18,-16],[-17,-17],[-16,-20],[-16,-21],[-14,-22],[-15,-24],[-13,-26],[-14,-27],[-12,-28],[-12,-30],[-11,-30],[-11,-32],[-10,-32],[-10,-34],[-9,-34],[-9,-35],[-8,-36],[-8,-36],[-7,-37],[-7,-38],[-6,-38],[-6,-38],[-6,-39],[-5,-38],[-5,-39],[-5,-39],[-4,-38],[-4,-39],[-3,-38],[-3,-38],[-3,-37],[-3,-37],[-3,-37],[-1,-36],[-3,-36],[-1,-35],[-1,-33],[-1,-34],[-1,-32],[-1,-31],[-1,-30],[0,-28],[0,-28],[-1,-26],[0,-24],[0,-24],[0,-41],[1,-19],[0,-31],[0,-13],[1,-35],[1,-37],[0,-37],[1,-36],[2,-73],[1,-36],[0,-37],[1,-36],[0,-37],[1,-37],[0,-36],[0,-37],[0,-37],[0,-36],[-1,-37],[0,-37],[-1,-37],[-1,-36],[-2,-36],[-2,-37],[-2,-36],[-2,-36],[-6,-72],[-4,-36],[-4,-35],[-4,-36],[-5,-35],[-5,-35],[-6,-35],[-6,-35],[-7,-35],[-7,-34],[-8,-34],[-8,-34],[-9,-33],[-10,-34],[-21,-65],[-11,-32],[-12,-32],[-13,-32],[-13,-31],[-14,-32],[-16,-30],[-15,-30],[-17,-30],[-17,-30],[-18,-29],[-19,-29],[-20,-28],[-21,-27],[-21,-28],[-23,-27],[-23,-26],[-24,-26],[-25,-26],[-27,-24],[-27,-25],[-28,-23],[-29,-24],[-30,-23],[-32,-22],[-36,-25],[-37,-23],[-37,-21],[-38,-20],[-38,-18],[-38,-17],[-38,-15],[-39,-14],[-39,-13],[-39,-12],[-40,-10],[-39,-10],[-40,-8],[-40,-8],[-41,-6],[-40,-5],[-40,-5],[-41,-4],[-41,-3],[-42,-2],[-41,-2],[-42,-1],[-83,0],[-42,1],[-42,1],[-42,2],[-43,1],[-42,2],[-43,3],[-43,2],[-43,3],[-85,6],[-44,3],[-43,3],[-43,3],[-130,7],[-87,4],[-43,1],[-44,1],[-43,1],[-44,0],[-44,-1],[-43,-1],[-43,-2],[-44,-2],[-44,-4],[-43,-4],[-44,-5],[-43,-5],[-44,-7],[-43,-8],[-43,-9],[-43,-10],[-43,-11],[-43,-12],[-43,-13],[-43,-15],[-43,-16],[-42,-18],[-52,-26],[-53,-27],[-54,-28],[-54,-28],[-55,-30],[-56,-29],[-57,-30],[-58,-30],[-59,-31],[-59,-31],[-60,-31],[-61,-31],[-61,-32],[-62,-31],[-62,-32],[-63,-31],[-63,-32],[-64,-31],[-64,-30],[-65,-31],[-64,-31],[-66,-30],[-65,-29],[-66,-29],[-132,-56],[-66,-26],[-67,-26],[-66,-26],[-67,-24],[-67,-23],[-67,-23],[-67,-21],[-66,-20],[-67,-19],[-66,-18],[-67,-16],[-66,-16],[-65,-13],[-66,-13],[-66,-11],[-65,-9],[-65,-7],[-64,-6],[-65,-4],[-63,-3],[-63,0],[-63,2],[-62,3],[-62,6],[-61,8],[-60,10],[-60,12],[-59,14],[-59,17],[-58,19],[-57,22],[-56,24],[-56,27],[-54,29],[-53,32],[-53,35],[-52,38],[-51,41],[-6,5],[-5,5],[-6,6],[-11,12],[-6,6],[-5,6],[-5,7],[-4,6],[-5,7],[-5,7],[-8,14],[-4,8],[-4,7],[-3,8],[-4,7],[-4,8],[-6,15],[-3,8],[-6,17],[-2,8],[-2,8],[-2,9],[-3,8],[-3,17],[-2,8],[-1,9],[-3,17],[-1,8],[-1,9],[0,8],[0,9],[-1,9],[0,8],[0,17],[0,9],[1,8],[0,8],[3,26],[3,16],[2,8],[3,16],[5,15],[2,8],[6,15],[3,7],[3,7],[3,7],[7,14],[4,7],[4,6],[29,44],[30,41],[31,41],[33,40],[33,38],[34,36],[35,36],[36,34],[37,33],[37,32],[39,31],[39,30],[39,29],[41,28],[41,28],[41,26],[42,26],[43,25],[42,25],[44,24],[44,23],[44,23],[44,23],[45,22],[45,21],[46,22],[45,21],[45,21],[46,21],[46,20],[91,41],[45,21],[46,21],[46,21],[45,21],[45,21],[45,22],[44,21],[44,23],[44,22],[44,24],[43,23],[43,25],[42,25],[42,26],[41,26],[40,27],[40,28],[40,29],[38,29],[38,31],[37,32],[37,32],[35,34],[34,35],[34,36],[32,38],[32,39],[31,41],[30,41],[28,43],[28,45],[25,46],[4,7],[4,7],[4,7],[7,15],[6,16],[4,8],[3,8],[7,17],[2,9],[7,18],[3,9],[2,9],[3,9],[3,9],[2,10],[2,9],[3,10],[2,9],[2,10],[2,10],[2,10],[2,10],[2,10],[1,10],[2,10],[2,11],[3,20],[1,10],[1,10],[1,11],[2,20],[0,10],[1,20],[0,10],[1,10],[0,10],[0,10],[0,10],[-1,10],[0,9],[-3,29],[-1,9],[-1,9],[-1,9],[-2,9],[-1,9],[-4,17],[-5,17],[-2,8],[-2,8],[-3,8],[-3,8],[-3,7],[-12,27],[-13,27],[-14,26],[-16,25],[-16,25],[-17,24],[-18,23],[-18,24],[-19,22],[-20,21],[-21,21],[-21,21],[-22,20],[-23,20],[-22,19],[-24,19],[-48,37],[-25,18],[-24,17],[-51,35],[-25,17],[-27,17],[-26,17],[-26,17],[-26,16],[-26,17],[-26,17],[-26,17],[-27,16],[-26,17],[-51,34],[-26,18],[-25,18],[-25,18],[-25,18],[-24,19],[-24,19],[-24,19],[-23,20],[-22,20],[-22,21],[-22,21],[-21,22],[-20,22],[-19,23],[-19,23],[-18,24],[-17,25],[-16,26],[-16,26],[-15,27],[-13,28],[-13,29],[-12,30],[-10,30],[-10,31],[-8,33],[-7,33],[-6,35],[-5,35],[-4,37],[-2,14],[-1,14],[-1,15],[-1,14],[-1,15],[-1,15],[-1,14],[0,15],[-1,15],[0,14],[-1,15],[-1,15],[0,15],[0,15],[-1,15],[0,14],[0,15],[-1,15],[0,15],[0,60],[0,15],[-1,15],[0,30],[0,15],[-1,15],[0,15],[0,15],[-1,15],[0,15],[-1,15],[0,15],[0,15],[-1,15],[-2,30],[-2,29],[-1,15],[-1,15],[-2,15],[-1,15],[-1,14],[-2,15],[-2,15],[-4,29],[-4,29],[-3,15],[-2,14],[-3,15],[-3,14],[-3,14],[-3,14],[-3,15],[-4,14],[-4,14],[-4,14],[-4,13],[-4,14],[-3,8],[-7,15],[-7,15],[-4,8],[-4,8],[-4,8],[-4,7],[-5,8],[-4,7],[-10,16],[-11,15],[-11,15],[-6,8],[-6,8],[-6,7],[-25,30],[-20,22],[-13,14],[-8,8],[-6,7],[-8,7],[-29,28],[-7,6],[-15,13],[-15,13],[-7,7],[-8,6],[-15,13],[-7,6],[-8,6],[-14,11],[-8,6],[-8,6],[-7,5],[-7,5],[-8,6],[-7,5],[-15,10],[-7,5],[-7,5],[-7,4],[-7,5],[-6,4],[-7,4],[-7,4],[-82,47],[-83,46],[-85,44],[-85,43],[-85,41],[-87,40],[-87,39],[-88,38],[-89,38],[-89,35],[-90,35],[-90,34],[-91,34],[-91,33],[-91,32],[-92,32],[-91,31],[-93,31],[-91,31],[-93,31],[-91,31],[-93,30],[-92,31],[-92,31],[-91,31],[-92,31],[-91,32],[-91,32],[-90,33],[-90,33],[-90,35],[-89,35],[-89,36],[-88,36],[-87,38],[-86,39],[-86,40],[-85,41],[-83,43],[-84,44],[-82,46],[-80,47],[-80,49],[-79,50],[-78,53],[-76,54],[-75,56],[-74,58],[-72,61],[-71,63],[-70,65],[-68,67],[-66,69],[-65,73],[-63,74],[-61,78],[-59,81],[-58,83],[-56,86],[-54,89],[-52,92],[-49,96],[-48,98],[-46,102],[-3,7],[-4,8],[-3,7],[-4,8],[-4,8],[-4,7],[-12,24],[-18,32],[-4,9],[-5,8],[-5,8],[-5,8],[-10,17],[-5,8],[-5,8],[-10,17],[-11,17],[-11,17],[-6,8],[-5,9],[-6,8],[-5,8],[-6,8],[-12,16],[-6,8],[-6,8],[-6,8],[-6,7],[-6,8],[-6,8],[-6,7],[-6,8],[-6,7],[-13,15],[-11,14],[-13,14],[-6,7],[-6,7],[-12,13],[-13,12],[-6,6],[-6,6],[-7,5],[-5,6],[-7,5],[-6,5],[-12,10],[-6,5],[-72,59],[-71,57],[-71,57],[-69,55],[-68,55],[-66,54],[-66,53],[-64,53],[-64,52],[-61,51],[-61,51],[-60,51],[-59,50],[-58,51],[-56,49],[-56,50],[-54,49],[-54,50],[-52,49],[-51,49],[-51,50],[-49,50],[-49,50],[-48,51],[-46,50],[-45,52],[-45,51],[-44,52],[-42,53],[-42,54],[-40,54],[-41,55],[-39,57],[-38,56],[-37,58],[-36,59],[-36,60],[-34,62],[-34,62],[-33,64],[-33,65],[-31,67],[-31,68],[-29,69],[-29,71],[-28,73],[-28,74],[-27,77],[-26,78],[-25,80],[-24,82],[-24,83],[-23,86],[-22,88],[-22,91],[-21,92],[-20,95],[-20,97],[-19,100],[-18,103],[-18,105],[-17,107],[-17,110],[-16,113],[-4,32],[-2,16],[-2,16],[-2,16],[-2,16],[-2,15],[-2,16],[-2,15],[-1,16],[-2,16],[-1,15],[-2,16],[-1,15],[-2,16],[-1,15],[-2,15],[-3,31],[0,15],[-2,15],[-1,16],[-1,15],[-1,15],[-1,15],[-1,15],[-1,14],[-1,15],[-1,15],[-5,88],[-1,14],[-2,28],[0,13],[-2,28],[-1,14],[-1,14],[-1,13],[-1,14],[0,13],[-1,14],[-1,13],[-2,26],[0,13],[-1,13],[-1,12],[-3,38],[0,12],[-1,12],[-1,12],[-1,12],[-1,12],[-1,12],[-1,11],[-1,12],[-9,85],[-8,84],[-8,81],[-7,80],[-8,77],[-6,76],[-7,75],[-6,73],[-7,71],[-7,69],[-6,68],[-7,67],[-6,65],[-8,64],[-7,63],[-8,61],[-8,60],[-9,59],[-9,57],[-9,57],[-11,56],[-11,55],[-11,55],[-13,53],[-13,53],[-14,51],[-15,51],[-16,51],[-18,50],[-18,49],[-20,49],[-21,49],[-22,48],[-24,48],[-25,48],[-26,47],[-28,47],[-30,48],[-31,47],[-33,47],[-35,47],[-37,48],[-38,48],[-41,47],[-43,48],[-44,49],[-46,48],[-49,49],[-51,50],[-54,50],[-56,50],[-58,52],[-60,52],[-63,53],[-66,53],[-68,55],[-71,55],[-74,56],[-76,57],[-80,58],[-82,59],[-86,62],[-88,61],[-92,63],[-88,60],[-88,58],[-88,58],[-87,56],[-86,56],[-87,55],[-85,54],[-85,53],[-85,52],[-84,52],[-83,50],[-83,51],[-82,49],[-82,49],[-81,49],[-81,48],[-80,48],[-79,47],[-79,47],[-78,47],[-77,46],[-77,46],[-77,46],[-75,46],[-75,46],[-74,45],[-74,46],[-73,46],[-72,46],[-72,46],[-70,46],[-71,46],[-69,47],[-68,47],[-68,47],[-68,48],[-66,49],[-66,49],[-64,49],[-64,50],[-64,50],[-62,51],[-62,52],[-61,53],[-60,53],[-59,54],[-58,56],[-58,56],[-57,57],[-55,58],[-55,59],[-54,61],[-53,61],[-52,63],[-52,64],[-50,65],[-50,67],[-48,68],[-47,69],[-47,71],[-46,72],[-44,74],[-44,76],[-43,77],[-20,38],[-20,38],[-19,38],[-19,38],[-18,38],[-18,39],[-17,39],[-17,39],[-16,39],[-16,40],[-16,39],[-15,39],[-14,40],[-14,40],[-14,40],[-14,40],[-13,40],[-13,41],[-13,41],[-12,41],[-12,41],[-12,41],[-11,41],[-11,42],[-11,41],[-11,42],[-11,42],[-10,42],[-11,42],[-9,43],[-10,42],[-10,43],[-10,44],[-10,43],[-10,43],[-9,43],[-10,44],[-19,88],[-9,44],[-19,89],[-10,44],[-10,45],[-10,45],[-10,45],[-10,46],[-10,45],[-10,46],[-11,46],[-10,46],[-11,46],[-11,46],[-11,47],[-11,47],[-12,47],[-12,47],[-12,47],[-13,47],[-13,48],[-13,48],[-14,47],[-14,49],[-14,48],[-14,47],[-14,48],[-15,48],[-15,49],[-16,50],[-16,50],[-17,51],[-16,52],[-18,52],[-17,53],[-17,53],[-18,54],[-18,54],[-18,55],[-19,54],[-18,56],[-19,55],[-19,57],[-19,56],[-38,114],[-20,58],[-19,57],[-19,58],[-20,58],[-19,58],[-19,59],[-19,59],[-20,59],[-38,118],[-19,59],[-19,59],[-18,60],[-19,59],[-18,59],[-18,60],[-18,59],[-18,59],[-17,59],[-17,59],[-17,59],[-17,59],[-16,58],[-16,59],[-30,116],[-15,58],[-14,57],[-14,57],[-14,57],[-13,56],[-12,56],[-12,56],[-12,55],[-11,55],[-10,55],[-10,54],[-9,53],[-9,53],[-8,53],[-7,52],[-7,52],[-6,50],[-11,112],[-7,114],[-4,114],[-2,117],[3,116],[5,118],[7,119],[10,119],[13,121],[15,121],[17,122],[19,123],[21,123],[23,123],[25,124],[26,124],[28,125],[28,125],[30,124],[31,125],[32,125],[32,125],[33,125],[34,124],[34,124],[34,124],[33,123],[34,124],[34,122],[34,122],[33,121],[32,120],[32,119],[31,119],[29,118],[29,117],[27,116],[26,114],[24,114],[23,112],[21,111],[19,109],[16,108],[15,106],[12,105],[10,103],[7,101],[4,100],[2,98],[-2,96],[-5,94],[-8,92],[-11,89],[-15,87],[-19,85],[-23,83],[-26,81],[-31,78],[-34,75],[-40,73],[-44,70],[-48,67],[-53,65],[-58,62],[-6,5],[-11,11],[-13,10],[-6,4],[-7,5],[-13,9],[-7,4],[-8,5],[-14,8],[-16,7],[-7,4],[-8,3],[-16,7],[-8,3],[-8,3],[-9,2],[-9,3],[-8,3],[-8,2],[-9,2],[-9,2],[-8,2],[-9,2],[-9,1],[-8,2],[-26,3],[-9,1],[-9,1],[-9,1],[-8,0],[-9,1],[-35,0],[-9,-1],[-8,0],[-18,-2],[-16,-2],[-16,-3],[-16,-4],[-8,-2],[-16,-5],[-7,-3],[-7,-3],[-15,-6],[-7,-3],[-7,-4],[-7,-3],[-6,-4],[-39,-23],[-37,-25],[-37,-25],[-36,-27],[-35,-28],[-35,-30],[-34,-30],[-33,-32],[-33,-32],[-31,-34],[-32,-34],[-30,-35],[-31,-36],[-29,-37],[-29,-38],[-29,-38],[-28,-39],[-27,-40],[-28,-41],[-26,-42],[-26,-41],[-27,-43],[-25,-43],[-25,-43],[-25,-43],[-25,-44],[-25,-45],[-23,-45],[-24,-45],[-24,-45],[-24,-46],[-92,-184],[-23,-46],[-22,-46],[-23,-46],[-23,-46],[-22,-46],[-23,-45],[-22,-46],[-23,-45],[-23,-45],[-23,-45],[-23,-44],[-22,-44],[-24,-44],[-23,-43],[-24,-42],[-24,-42],[-24,-42],[-24,-41],[-25,-41],[-24,-39],[-26,-39],[-26,-38],[-25,-37],[-27,-37],[-27,-35],[-27,-35],[-27,-34],[-28,-33],[-29,-31],[-6,-6],[-6,-5],[-11,-11],[-7,-5],[-6,-5],[-6,-5],[-13,-8],[-6,-4],[-14,-8],[-7,-4],[-7,-3],[-7,-3],[-14,-6],[-7,-2],[-22,-6],[-8,-2],[-7,-2],[-8,-1],[-8,-1],[-8,-1],[-7,-1],[-7,0],[-16,-1],[-7,0],[-16,0],[-8,1],[-7,0],[-15,2],[-8,2],[-8,1],[-14,4],[-8,2],[-7,2],[-22,7],[-7,3],[-7,3],[-6,3],[-14,7],[-7,4],[-19,12],[-6,5],[-6,4],[-6,5],[-12,10],[-10,11],[-5,5],[-5,6],[-42,51],[-38,53],[-37,53],[-34,55],[-33,56],[-31,58],[-28,59],[-26,60],[-25,61],[-23,62],[-21,63],[-20,64],[-17,65],[-16,65],[-15,67],[-13,68],[-11,68],[-10,69],[-8,69],[-8,70],[-6,71],[-4,72],[-4,72],[-1,72],[-2,73],[0,74],[1,74],[2,74],[3,75],[4,74],[5,75],[5,76],[6,75],[7,76],[8,75],[8,77],[9,76],[9,76],[10,76],[10,75],[10,76],[10,76],[12,75],[22,150],[12,75],[11,74],[12,74],[12,74],[11,73],[12,73],[11,72],[11,71],[11,71],[11,70],[10,71],[10,69],[9,68],[9,68],[9,66],[7,66],[8,65],[6,64],[6,63],[12,140],[11,141],[13,141],[11,142],[12,143],[12,142],[11,144],[11,144],[12,145],[11,145],[10,146],[10,145],[10,146],[10,147],[10,147],[9,147],[9,148],[9,148],[8,147],[8,149],[7,148],[7,149],[6,148],[6,149],[5,149],[5,148],[4,149],[4,149],[3,149],[2,149],[2,149],[2,148],[0,149],[0,148],[-1,148],[-2,148],[-2,148],[-4,147],[-4,147],[-5,148],[-5,146],[-7,146],[-7,146],[-9,146],[-10,144],[-10,145],[-11,144],[-12,144],[-14,143],[-14,142],[-16,142],[-16,141],[-18,141],[-18,140],[-20,139],[-21,139],[-23,137],[-23,138],[-25,136],[-26,136],[-27,135],[-28,133],[-30,133],[-31,132],[-10,38],[-9,38],[-10,38],[-10,37],[-10,38],[-21,74],[-11,37],[-11,37],[-11,37],[-11,36],[-12,37],[-12,36],[-12,37],[-12,37],[-12,36],[-12,36],[-13,36],[-12,37],[-13,36],[-13,36],[-13,35],[-13,36],[-14,36],[-27,72],[-14,36],[-14,35],[-14,36],[-14,36],[-14,35],[-14,36],[-29,71],[-15,35],[-14,36],[-15,35],[-15,36],[-14,36],[-15,35],[-15,36],[-15,35],[-15,37],[-15,35],[-15,36],[-16,36],[-15,36],[-15,36],[-31,72],[-15,36],[-15,36],[-15,36],[-15,37],[-15,36],[-16,36],[-15,37],[-15,37],[-15,36],[-15,37],[-16,37],[-15,37],[-14,37],[-16,37],[-48,121],[-49,121],[-50,121],[-49,122],[-50,121],[-51,123],[-51,122],[-51,122],[-52,123],[-105,245],[-53,123],[-54,122],[-54,123],[-55,123],[-56,123],[-56,122],[-56,123],[-57,123],[-57,122],[-58,122],[-58,122],[-59,122],[-60,121],[-60,121],[-60,122],[-62,120],[-61,120],[-62,120],[-64,120],[-63,119],[-64,119],[-65,118],[-65,117],[-66,118],[-67,117],[-67,116],[-68,115],[-68,116],[-69,114],[-70,114],[-71,113],[-71,112],[-72,112],[-73,110],[-73,110],[-74,109],[-74,109],[-75,108],[-76,106],[-77,106],[-77,104],[-79,105],[-79,103],[-79,102],[-81,100],[-81,100],[-82,99],[-82,98],[-83,96],[-85,96],[-85,94],[-85,94],[-87,91],[-25,27],[-79,79],[-26,26],[-27,26],[-27,26],[-54,51],[-28,25],[-27,25],[-28,26],[-28,25],[-28,25],[-28,24],[-58,49],[-58,49],[-29,25],[-29,25],[-29,24],[-88,74],[-31,24],[-30,25],[-30,24],[-31,25],[-60,50],[-31,26],[-31,25],[-31,25],[-31,25],[-31,26],[-31,26],[-32,26],[-31,26],[-32,26],[-63,53],[-63,54],[-32,27],[-32,27],[-64,56],[-33,28],[-32,29],[-32,30],[-32,29],[-32,30],[-33,29],[-33,31],[-32,30],[-65,62],[-33,32],[-33,32],[-33,32],[-32,33],[-33,33],[-33,34],[-67,71],[-66,71],[-65,72],[-65,73],[-64,73],[-63,74],[-62,75],[-61,76],[-61,76],[-61,76],[-59,77],[-60,77],[-58,78],[-59,78],[-57,79],[-58,78],[-58,79],[-57,79],[-57,79],[-57,80],[-169,239],[-57,79],[-113,159],[-57,80],[-57,80],[-57,79],[-57,78],[-58,79],[-58,78],[-58,79],[-59,77],[-59,78],[-60,77],[-121,152],[-61,75],[-63,76],[-63,74],[-63,73],[-65,73],[-65,73],[-66,71],[-68,71],[-67,70],[-69,69],[-71,68],[-71,67],[-72,66],[-74,65],[-75,64],[-76,64],[-77,62],[-79,61],[-80,60],[-82,58],[-83,58],[-85,55],[-85,55],[-88,54],[-90,52],[-91,50],[-6,4],[-7,3],[-7,3],[-14,7],[-8,3],[-7,3],[-16,7],[-7,3],[-8,3],[-17,6],[-17,5],[-8,3],[-9,3],[-17,5],[-18,5],[-9,2],[-9,2],[-10,3],[-9,2],[-9,2],[-9,2],[-10,2],[-28,6],[-18,3],[-10,1],[-9,2],[-10,1],[-10,2],[-28,3],[-9,1],[-10,1],[-9,0],[-10,1],[-9,1],[-9,0],[-10,0],[-9,1],[-9,0],[-18,0],[-9,0],[-9,-1],[-8,0],[-9,0],[-9,-1],[-8,-1],[-8,0],[-9,-1],[-16,-2],[-8,-2],[-8,-1],[-8,-1],[-67,-13],[-66,-14],[-66,-15],[-65,-17],[-66,-18],[-65,-19],[-65,-20],[-64,-22],[-64,-23],[-64,-24],[-63,-26],[-63,-26],[-62,-28],[-62,-29],[-62,-30],[-60,-31],[-60,-32],[-60,-34],[-60,-35],[-58,-36],[-58,-37],[-58,-37],[-56,-39],[-57,-41],[-55,-41],[-55,-43],[-54,-43],[-54,-44],[-53,-45],[-52,-46],[-51,-48],[-50,-48],[-49,-49],[-49,-50],[-48,-51],[-47,-52],[-46,-52],[-45,-54],[-44,-54],[-44,-56],[-42,-56],[-42,-57],[-40,-58],[-40,-58],[-38,-60],[-38,-60],[-36,-61],[-35,-62],[-34,-62],[-33,-63],[-32,-64],[-30,-64],[-30,-66],[-28,-66],[-27,-66],[-26,-67],[-25,-68],[-23,-68],[-22,-69],[-21,-70],[-19,-70],[-18,-71],[-17,-71],[-16,-72],[-1,-8],[-2,-8],[-6,-26],[-4,-17],[-2,-9],[-9,-36],[-3,-9],[-2,-9],[-3,-10],[-2,-9],[-3,-9],[-3,-10],[-3,-9],[-5,-19],[-10,-29],[-3,-10],[-6,-19],[-8,-20],[-3,-10],[-11,-28],[-3,-10],[-11,-28],[-4,-9],[-4,-10],[-4,-9],[-3,-9],[-9,-18],[-8,-18],[-8,-17],[-4,-9],[-5,-8],[-8,-17],[-9,-16],[-4,-8],[-5,-8],[-9,-15],[-4,-7],[-5,-7],[-9,-14],[-4,-7],[-5,-6],[-4,-6],[-13,-17],[-13,-17],[-12,-17],[-13,-16],[-39,-50],[-13,-16],[-14,-16],[-13,-17],[-13,-16],[-14,-16],[-13,-16],[-14,-15],[-14,-16],[-14,-16],[-14,-16],[-28,-31],[-14,-15],[-14,-15],[-14,-16],[-44,-45],[-15,-15],[-29,-30],[-15,-14],[-15,-15],[-14,-15],[-15,-14],[-15,-15],[-15,-14],[-16,-15],[-15,-14],[-15,-14],[-15,-14],[-16,-15],[-15,-14],[-16,-14],[-15,-14],[-16,-14],[-15,-14],[-16,-13],[-16,-14],[-15,-14],[-16,-13],[-16,-13],[-16,-13],[-16,-14],[-16,-13],[-16,-13],[-16,-13],[-16,-13],[-16,-13],[-16,-13],[-16,-13],[-17,-12],[-32,-26],[-16,-13],[-17,-12],[-16,-13],[-6,-5],[-13,-10],[-7,-5],[-6,-5],[-7,-4],[-7,-5],[-14,-10],[-8,-4],[-7,-5],[-8,-5],[-7,-5],[-16,-9],[-8,-4],[-8,-5],[-16,-9],[-9,-4],[-8,-4],[-9,-4],[-17,-8],[-17,-8],[-18,-8],[-9,-3],[-9,-4],[-36,-14],[-9,-3],[-9,-4],[-9,-3],[-9,-3],[-9,-3],[-19,-5],[-9,-3],[-9,-3],[-18,-6],[-8,-2],[-9,-3],[-9,-2],[-9,-2],[-9,-2],[-9,-2],[-9,-2],[-17,-4],[-8,-1],[-9,-2],[-9,-1],[-8,-2],[-16,-2],[-8,-1],[-8,-1],[-8,-1],[-8,-1],[-79,-4],[-79,-2],[-79,-2],[-79,0],[-78,1],[-78,2],[-77,3],[-77,4],[-77,5],[-77,7],[-76,8],[-76,8],[-76,10],[-76,10],[-75,11],[-75,12],[-74,13],[-75,14],[-74,14],[-74,16],[-74,16],[-73,17],[-73,17],[-73,19],[-73,19],[-72,19],[-72,20],[-72,21],[-72,21],[-71,22],[-72,22],[-71,23],[-70,23],[-71,23],[-70,24],[-140,49],[-70,25],[-70,26],[-69,25],[-69,26],[-69,26],[-69,26],[-69,26],[-69,26],[-68,27],[-68,26],[-68,27],[-68,26],[-67,27],[-67,26],[-68,27],[-67,26],[-68,26],[-66,26],[-67,26],[-67,26],[-67,26],[-66,25],[-66,25],[-66,25],[-66,25],[-66,24],[-66,23],[-69,24],[-68,24],[-69,23],[-67,23],[-68,22],[-67,22],[-68,22],[-67,21],[-67,21],[-67,20],[-67,20],[-67,20],[-67,19],[-67,20],[-66,19],[-66,19],[-198,56],[-66,18],[-66,18],[-65,18],[-65,17],[-65,18],[-66,18],[-65,17],[-64,18],[-65,17],[-65,18],[-129,35],[-64,17],[-64,18],[-65,18],[-64,17],[-64,18],[-64,18],[-127,36],[-128,37],[-63,19],[-63,19],[-64,20],[-63,19],[-63,20],[-63,20],[-63,21],[-64,21],[-62,21],[-126,43],[-63,22],[-62,23],[-63,23],[-63,23],[-62,24],[-63,25],[-63,25],[-62,25],[-62,26],[-62,26],[-63,27],[-62,28],[-114,53],[-112,54],[-108,56],[-105,57],[-102,59],[-99,60],[-97,61],[-94,62],[-91,64],[-89,65],[-87,65],[-84,67],[-82,67],[-79,69],[-78,69],[-76,70],[-73,71],[-72,71],[-70,72],[-69,72],[-67,73],[-65,73],[-64,74],[-63,74],[-61,74],[-60,74],[-59,75],[-59,74],[-57,74],[-56,75],[-56,75],[-55,74],[-54,74],[-54,73],[-53,74],[-54,73],[-53,73],[-52,72],[-53,72],[-52,71],[-53,70],[-53,69],[-53,69],[-54,68],[-54,67],[-54,67],[-55,65],[-56,64],[-56,63],[-58,61],[-58,62],[-59,59],[-60,58],[-62,56],[-63,55],[-63,53],[-66,52],[-67,51],[-69,48],[-70,47],[-71,45],[-75,44],[-75,41],[-78,39],[-7,4],[-7,3],[-7,4],[-7,3],[-7,4],[-15,8],[-8,4],[-8,4],[-8,4],[-7,5],[-8,4],[-9,4],[-8,4],[-8,5],[-16,8],[-16,9],[-9,5],[-9,4],[-8,5],[-9,5],[-17,9],[-17,9],[-9,5],[-9,5],[-8,4],[-26,15],[-9,5],[-8,5],[-17,10],[-9,5],[-17,10],[-8,5],[-18,10],[-8,5],[-8,5],[-8,4],[-16,10],[-8,5],[-8,5],[-8,5],[-15,10],[-15,9],[-15,9],[-7,4],[-7,5],[-7,5],[-6,5],[-7,4],[-7,5],[-6,4],[-30,21],[-30,21],[-29,22],[-61,42],[-30,21],[-30,21],[-30,21],[-31,21],[-30,20],[-30,21],[-60,41],[-31,20],[-30,20],[-31,20],[-31,20],[-31,20],[-30,20],[-31,19],[-31,20],[-31,19],[-31,19],[-31,19],[-31,19],[-31,18],[-32,19],[-31,18],[-31,18],[-32,18],[-32,17],[-31,18],[-32,17],[-32,16],[-32,17],[-32,17],[-32,16],[-33,16],[-32,15],[-33,16],[-32,15],[-33,15],[-33,14],[-33,14],[-33,14],[-33,14],[-33,13],[-33,13],[-34,13],[-34,12],[-33,12],[-34,12],[-34,12],[-34,11],[-35,11],[-68,20],[-35,9],[-35,9],[-70,17],[-35,8],[-35,8],[-36,7],[-15,3],[-16,3],[-18,4],[-19,4],[-20,4],[-21,5],[-22,5],[-24,5],[-24,6],[-26,6],[-26,6],[-27,6],[-28,6],[-30,6],[-29,7],[-30,7],[-31,7],[-32,6],[-32,7],[-33,7],[-33,7],[-34,6],[-34,7],[-35,7],[-34,6],[-35,6],[-36,7],[-70,11],[-36,5],[-35,5],[-71,9],[-35,4],[-36,4],[-34,3],[-35,3],[-34,2],[-34,2],[-34,1],[-33,1],[-33,0],[-32,0],[-32,-1],[-31,-1],[-30,-2],[-30,-3],[-28,-4],[-28,-4],[-28,-5],[-26,-6],[-26,-7],[-24,-7],[-23,-9],[-22,-9],[-21,-10],[-21,-11],[-18,-12],[-18,-13],[-16,-14],[-15,-15],[-13,-16],[-12,-17],[-11,-19],[-6,-13],[-6,-13],[-4,-14],[-3,-14],[-3,-14],[-1,-15],[-1,-15],[0,-15],[1,-15],[2,-16],[2,-16],[4,-16],[4,-17],[4,-17],[6,-16],[6,-17],[6,-17],[7,-18],[8,-17],[8,-18],[9,-18],[9,-18],[10,-18],[10,-18],[10,-18],[11,-18],[12,-18],[11,-18],[12,-19],[12,-18],[13,-18],[13,-18],[13,-18],[13,-18],[13,-18],[14,-17],[13,-18],[13,-17],[14,-18],[14,-17],[13,-17],[14,-16],[13,-17],[14,-16],[13,-17],[14,-15],[12,-16],[13,-15],[13,-15],[13,-15],[12,-14],[12,-14],[11,-14],[12,-13],[11,-13],[10,-12],[20,-24],[10,-11],[9,-11],[8,-10],[8,-10],[7,-9],[7,-9],[14,-19],[14,-18],[14,-17],[15,-18],[15,-18],[46,-54],[16,-18],[16,-18],[33,-36],[17,-18],[16,-18],[17,-18],[16,-18],[17,-19],[17,-18],[17,-18],[33,-37],[18,-18],[16,-19],[17,-19],[17,-19],[16,-18],[17,-19],[16,-19],[17,-20],[16,-19],[16,-19],[16,-19],[16,-20],[15,-19],[30,-39],[15,-20],[14,-20],[14,-20],[14,-20],[13,-21],[13,-20],[13,-21],[12,-20],[12,-21],[12,-21],[11,-21],[11,-22],[10,-21],[10,-22],[9,-21],[9,-22],[8,-23],[8,-22],[7,-22],[7,-23],[6,-22],[5,-23],[5,-23],[5,-23],[3,-24],[3,-23],[2,-24],[2,-24],[0,-16],[-1,-16],[-2,-16],[-1,-8],[-2,-8],[-1,-8],[-3,-8],[-4,-16],[-3,-8],[-3,-7],[-3,-8],[-3,-8],[-4,-8],[-4,-7],[-3,-8],[-8,-15],[-9,-15],[-10,-14],[-5,-8],[-5,-7],[-6,-7],[-11,-14],[-5,-7],[-6,-7],[-7,-6],[-5,-7],[-7,-6],[-12,-12],[-7,-7],[-7,-5],[-13,-12],[-7,-6],[-7,-5],[-7,-5],[-14,-10],[-8,-5],[-14,-10],[-8,-4],[-7,-4],[-8,-4],[-7,-3],[-15,-7],[-8,-4],[-7,-3],[-23,-8],[-16,-4],[-7,-2],[-8,-2],[-73,-14],[-73,-10],[-71,-8],[-69,-6],[-69,-2],[-67,-1],[-67,3],[-65,4],[-65,7],[-63,9],[-62,12],[-62,14],[-61,15],[-60,18],[-60,19],[-58,22],[-57,23],[-58,25],[-56,27],[-57,28],[-55,30],[-55,31],[-55,32],[-54,34],[-54,35],[-54,36],[-53,38],[-53,38],[-53,39],[-53,40],[-53,41],[-52,42],[-53,42],[-52,43],[-53,43],[-53,44],[-53,45],[-52,44],[-53,45],[-54,45],[-53,45],[-55,46],[-54,45],[-55,45],[-55,45],[-55,44],[-57,44],[-56,44],[-58,44],[-58,42],[-58,43],[-60,42],[-60,41],[-61,40],[-62,39],[-63,39],[-63,37],[-65,36],[-66,35],[-67,34],[-67,33],[-69,31],[-70,30],[-71,28],[-55,20],[-55,19],[-55,19],[-56,18],[-56,17],[-56,16],[-56,15],[-57,15],[-57,14],[-58,14],[-57,12],[-58,13],[-57,11],[-57,12],[-58,10],[-58,10],[-58,10],[-58,9],[-58,8],[-58,9],[-57,8],[-58,7],[-57,7],[-58,6],[-115,12],[-56,6],[-57,6],[-57,5],[-56,5],[-56,5],[-56,4],[-55,4],[-55,4],[-55,4],[-54,4],[-54,4],[-54,4],[-53,4],[-53,4],[-52,4],[-51,4],[-51,3],[-51,4],[-50,4],[-50,5],[-48,4],[-49,5],[-47,5],[-47,5],[-46,5],[-46,5],[-45,6],[-44,6],[-43,6],[-42,7],[-42,7],[-41,7],[-40,8],[-39,8],[-38,9],[-37,9],[-37,10],[-35,10],[-22,7],[-23,8],[-24,9],[-25,10],[-26,10],[-27,12],[-28,13],[-29,14],[-29,14],[-30,15],[-31,16],[-32,17],[-32,17],[-33,18],[-34,20],[-34,19],[-35,20],[-35,21],[-36,21],[-37,21],[-37,22],[-37,22],[-38,22],[-77,46],[-38,24],[-40,23],[-39,24],[-40,24],[-40,24],[-40,25],[-40,24],[-41,24],[-40,24],[-41,24],[-40,24],[-42,25],[-81,47],[-41,24],[-40,23],[-41,23],[-40,23],[-40,22],[-40,22],[-40,22],[-39,21],[-40,20],[-39,20],[-38,20],[-76,37],[-38,17],[-37,17],[-37,17],[-36,15],[-35,15],[-35,14],[-34,13],[-34,12],[-33,11],[-33,10],[-31,11],[-32,8],[-38,8],[-37,9],[-37,7],[-37,7],[-36,7],[-36,6],[-35,6],[-36,5],[-34,4],[-35,4],[-34,4],[-34,3],[-33,2],[-34,2],[-33,2],[-33,1],[-32,1],[-33,0],[-32,0],[-31,0],[-32,-1],[-32,-1],[-31,-1],[-32,-2],[-31,-3],[-30,-2],[-32,-3],[-61,-7],[-31,-4],[-30,-4],[-30,-5],[-31,-5],[-60,-10],[-31,-5],[-31,-6],[-30,-6],[-30,-7],[-31,-6],[-31,-7],[-31,-7],[-30,-7],[-32,-8],[-30,-7],[-31,-8],[-32,-7],[-63,-16],[-32,-8],[-32,-9],[-32,-8],[-32,-8],[-66,-17],[-33,-9],[-33,-9],[-34,-8],[-34,-9],[-34,-9],[-70,-18],[-35,-9],[-36,-8],[-7,-2],[-7,-2],[-8,-1],[-15,-4],[-7,-2],[-16,-3],[-7,-1],[-8,-2],[-7,-2],[-8,-1],[-8,-2],[-15,-3],[-7,-1],[-8,-2],[-15,-3],[-14,-3],[-8,-1],[-22,-4],[-7,-1],[-7,-2],[-7,-1],[-7,-1],[-7,-1],[-7,-2],[-7,-1],[-6,-1],[-7,-1],[-7,-1],[-6,-1],[-7,-1],[-6,-2],[-6,-1],[-12,-2],[-24,-4],[-16,-3],[-15,-3],[-4,0],[-9,-2],[-5,-1],[-8,-2],[-11,-1],[-3,-1],[-3,-1],[-3,0],[-3,-1],[-1,0],[-3,-1],[-2,0],[-2,-1],[-2,0],[-1,0],[-2,-1],[-2,0],[-2,0],[-2,-1],[-1,0],[-1,0],[-2,-1],[-2,0],[-3,-1],[-1,0],[-2,0],[-2,-1],[-1,0],[-4,-1],[-3,0],[-4,-1],[-2,0],[-3,-1],[-2,0],[-4,-1],[-3,0],[-4,-1],[-2,0],[-3,-1],[-3,0],[-3,-1],[-4,0],[-3,-1],[-4,0],[-2,0],[-2,-1],[-2,0],[-2,0],[-6,-2],[-1,0],[-3,0],[-2,-1],[-4,0],[-1,0]],[[395253,124037],[983,0],[140,-1],[140,0],[1964,0],[141,-1],[140,0],[1964,0],[280,-1],[1965,0],[140,-1],[141,0],[982,0]],[[404233,124033],[4,-47],[3,-45],[3,-46],[3,-45],[1,-45],[2,-44],[1,-44],[1,-44],[0,-88],[-1,-43],[-1,-43],[-2,-43],[-2,-43],[-2,-42],[-2,-42],[-3,-41],[-6,-83],[-4,-41],[-8,-82],[-5,-41],[-4,-41],[-5,-40],[-5,-40],[-5,-40],[-5,-40],[-5,-39],[-11,-79],[-6,-39],[-5,-39],[-6,-39],[-6,-38],[-5,-39],[-6,-39],[-6,-38],[-6,-39],[-11,-76],[-11,-76],[-5,-38],[-6,-38],[-10,-75],[-4,-38],[-5,-38],[-5,-38],[-4,-37],[-4,-37],[-3,-38],[-4,-37],[-3,-38],[-3,-37],[-2,-38],[-5,-75],[-1,-37],[-2,-37],[0,-38],[-1,-38],[0,-38],[4,-200],[9,-196],[15,-193],[21,-187],[26,-184],[31,-180],[36,-176],[42,-173],[46,-168],[51,-165],[56,-162],[61,-159],[65,-155],[69,-152],[74,-149],[77,-146],[82,-144],[86,-141],[89,-138],[93,-135],[97,-134],[100,-131],[103,-129],[106,-127],[109,-125],[113,-123],[115,-121],[118,-120],[120,-118],[123,-117],[125,-115],[127,-114],[130,-114],[131,-112],[133,-110],[135,-111],[137,-109],[138,-110],[140,-108],[140,-108],[142,-108],[143,-108],[144,-107],[145,-108],[145,-107],[146,-108],[146,-109],[147,-109],[147,-109],[146,-110],[147,-111],[147,-112],[147,-112],[145,-114],[146,-114],[145,-117],[144,-117],[143,-119],[142,-121],[141,-122],[140,-124],[139,-126],[137,-128],[135,-131],[6,-6],[5,-5],[6,-6],[6,-6],[23,-26],[6,-7],[5,-6],[6,-7],[6,-8],[11,-14],[12,-15],[6,-7],[6,-8],[6,-7],[12,-16],[5,-8],[12,-16],[6,-9],[6,-8],[5,-8],[6,-9],[6,-8],[11,-17],[11,-17],[11,-17],[11,-17],[5,-9],[6,-8],[10,-17],[15,-26],[5,-8],[10,-17],[4,-9],[9,-17],[5,-8],[4,-9],[4,-8],[17,-32],[3,-8],[4,-8],[11,-22],[6,-15],[94,-217],[96,-215],[100,-211],[104,-209],[106,-206],[110,-203],[113,-201],[116,-198],[118,-196],[121,-194],[124,-191],[126,-190],[129,-187],[131,-185],[134,-183],[136,-182],[138,-179],[140,-179],[141,-177],[144,-175],[146,-174],[147,-172],[148,-172],[150,-169],[152,-169],[153,-168],[154,-168],[155,-166],[156,-166],[157,-165],[158,-164],[159,-164],[160,-164],[160,-163],[160,-163],[322,-326],[162,-163],[161,-163],[162,-163],[162,-163],[161,-164],[161,-164],[161,-165],[321,-331],[160,-168],[159,-167],[157,-169],[158,-170],[157,-170],[155,-172],[154,-174],[153,-174],[152,-176],[150,-178],[149,-179],[148,-180],[145,-183],[144,-185],[142,-186],[140,-189],[138,-190],[137,-193],[28,-41],[28,-42],[29,-41],[28,-42],[28,-42],[28,-42],[28,-42],[28,-43],[28,-43],[28,-42],[27,-43],[55,-86],[28,-43],[28,-43],[55,-86],[28,-44],[27,-43],[28,-43],[28,-44],[27,-43],[27,-43],[28,-43],[55,-86],[28,-43],[27,-43],[28,-43],[27,-43],[28,-42],[28,-43],[27,-42],[28,-43],[28,-41],[28,-42],[27,-42],[28,-42],[28,-41],[28,-41],[28,-41],[29,-40],[28,-40],[28,-41],[57,-79],[29,-39],[28,-39],[29,-38],[29,-38],[29,-38],[29,-37],[29,-37],[29,-37],[59,-72],[29,-36],[30,-35],[30,-34],[30,-34],[30,-34],[30,-33],[61,-65],[48,-49],[25,-25],[25,-25],[26,-25],[26,-26],[26,-26],[28,-26],[28,-26],[28,-27],[28,-27],[29,-27],[59,-55],[29,-28],[31,-29],[30,-28],[30,-29],[30,-30],[31,-29],[31,-30],[31,-30],[31,-30],[31,-31],[31,-31],[31,-31],[32,-32],[31,-32],[31,-32],[30,-32],[31,-33],[31,-33],[31,-34],[30,-33],[30,-34],[30,-35],[30,-34],[29,-35],[29,-36],[28,-35],[28,-36],[28,-37],[28,-37],[27,-37],[26,-37],[26,-38],[25,-38],[26,-39],[24,-39],[24,-39],[23,-39],[23,-40],[22,-40],[21,-41],[21,-41],[19,-42],[19,-41],[18,-42],[18,-43],[17,-43],[15,-43],[15,-44],[14,-44],[13,-44],[2,-8],[7,-24],[2,-8],[3,-8],[5,-17],[2,-9],[3,-9],[2,-9],[3,-9],[2,-9],[6,-19],[2,-9],[6,-19],[3,-9],[3,-10],[2,-10],[4,-9],[2,-10],[6,-20],[6,-19],[3,-10],[3,-10],[3,-9],[3,-10],[6,-20],[3,-10],[3,-10],[6,-20],[7,-19],[6,-20],[9,-28],[4,-10],[6,-19],[7,-18],[3,-9],[3,-9],[4,-9],[3,-9],[3,-9],[7,-17],[3,-8],[6,-17],[8,-16],[3,-7],[3,-9],[3,-7],[58,-134],[57,-135],[54,-136],[53,-137],[52,-137],[49,-137],[48,-139],[46,-139],[45,-139],[43,-140],[43,-141],[40,-141],[40,-142],[38,-142],[36,-143],[36,-143],[34,-143],[34,-144],[32,-145],[31,-144],[31,-145],[29,-146],[29,-146],[27,-146],[27,-147],[26,-146],[25,-147],[25,-147],[25,-147],[23,-148],[24,-147],[22,-149],[45,-296],[21,-148],[22,-148],[21,-149],[21,-149],[20,-148],[21,-148],[21,-149],[21,-149],[20,-148],[21,-148],[21,-149],[20,-148],[22,-148],[21,-148],[22,-148],[23,-148],[22,-147],[23,-148],[24,-147],[24,-146],[25,-147],[25,-146],[27,-146],[26,-147],[28,-145],[28,-145],[30,-144],[30,-145],[31,-143],[32,-144]],[[426124,86575],[-31,-42],[-31,-42],[-29,-42],[-30,-41],[-29,-40],[-29,-41],[-28,-40],[-28,-40],[-28,-40],[-27,-39],[-26,-40],[-27,-39],[-25,-38],[-26,-39],[-50,-77],[-24,-38],[-48,-76],[-24,-38],[-23,-38],[-22,-37],[-23,-38],[-22,-37],[-22,-38],[-21,-37],[-21,-37],[-21,-37],[-42,-75],[-20,-37],[-40,-74],[-19,-38],[-19,-37],[-38,-75],[-18,-38],[-19,-37],[-36,-76],[-35,-77],[-36,-77],[-17,-38],[-17,-39],[-17,-39],[-17,-39],[-16,-40],[-17,-40],[-17,-40],[-16,-40],[-17,-41],[-16,-41],[-16,-41],[-16,-42],[-16,-41],[-17,-43],[-15,-42],[-16,-43],[-17,-43],[-16,-43],[-31,-88],[-16,-45],[-30,-90],[-14,-46],[-14,-46],[-14,-47],[-13,-46],[-13,-48],[-13,-47],[-13,-48],[-12,-48],[-12,-49],[-12,-49],[-12,-48],[-11,-50],[-12,-49],[-11,-50],[-11,-50],[-11,-50],[-11,-51],[-10,-50],[-10,-51],[-21,-102],[-11,-51],[-10,-52],[-10,-51],[-10,-52],[-10,-51],[-10,-52],[-10,-52],[-11,-52],[-9,-52],[-21,-104],[-11,-52],[-10,-51],[-11,-52],[-10,-52],[-11,-52],[-11,-52],[-11,-52],[-12,-51],[-11,-52],[-12,-51],[-11,-51],[-13,-52],[-12,-51],[-13,-51],[-13,-51],[-13,-51],[-13,-50],[-14,-50],[-14,-50],[-14,-50],[-15,-49],[-15,-49],[-15,-49],[-16,-49],[-16,-49],[-17,-48],[-17,-48],[-17,-47],[-5,-15],[-6,-15],[-6,-14],[-12,-30],[-6,-15],[-6,-15],[-7,-15],[-7,-15],[-7,-15],[-7,-15],[-14,-30],[-8,-15],[-8,-15],[-7,-15],[-8,-15],[-7,-16],[-9,-15],[-15,-30],[-8,-16],[-8,-16],[-9,-15],[-8,-15],[-9,-16],[-8,-15],[-16,-31],[-17,-31],[-8,-15],[-8,-16],[-9,-15],[-8,-16],[-8,-16],[-9,-15],[-8,-16],[-8,-16],[-8,-15],[-17,-31],[-8,-16],[-7,-16],[-8,-16],[-15,-32],[-8,-16],[-8,-16],[-7,-15],[-22,-48],[-13,-33],[-26,-64],[-5,-16],[-6,-16],[-6,-16],[-5,-17],[-6,-16],[-50,-163],[-49,-170],[-48,-173],[-48,-179],[-47,-183],[-45,-187],[-44,-191],[-44,-196],[-42,-198],[-42,-203],[-41,-206],[-39,-208],[-39,-211],[-38,-214],[-37,-216],[-36,-219],[-35,-221],[-35,-222],[-33,-223],[-33,-225],[-32,-226],[-31,-228],[-30,-228],[-30,-228],[-28,-229],[-28,-229],[-27,-229],[-27,-228],[-25,-228],[-25,-228],[-25,-226],[-23,-224],[-23,-224],[-22,-222],[-21,-220],[-21,-219],[-20,-216],[-20,-214],[-19,-211],[-18,-208],[-18,-205],[-17,-202],[-16,-199],[-16,-195],[-15,-191],[-15,-186],[-14,-183],[-14,-178],[-14,-173],[-13,-169],[-12,-163],[-12,-158],[-11,-153],[-10,-146],[-11,-141],[-10,-135],[-9,-128],[-9,-121],[-9,-115],[-8,-108],[-8,-100],[-7,-93],[-7,-86],[-7,-77],[-1,-12],[-1,-4],[-1,-4],[0,-5],[0,-4],[-2,-13],[0,-4],[-1,-5],[-2,-18],[0,-5],[-1,-4],[-1,-9],[-1,-5],[-1,-9],[-1,-10],[0,-9],[-2,-10],[-1,-5],[-1,-15],[0,-5],[-1,-4],[-1,-5],[-2,-25],[-1,-5],[0,-6],[-2,-20],[-1,-5],[-2,-15],[0,-5],[-1,-5],[0,-5],[-1,-6],[-1,-10],[-1,-11],[-1,-10],[-1,-11],[-1,-5]],[[381183,124053],[220,0],[219,-1],[220,0],[440,0],[220,-1],[220,0],[439,0],[220,-1],[221,0],[439,0],[439,-1],[441,0],[219,-1],[220,0],[440,0],[220,-1],[220,0],[439,0],[220,-1],[220,0],[440,0],[220,-1],[220,0],[439,0],[220,-1],[219,0],[441,0],[220,-1],[219,0],[440,0],[439,-1],[440,0],[220,-1],[220,0],[439,0],[220,-1],[220,0],[440,0],[220,-1],[220,0],[439,0],[220,-1],[220,0],[440,0],[220,-1],[219,0],[220,0]],[[134111,264185],[1,-651],[1,-651],[0,-651],[0,-650],[1,-651],[0,-651],[1,-650],[1,-1302],[0,-650],[1,-651],[1,-651],[0,-650],[1,-651],[1,-1301],[0,-651],[1,-651],[0,-650],[1,-651],[0,-650],[1,-651],[0,-651],[1,-651],[0,-651],[1,-651],[1,-1301],[1,-651],[0,-650],[1,-651],[0,-651],[0,-650],[1,-1302],[1,-650],[0,-651],[1,-651],[1,-650],[0,-1302],[1,-650],[1,-651],[0,-651],[1,-650],[0,-651],[1,-651],[1,-1302],[0,-651],[0,-650],[1,-651],[0,-651],[1,-650],[1,-651],[0,-651],[1,-650],[1,-651],[0,-651],[1,-1301],[0,-650],[1,-651],[0,-651]],[[134144,222540],[-910,3],[-456,2],[-455,2],[-455,1],[-455,2],[-456,2],[-455,1],[-455,2],[-911,3],[-455,2],[-455,2],[-455,1],[-456,2],[-455,2],[-456,1],[-455,2],[-911,3],[-455,2],[-455,2],[-456,1],[-455,2],[-455,2],[-455,1],[-456,2],[-910,3],[-456,2],[-455,2],[-455,1],[-911,3],[-455,2],[-910,3],[-456,2],[-455,2],[-456,1],[-455,2],[-456,2],[-455,1],[-455,2],[-911,3],[-455,2],[-455,2],[-455,1],[-456,2],[-455,2],[-455,1],[-455,2],[-911,3],[-455,2],[-455,2],[-456,1],[-455,2],[-455,2],[-456,1],[-455,2],[-456,2],[-455,1]],[[105005,222646],[-468,2],[-468,1],[-468,2],[-936,3],[-468,2],[-468,2],[-468,1],[-468,2],[-467,2],[-469,1],[-468,2],[-468,2],[-468,1],[-468,2],[-468,2],[-468,1],[-468,2],[-468,2],[-468,1],[-467,2],[-468,2],[-469,1],[-468,2],[-468,2],[-468,1],[-468,2],[-468,2],[-468,1],[-468,2],[-1403,5],[-468,1],[-468,2],[-468,2],[-468,1],[-468,2],[-468,2],[-468,1],[-468,2],[-469,1],[-468,2],[-935,3],[-468,2],[-468,2],[-468,1],[-936,3],[-468,2],[-468,2],[-468,1],[-469,2],[-467,2],[-468,1],[-468,2],[-936,3],[-468,2],[-468,2],[-468,1],[-468,2],[-468,2]],[[75054,222752],[0,56],[-1,538],[-1,538],[0,537],[0,537],[-1,537],[0,538],[-1,537],[-1,1075],[0,538],[-1,537],[0,537],[-1,538],[0,537],[-1,1075],[0,538],[-1,537],[0,538],[-1,537],[0,537],[-1,537],[0,538],[-1,1075],[0,537],[-1,537],[0,538],[-1,537],[0,538],[-1,537],[0,537],[-1,537],[0,538],[0,537],[-1,538],[0,538],[-1,1074],[-1,537],[0,538],[-1,537],[0,538],[-1,537],[0,537],[0,537],[-1,538],[-1,538],[0,537],[-1,538],[-1,537],[0,537],[-1,537],[0,538],[0,537],[-1,538],[-1,1075],[0,538],[-1,537],[0,537],[-1,537],[0,538],[-1,537],[0,8],[0,17],[0,9],[-1,9],[-1,8],[-2,27],[-3,18],[-2,9],[-1,9],[-2,10],[-2,9],[-1,9],[-4,19],[-2,9],[-5,19],[-2,10],[-3,9],[-2,10],[-3,9],[-3,10],[-3,9],[-3,10],[-2,9],[-4,10],[-9,28],[-4,10],[-3,9],[-3,9],[-4,10],[-4,9],[-4,9],[-3,9],[-4,9],[-4,9],[-4,9],[-8,17],[-4,9],[-8,17],[-4,8],[-5,8],[-4,9],[-9,16],[-4,7],[-4,8],[-9,15],[-5,8],[-4,7],[-9,14],[-5,7],[-5,7],[-4,6],[-56,81],[-53,81],[-49,82],[-47,81],[-44,81],[-41,82],[-38,82],[-36,82],[-33,83],[-29,83],[-27,83],[-25,83],[-23,83],[-19,84],[-18,85],[-14,84],[-13,85],[-10,85],[-8,86],[-5,86],[-3,87],[-1,86],[2,87],[3,88],[6,88],[7,89],[10,89],[12,89],[14,90],[15,90],[18,91],[19,92],[21,92],[23,93],[25,93],[26,93],[28,95],[29,95],[32,95],[33,96],[34,97],[36,98],[37,98],[38,99],[40,99],[41,100],[43,102],[43,101],[45,102],[47,103],[47,104],[48,105],[49,105],[51,106],[52,107],[52,108],[53,109],[54,109],[55,110],[56,111],[56,113],[57,113],[58,114],[59,114],[42,83],[41,85],[42,84],[40,86],[41,86],[40,87],[40,89],[40,89],[39,89],[38,90],[39,91],[38,91],[38,92],[37,92],[37,92],[37,94],[36,93],[36,95],[35,94],[36,95],[35,95],[34,95],[34,96],[33,96],[34,95],[33,96],[32,96],[32,97],[32,96],[32,97],[30,96],[31,96],[30,96],[30,96],[29,96],[30,95],[29,96],[28,95],[28,96],[27,94],[27,94],[27,94],[26,94],[26,93],[25,93],[25,92],[25,91],[24,91],[23,91],[24,90],[23,89],[23,88],[22,88],[22,87],[21,86],[21,86],[20,84],[20,84],[20,83],[19,81],[19,82],[18,79],[18,79],[17,78],[31,134],[32,135],[32,133],[34,132],[35,132],[35,131],[36,129],[37,130],[37,128],[38,128],[39,127],[39,126],[40,126],[40,125],[42,124],[41,124],[41,123],[42,122],[43,122],[42,122],[44,120],[86,241],[44,119],[43,119],[44,118],[43,118],[44,118],[43,117],[43,117],[44,116],[43,116],[43,116],[42,116],[42,114],[42,115],[42,115],[41,115],[40,114],[40,114],[40,114],[39,113],[39,114],[37,113],[37,113],[36,114],[36,113],[35,113],[34,113],[33,113],[32,113],[31,114],[30,113],[29,113],[28,113],[27,113],[26,113],[25,114],[23,113],[22,114],[21,114],[19,114],[18,115],[17,114],[8,56],[8,55],[7,56],[9,56],[8,57],[16,113],[9,57],[16,116],[8,57],[15,116],[8,58],[7,59],[15,117],[12,117],[6,59],[6,59],[6,59],[5,59],[4,59],[4,58],[4,59],[3,59],[3,59],[2,59],[1,58],[1,59],[1,58],[-1,58],[-1,58],[-2,58],[-2,58],[-3,57],[-4,58],[-5,56],[-5,57],[-6,56],[-8,56],[-8,57],[-9,55],[-10,56],[-11,54],[-11,55],[-13,54],[-14,53],[-16,54],[-16,53],[-17,53],[-18,52],[-20,52],[-21,51],[-22,51],[-23,50],[-24,49],[-26,49],[-27,49],[-29,48],[-29,48],[-32,47],[-32,46],[-5,6],[-10,13],[-5,6],[-11,13],[-12,12],[-6,6],[-6,6],[-7,5],[-6,6],[-7,6],[-13,11],[-8,6],[-14,11],[-7,5],[-16,10],[-7,5],[-8,5],[-15,10],[-9,5],[-8,5],[-16,9],[-9,4],[-8,5],[-8,4],[-8,4],[-9,4],[-9,3],[-8,4],[-8,4],[-35,14],[-8,3],[-9,3],[-8,3],[-9,3],[-9,2],[-8,3],[-8,2],[-9,2],[-8,3],[-8,2],[-9,2],[-8,2],[-9,1],[-16,3],[-8,2],[-8,1],[-7,1],[-8,1],[-8,0],[-15,1],[-8,1],[-22,0],[-23,1],[-22,0],[-23,1],[-22,0],[-22,0],[-23,1],[-22,0],[-22,1],[-23,0],[-22,0],[-22,1],[-22,0],[-45,1],[-22,1],[-23,0],[-22,1],[-22,0],[-23,1],[-22,0],[-23,1],[-22,0],[-44,2],[-22,1],[-22,0],[-23,1],[-23,1],[-110,5],[-23,2],[-45,2],[-66,4],[-22,2],[-22,2],[-23,1],[-22,2],[-22,2],[-45,4],[-22,2],[-22,2],[-44,5],[-22,3],[-23,3],[-22,2],[-45,6],[-22,3],[-44,7],[-22,3],[-22,4],[-45,7],[-22,4],[-20,5],[-21,7],[-22,9],[-24,10],[-24,13],[-25,14],[-27,17],[-27,18],[-29,20],[-28,22],[-31,22],[-30,25],[-32,26],[-32,27],[-33,29],[-33,30],[-34,32],[-35,32],[-35,34],[-36,35],[-36,36],[-37,37],[-37,38],[-37,39],[-37,40],[-38,41],[-38,41],[-39,43],[-38,43],[-39,43],[-38,44],[-39,45],[-39,45],[-38,45],[-39,47],[-39,46],[-38,46],[-38,47],[-38,47],[-38,47],[-38,47],[-37,47],[-37,47],[-37,47],[-35,47],[-36,47],[-35,47],[-35,46],[-34,46],[-33,46],[-33,45],[-32,44],[-31,44],[-30,44],[-30,43],[-29,42],[-28,41],[-28,41],[-26,40],[-25,39],[-25,38],[-23,37],[-21,36],[-22,34]],[[75708,283414],[-3,5],[-5,10],[-6,10],[-3,5],[-6,10],[-2,4],[-3,5],[-3,5],[-3,5],[-3,4],[-2,5],[-3,4],[-5,10],[-5,9],[-5,9],[-3,5],[-6,13],[-3,4],[-2,5],[-3,4],[-4,9],[-3,4],[-3,8],[-5,9],[-3,8],[-5,8],[-3,8],[-2,4],[-7,16],[-2,4],[-3,8],[-3,7],[-2,4],[-2,4],[-9,24],[-2,3],[0,4],[-2,3],[-1,3],[-10,29],[-11,29],[-9,29],[-9,30],[-9,30],[-8,30],[-8,31],[-7,31],[-7,31],[-13,62],[-6,31],[-11,64],[-5,33],[-5,32],[-4,32],[-8,65],[-3,33],[-3,33],[-3,33],[-3,33],[-4,67],[-2,33],[-2,33],[-2,34],[-1,34],[-1,34],[-2,33],[-1,34],[-1,34],[0,34],[-1,33],[-1,68],[0,34],[-1,34],[0,101],[0,34],[0,67],[-1,34],[0,66],[0,34],[-1,65],[0,33],[-1,33],[0,32],[-1,33],[-1,32],[-1,32],[-1,32],[-1,32],[-2,31],[-1,31],[-2,31],[-3,31],[-2,31],[-3,714],[-3,714],[-4,713],[-6,1428],[-4,714],[-3,714],[-6,1428],[-3,714],[-4,714],[-6,1428],[-4,714],[-3,714],[-6,1427],[-4,715],[-3,714],[-7,1427],[-3,714],[-3,714],[-7,1428],[-3,714],[-3,714],[-7,1427],[-3,714],[-4,715],[-6,1427],[-3,714],[-4,714],[-6,1428],[-4,714],[-3,713],[-6,1429],[-3,714],[-4,713],[-3,714],[-3,714],[-4,714],[-3,714],[-6,1428],[-3,714],[-4,714],[-6,1427],[-4,715],[-3,714],[-3,714],[-4,713],[-6,1429],[-4,714],[-6,1427],[-4,714],[-3,714]],[[75184,331449],[143,-1],[144,-1],[430,-3],[143,0],[144,-1],[143,-1],[143,-1],[144,0],[0,0],[143,-1],[287,-2],[143,0],[1,0],[143,-1],[287,-2],[143,0],[1,0],[143,-1],[286,-2],[144,0],[0,0],[143,-1],[287,-2],[143,0],[1,0],[143,-1],[144,-1],[143,-1],[143,0],[1,0],[143,-1],[287,-2],[143,0],[1,0],[143,-1],[286,-2],[143,0],[1,0],[143,-1],[287,-2],[143,0],[1,0],[143,-1],[287,-2],[143,0],[0,0],[144,-1],[143,-1],[143,-1],[144,0],[0,0],[143,-1],[287,-2],[143,0],[1,0],[143,-1],[143,-1],[144,-1],[143,0],[143,-1],[287,-2],[143,0],[1,0],[143,-1],[143,-1]],[[84362,331400],[1,-2],[0,-105],[8,-139],[8,-142],[7,-143],[8,-145],[7,-147],[7,-149],[7,-151],[7,-151],[6,-154],[7,-155],[7,-157],[6,-158],[6,-159],[6,-161],[6,-162],[6,-163],[7,-163],[6,-166],[5,-166],[6,-167],[6,-168],[6,-169],[5,-169],[6,-171],[6,-170],[5,-172],[6,-172],[6,-172],[5,-173],[6,-173],[6,-174],[6,-173],[6,-174],[6,-174],[6,-175],[6,-174],[13,-347],[6,-174],[7,-173],[6,-174],[7,-173],[7,-172],[7,-172],[8,-172],[7,-171],[7,-170],[8,-170],[8,-169],[8,-168],[9,-167],[8,-166],[9,-166],[8,-164],[10,-163],[9,-162],[10,-160],[10,-160],[10,-159],[10,-156],[11,-156],[10,-154],[12,-152],[11,-150],[6,-83],[6,-84],[4,-84],[4,-86],[3,-86],[3,-87],[2,-87],[2,-89],[1,-89],[1,-89],[0,-180],[-1,-92],[-1,-91],[-2,-92],[-1,-92],[-4,-185],[-4,-187],[-3,-93],[-2,-93],[-2,-93],[-3,-94],[-2,-94],[-7,-279],[-2,-93],[-1,-93],[-2,-92],[-1,-92],[-1,-92],[0,-91],[0,-182],[1,-90],[1,-89],[2,-88],[2,-89],[2,-87],[4,-86],[4,-86],[5,-85],[5,-84],[7,-84],[7,-82],[8,-82],[8,-80],[10,-79],[11,-78],[11,-78],[13,-75],[13,-75],[15,-73],[15,-72],[17,-71],[18,-69],[19,-68],[21,-67],[21,-65],[23,-63],[24,-61],[26,-60],[11,-25],[11,-23],[12,-24],[13,-24],[13,-23],[13,-24],[14,-23],[14,-23],[30,-45],[15,-23],[16,-22],[16,-22],[33,-44],[17,-22],[36,-43],[17,-21],[18,-22],[19,-21],[37,-42],[19,-21],[20,-21],[19,-21],[20,-21],[39,-42],[20,-21],[61,-61],[21,-21],[20,-21],[42,-41],[20,-21],[21,-20],[62,-62],[21,-21],[20,-20],[21,-21],[20,-21],[21,-21],[20,-21],[40,-42],[19,-21],[20,-22],[20,-22],[19,-21],[20,-22],[19,-22],[19,-22],[18,-22],[18,-22],[18,-23],[18,-22],[18,-23],[17,-23],[17,-23],[50,-70],[49,-71],[47,-70],[45,-72],[44,-71],[42,-71],[40,-72],[39,-71],[38,-72],[35,-72],[35,-73],[33,-72],[32,-73],[31,-73],[29,-73],[29,-73],[27,-74],[26,-73],[26,-74],[24,-74],[24,-74],[22,-74],[22,-74],[22,-75],[20,-75],[20,-74],[19,-75],[18,-75],[18,-75],[18,-75],[17,-76],[17,-76],[17,-76],[16,-75],[17,-76],[31,-152],[17,-77],[15,-76],[16,-76],[16,-77],[16,-76],[17,-77],[16,-77],[17,-77],[17,-77],[18,-77],[18,-77],[18,-77],[19,-78],[20,-77],[21,-78],[20,-77],[23,-78],[22,-77],[23,-78],[24,-78],[26,-78],[25,-77],[27,-78],[29,-78],[29,-78],[31,-78],[31,-78],[51,-120],[53,-121],[54,-122],[57,-123],[58,-123],[60,-124],[62,-126],[64,-125],[65,-126],[67,-126],[69,-128],[70,-128],[72,-128],[73,-128],[74,-130],[76,-129],[78,-130],[78,-130],[80,-131],[81,-131],[82,-131],[83,-131],[84,-132],[85,-131],[86,-132],[87,-131],[88,-132],[88,-132],[90,-131],[90,-132],[91,-132],[91,-131],[92,-131],[92,-131],[93,-130],[94,-131],[93,-130],[95,-130],[94,-129],[95,-129],[95,-128],[94,-128],[95,-128],[95,-127],[95,-126],[95,-126],[95,-125],[95,-124],[95,-124],[94,-123],[95,-122],[93,-121],[94,-121],[93,-119],[93,-119],[92,-118],[92,-117],[91,-116],[89,-114],[90,-114],[90,-112],[87,-111],[87,-110],[87,-109],[63,-80],[63,-79],[63,-80],[63,-80],[62,-80],[62,-80],[63,-81],[62,-80],[63,-80],[62,-81],[61,-81],[63,-81],[62,-81],[62,-81],[62,-81],[62,-82],[62,-82],[62,-81],[63,-82],[63,-82],[62,-82],[63,-82],[126,-164],[63,-82],[63,-82],[64,-83],[64,-82],[64,-83],[64,-83],[65,-82],[65,-83],[65,-82],[65,-84],[66,-82],[67,-83],[134,-166],[67,-83],[68,-84],[68,-83],[69,-83],[69,-83],[70,-83],[70,-84],[142,-166],[72,-84],[72,-83],[73,-83],[74,-83],[74,-84],[75,-83],[75,-83],[76,-84],[77,-83],[77,-83],[78,-84],[79,-83],[80,-83],[80,-83],[81,-83],[82,-84],[83,-83],[16,-16],[16,-16],[16,-16],[16,-17],[16,-16],[16,-17],[17,-17],[16,-17],[16,-16],[16,-17],[17,-17],[16,-17],[17,-17],[16,-17],[17,-18],[50,-52],[17,-18],[67,-70],[16,-18],[17,-18],[33,-35],[18,-18],[17,-18],[17,-18],[16,-18],[17,-18],[18,-18],[16,-18],[17,-18],[17,-19],[17,-18],[17,-18],[17,-18],[52,-54],[17,-18],[17,-19],[17,-18],[17,-18],[16,-18],[35,-36],[17,-18],[17,-19],[17,-18],[34,-36],[17,-18],[17,-17],[17,-18],[17,-18],[17,-18],[17,-17],[16,-18],[17,-18],[34,-35],[19,-19],[18,-19],[20,-19],[19,-18],[20,-19],[19,-18],[20,-19],[39,-37],[21,-18],[20,-19],[20,-18],[20,-18],[21,-19],[20,-18],[21,-19],[21,-18],[20,-18],[42,-37],[20,-19],[21,-18],[21,-19],[42,-37],[20,-19],[21,-19],[21,-19],[21,-19],[21,-19],[62,-59],[21,-20],[21,-20],[20,-20],[21,-20],[40,-41],[21,-22],[20,-21],[20,-21],[20,-21],[20,-22],[20,-22],[19,-22],[19,-22],[20,-23],[19,-22],[19,-24],[19,-23],[18,-24],[19,-24],[18,-24],[19,-25],[17,-24],[18,-25],[17,-26],[18,-26],[17,-26],[17,-27],[16,-27],[17,-28],[16,-27],[19,-35],[19,-35],[19,-35],[18,-37],[18,-37],[18,-37],[17,-39],[17,-38],[17,-39],[17,-40],[16,-41],[15,-40],[16,-42],[15,-41],[15,-42],[15,-42],[15,-43],[14,-43],[14,-44],[14,-44],[14,-44],[14,-45],[13,-45],[13,-45],[13,-46],[14,-46],[25,-92],[12,-46],[13,-47],[12,-47],[12,-47],[12,-48],[12,-48],[12,-47],[12,-48],[12,-48],[12,-48],[11,-48],[12,-48],[11,-48],[24,-97],[12,-48],[11,-48],[12,-49],[11,-48],[12,-48],[12,-48],[12,-48],[11,-48],[13,-48],[12,-48],[24,-95],[12,-48],[13,-47],[12,-47],[13,-47],[26,-93],[13,-46],[13,-46],[14,-45],[20,-66],[20,-65],[21,-64],[20,-63],[21,-63],[21,-63],[41,-124],[21,-61],[21,-61],[21,-61],[20,-60],[21,-59],[21,-59],[20,-59],[42,-117],[20,-57],[20,-58],[20,-57],[20,-56],[19,-57],[20,-56],[19,-55],[19,-56],[18,-55],[18,-55],[18,-54],[18,-55],[16,-54],[18,-53],[16,-54],[16,-53],[15,-53],[16,-54],[14,-52],[14,-53],[14,-52],[13,-53],[13,-52],[12,-52],[11,-52],[11,-51],[10,-53],[10,-51],[9,-52],[8,-51],[7,-51],[7,-52],[6,-51],[5,-51],[5,-51],[4,-52],[3,-51],[2,-51],[1,-52],[1,-51],[-1,-51],[-1,-51],[-2,-52],[-4,-51],[-4,-52],[-5,-52],[-6,-51],[-8,-51],[-9,-50],[-11,-51],[-12,-50],[-14,-50],[-15,-50],[-17,-50],[-17,-50],[-19,-51],[-19,-50],[-21,-50],[-21,-51],[-23,-50],[-23,-50],[-23,-50],[-24,-51],[-25,-50],[-24,-51],[-25,-51],[-26,-51],[-24,-51],[-26,-50],[-25,-52],[-25,-51],[-25,-51],[-25,-52],[-48,-104],[-23,-53],[-23,-52],[-22,-53],[-21,-53],[-20,-54],[-19,-53],[-19,-54],[-17,-54],[-16,-54],[-14,-56],[-14,-55],[-11,-55],[-11,-56],[-9,-56],[-7,-57],[-5,-57],[-4,-57],[-2,-58],[1,-58],[2,-59],[5,-59],[7,-59],[9,-60],[11,-61],[14,-61],[17,-61],[19,-62],[22,-63],[25,-63],[28,-63],[31,-64],[33,-65],[37,-65],[40,-66],[44,-67],[47,-67],[4,-6],[5,-7],[5,-7],[9,-14],[5,-7],[5,-7],[4,-8],[5,-7],[5,-8],[4,-8],[10,-16],[5,-8],[9,-17],[4,-8],[5,-9],[9,-17],[5,-8],[4,-9],[4,-9],[5,-9],[8,-18],[5,-9],[8,-18],[8,-19],[3,-9],[4,-10],[4,-9],[3,-9],[8,-19],[3,-9],[3,-9],[3,-10],[3,-9],[3,-9],[4,-10],[2,-9],[3,-10],[4,-18],[3,-9],[2,-10],[3,-9],[2,-9],[1,-9],[2,-9],[1,-8],[2,-9],[1,-9],[4,-34],[0,-8],[1,-8],[1,-16],[0,-55],[-1,-55],[-2,-55],[-3,-54],[-3,-55],[-4,-55],[-6,-54],[-6,-54],[-7,-54],[-7,-54],[-7,-54],[-9,-54],[-9,-54],[-10,-54],[-10,-54],[-11,-54],[-11,-53],[-11,-54],[-12,-54],[-24,-107],[-13,-53],[-13,-54],[-13,-53],[-13,-53],[-13,-54],[-13,-53],[-13,-53],[-13,-53],[-13,-54],[-13,-53],[-13,-53],[-13,-53],[-12,-54],[-12,-54],[-12,-53],[-12,-53],[-11,-53],[-11,-53],[-11,-53],[-10,-54],[-9,-53],[-9,-53],[-8,-54],[-8,-53],[-7,-53],[-7,-54],[-5,-53],[-9,-107],[-4,-54],[-2,-54],[-2,-54],[-1,-53],[1,-54],[1,-54],[3,-54],[3,-54],[5,-54],[6,-54],[6,-55],[9,-54],[9,-55],[11,-54],[4,-16],[2,-8],[2,-9],[3,-8],[5,-17],[12,-34],[3,-9],[4,-9],[7,-17],[4,-9],[4,-9],[4,-9],[4,-9],[5,-9],[4,-8],[4,-9],[5,-9],[9,-18],[10,-17],[6,-9],[5,-9],[5,-9],[5,-8],[5,-9],[11,-17],[6,-9],[6,-8],[5,-8],[6,-9],[6,-9],[17,-24],[12,-16],[6,-7],[6,-8],[6,-7],[12,-15],[19,-21],[6,-7],[12,-13],[13,-13],[6,-6],[5,-6],[7,-6],[6,-5],[6,-6],[6,-5],[6,-5],[66,-53],[67,-51],[67,-49],[66,-47],[68,-45],[67,-43],[68,-41],[67,-39],[69,-38],[68,-35],[69,-35],[68,-32],[69,-31],[68,-30],[69,-28],[69,-27],[69,-25],[70,-25],[69,-23],[69,-22],[70,-21],[69,-20],[69,-19],[69,-18],[69,-18],[69,-17],[70,-16],[68,-15],[69,-15],[69,-14],[68,-14],[69,-13],[68,-13],[69,-13],[135,-25],[68,-12],[67,-12],[67,-12],[67,-12],[66,-13],[67,-12],[66,-13],[65,-13],[66,-13],[65,-14],[64,-14],[64,-15],[64,-15],[63,-16],[63,-17],[63,-17],[62,-18],[61,-19],[61,-21],[61,-21],[60,-22],[59,-24],[59,-25],[59,-25],[57,-27],[58,-28],[56,-30],[56,-31],[124,-75],[121,-79],[118,-85],[116,-90],[114,-95],[111,-100],[110,-104],[107,-108],[105,-113],[103,-118],[101,-121],[98,-125],[97,-130],[94,-132],[93,-136],[91,-140],[89,-144],[86,-145],[85,-149],[83,-152],[81,-154],[79,-157],[78,-159],[75,-162],[75,-163],[72,-166],[71,-167],[69,-169],[68,-170],[66,-172],[64,-173],[63,-175],[61,-175],[60,-176],[59,-177],[57,-177],[55,-177],[55,-179],[53,-178],[52,-177],[51,-178],[49,-178],[48,-177],[47,-177],[46,-175],[45,-175],[44,-174],[42,-173],[41,-172],[41,-169],[39,-169],[39,-167],[37,-164],[37,-163],[36,-161],[35,-159],[34,-156],[34,-153],[32,-151],[32,-148],[32,-145],[30,-142],[30,-138],[29,-135],[15,-68],[14,-68],[15,-69],[14,-69],[14,-70],[14,-70],[14,-71],[14,-72],[14,-72],[27,-145],[13,-73],[14,-73],[13,-73],[13,-74],[13,-74],[13,-74],[13,-73],[13,-74],[26,-147],[13,-74],[13,-73],[13,-73],[12,-73],[13,-72],[14,-72],[12,-72],[13,-71],[13,-71],[14,-70],[13,-70],[13,-69],[13,-68],[13,-68],[14,-67],[14,-66],[13,-65],[14,-64],[13,-63],[14,-62],[14,-62],[15,-60],[14,-60],[15,-58],[15,-56],[14,-56],[15,-54],[16,-53],[15,-52],[16,-50],[15,-49],[17,-48],[16,-45],[17,-44],[16,-43],[18,-41],[16,-39],[18,-37],[18,-36],[18,-33],[18,-32],[18,-30],[19,-28],[42,-58],[43,-55],[44,-52],[44,-50],[46,-47],[46,-45],[48,-43],[48,-41],[48,-39],[51,-37],[50,-34],[51,-33],[53,-32],[52,-30],[54,-27],[54,-26],[55,-25],[55,-23],[56,-22],[57,-21],[57,-19],[57,-18],[59,-18],[59,-16],[59,-15],[59,-15],[61,-14],[60,-13],[61,-12],[62,-12],[62,-12],[62,-11],[62,-10],[63,-11],[63,-10],[63,-11],[63,-10],[64,-11],[64,-10],[64,-11],[64,-11],[64,-12],[65,-11],[65,-13],[64,-13],[65,-14],[65,-14],[64,-15],[65,-16],[65,-17],[64,-18],[65,-20],[64,-20],[65,-22],[64,-23],[64,-24],[63,-26],[64,-27],[63,-29],[64,-31],[63,-32],[62,-35],[62,-36],[62,-38],[38,-25],[38,-25],[37,-26],[37,-26],[74,-53],[36,-27],[36,-27],[37,-27],[35,-28],[36,-27],[35,-29],[35,-28],[35,-29],[36,-28],[34,-29],[35,-29],[35,-30],[70,-59],[34,-30],[35,-29],[35,-30],[35,-30],[35,-29],[34,-30],[35,-30],[36,-30],[35,-29],[35,-30],[36,-30],[36,-29],[36,-29],[35,-30],[37,-29],[73,-59],[37,-28],[37,-29],[37,-28],[38,-28],[38,-28],[39,-27],[39,-27],[40,-27],[39,-27],[40,-26],[41,-26],[41,-26],[42,-25],[41,-25],[43,-24],[43,-24],[43,-24],[44,-23],[44,-23],[45,-22],[46,-21],[47,-21],[46,-21],[48,-20],[48,-19],[99,-37],[71,-25],[70,-23],[71,-21],[71,-21],[71,-19],[71,-18],[71,-16],[72,-15],[71,-14],[71,-13],[72,-12],[72,-11],[71,-10],[72,-9],[72,-8],[72,-6],[72,-6],[73,-5],[72,-4],[73,-3],[73,-2],[73,-2],[146,-1],[74,0],[73,2],[74,1],[75,3],[74,3],[74,4],[75,3],[75,5],[75,5],[76,5],[75,6],[152,12],[76,6],[76,7],[154,14],[77,8],[78,8],[77,7],[79,8],[78,8],[78,7],[79,8],[79,7],[80,8],[79,7],[80,8],[80,7],[81,6],[81,7],[81,6],[82,6],[82,6],[83,5],[165,9],[84,4],[83,4],[84,2],[84,2],[84,2],[85,1],[86,1],[86,0],[85,0],[87,-1],[87,-2],[87,-2],[88,-2],[87,-2],[88,-3],[89,-3],[88,-4],[89,-3],[89,-4],[88,-4],[90,-4],[89,-4],[89,-4],[89,-4],[88,-4],[89,-4],[178,-7],[88,-4],[88,-3],[88,-3],[88,-2],[87,-3],[87,-2],[87,-1],[86,-1],[86,-1],[86,0],[85,0],[84,1],[84,2],[84,2],[83,3],[82,3],[81,5],[81,5],[81,6],[79,7],[157,16],[77,10],[76,10],[75,12],[75,12],[73,14],[72,15],[72,16],[70,18],[69,18],[69,20],[67,21],[66,23],[64,24],[64,25],[62,27],[61,28],[59,30],[96,50],[93,52],[90,52],[87,53],[85,53],[82,55],[80,55],[78,56],[75,57],[74,56],[71,58],[69,57],[68,58],[66,59],[64,59],[63,59],[62,60],[60,59],[59,60],[57,59],[57,60],[57,60],[55,59],[55,60],[54,60],[53,60],[54,59],[52,58],[53,59],[105,116],[52,57],[53,57],[54,56],[53,56],[55,55],[54,54],[56,54],[56,53],[57,52],[58,51],[60,50],[60,50],[62,48],[63,47],[65,47],[67,45],[67,44],[70,43],[72,41],[74,40],[76,39],[78,37],[80,36],[83,35],[85,33],[89,32],[90,29],[94,28],[96,27],[99,25],[103,22],[106,21],[109,20],[39,6],[38,6],[38,5],[38,6],[38,5],[38,4],[37,4],[38,4],[37,4],[38,3],[37,3],[74,5],[36,3],[37,2],[75,3],[37,1],[36,1],[37,1],[37,1],[37,1],[38,0],[37,1],[37,0],[38,0],[75,0],[38,-1],[38,0],[38,0],[39,-1],[38,0],[39,-1],[39,0],[40,-1],[40,0],[40,-1],[40,0],[40,-1],[42,0],[83,-1],[42,-1],[42,0],[43,0],[44,-1],[44,1],[44,0],[45,0],[45,1],[45,0],[47,1],[46,1],[47,1],[48,1],[48,1],[49,2],[50,2],[50,2],[102,5],[52,2],[53,4]],[[358003,163842],[-9,-4],[-25,-10],[-9,-4],[-8,-4],[-8,-4],[-8,-4],[-15,-9],[-8,-5],[-7,-4],[-14,-10],[-7,-5],[-15,-11],[-6,-6],[-7,-5],[-6,-6],[-7,-6],[-6,-6],[-6,-7],[-6,-6],[-13,-14],[-5,-7],[-6,-7],[-12,-15],[-5,-8],[-11,-16],[-5,-8],[-10,-17],[-6,-9],[-5,-9],[-5,-10],[-4,-9],[-5,-10],[-5,-10],[-5,-10],[-9,-21],[-4,-11],[-5,-12],[-4,-11],[-5,-11],[-4,-12],[-4,-12],[-4,-12],[-4,-12],[-5,-13],[-12,-39],[-8,-28],[-4,-14],[-3,-15],[-4,-14],[-4,-15],[-3,-15],[-2,-8],[-2,-8],[-3,-9],[-2,-8],[-2,-8],[-3,-9],[-2,-8],[-3,-9],[-3,-9],[-2,-8],[-4,-9],[-2,-9],[-3,-9],[-4,-8],[-6,-18],[-4,-10],[-3,-9],[-3,-9],[-4,-9],[-4,-9],[-4,-9],[-3,-10],[-4,-9],[-12,-27],[-4,-10],[-4,-9],[-8,-18],[-5,-9],[-4,-9],[-4,-9],[-9,-18],[-5,-9],[-9,-17],[-5,-9],[-5,-9],[-5,-8],[-9,-17],[-5,-8],[-10,-17],[-5,-8],[-10,-16],[-5,-8],[-5,-8],[-5,-7],[-5,-8],[-5,-7],[-10,-14],[-5,-7],[-6,-7],[-9,-13],[-11,-13],[-5,-6],[-75,-88],[-72,-88],[-71,-89],[-68,-87],[-67,-87],[-65,-87],[-62,-86],[-61,-87],[-59,-86],[-58,-85],[-56,-85],[-54,-85],[-52,-84],[-51,-85],[-50,-84],[-48,-84],[-46,-83],[-45,-84],[-45,-83],[-42,-83],[-42,-83],[-40,-83],[-39,-83],[-38,-82],[-37,-82],[-36,-83],[-35,-82],[-34,-82],[-33,-82],[-32,-81],[-32,-82],[-31,-82],[-30,-81],[-30,-82],[-28,-81],[-29,-82],[-28,-82],[-27,-82],[-27,-82],[-27,-81],[-26,-82],[-26,-82],[-27,-82],[-25,-82],[-26,-82],[-25,-82],[-26,-83],[-25,-82],[-25,-83],[-26,-83],[-25,-83],[-27,-83],[-26,-84],[-26,-83],[-27,-84],[-54,-169],[-28,-85],[-29,-84],[-28,-85],[-30,-86],[-30,-86],[-31,-86],[-32,-86],[-3,-8],[-6,-15],[-4,-8],[-3,-8],[-4,-7],[-4,-8],[-8,-15],[-5,-8],[-5,-8],[-4,-8],[-5,-7],[-10,-15],[-5,-8],[-5,-8],[-5,-7],[-6,-8],[-6,-7],[-5,-7],[-6,-7],[-6,-8],[-6,-7],[-6,-7],[-12,-14],[-13,-13],[-7,-6],[-6,-7],[-7,-6],[-7,-7],[-6,-6],[-7,-6],[-7,-5],[-7,-6],[-7,-6],[-7,-5],[-7,-6],[-15,-10],[-14,-10],[-8,-4],[-7,-4],[-8,-5],[-14,-8],[-15,-7],[-15,-6],[-15,-5],[-7,-2],[-8,-2],[-15,-4],[-7,-2],[-8,-1],[-7,-1],[-15,-1],[-27,-1],[-27,-1],[-28,1],[-27,1],[-27,1],[-27,3],[-27,3],[-27,3],[-26,4],[-27,5],[-27,6],[-26,5],[-27,7],[-27,6],[-26,7],[-54,16],[-26,9],[-27,9],[-26,9],[-27,10],[-26,9],[-26,10],[-27,10],[-52,21],[-27,11],[-26,11],[-26,11],[-26,11],[-27,11],[-26,11],[-26,11],[-26,12],[-27,11],[-26,11],[-26,11],[-27,10],[-26,11],[-52,21],[-27,10],[-26,10],[-26,10],[-27,9],[-26,10],[-53,17],[-26,8],[-27,7],[-53,14],[-26,6],[-27,6],[-27,5],[-26,5],[-27,4],[-27,4],[-27,2],[-27,3],[-27,1],[-27,1],[-27,0],[-26,0],[-8,-1],[-23,-1],[-15,-2],[-8,-1],[-16,-4],[-16,-4],[-8,-2],[-8,-3],[-17,-5],[-17,-6],[-17,-7],[-16,-7],[-17,-8],[-17,-8],[-17,-9],[-8,-5],[-8,-4],[-8,-5],[-8,-5],[-17,-10],[-17,-11],[-7,-6],[-8,-5],[-8,-6],[-8,-6],[-15,-11],[-8,-6],[-8,-6],[-7,-6],[-7,-7],[-7,-6],[-22,-19],[-6,-7],[-7,-6],[-7,-7],[-6,-6],[-7,-7],[-6,-7],[-6,-6],[-12,-13],[-5,-7],[-5,-7],[-5,-7],[-5,-6],[-10,-14],[-33,-49],[-31,-50],[-29,-50],[-28,-51],[-26,-51],[-24,-52],[-23,-52],[-21,-53],[-20,-53],[-19,-54],[-17,-54],[-16,-55],[-14,-55],[-14,-55],[-12,-56],[-11,-56],[-10,-56],[-10,-57],[-8,-57],[-7,-58],[-7,-57],[-6,-58],[-5,-58],[-4,-58],[-5,-59],[-3,-58],[-3,-59],[-3,-59],[-2,-59],[-2,-59],[-1,-60],[-3,-119],[-2,-119],[0,-59],[-1,-60],[-1,-59],[-2,-59],[-1,-60],[-2,-59],[-4,-118],[-3,-59],[-3,-59],[-4,-59],[-4,-58],[-5,-58],[-6,-58],[-6,-57],[-7,-58],[-8,-57],[-9,-57],[-9,-57],[-11,-56],[-12,-56],[-13,-55],[-14,-55],[-15,-54],[-17,-55],[-17,-53],[-19,-54],[-21,-53],[-22,-53],[-4,-7],[-3,-8],[-3,-7],[-4,-7],[-5,-8],[-4,-7],[-9,-15],[-5,-7],[-5,-7],[-5,-8],[-5,-7],[-5,-7],[-12,-14],[-5,-7],[-6,-7],[-6,-6],[-6,-7],[-7,-7],[-12,-13],[-14,-13],[-7,-6],[-6,-6],[-8,-7],[-7,-6],[-7,-6],[-7,-5],[-7,-6],[-8,-6],[-7,-5],[-15,-11],[-8,-5],[-8,-5],[-8,-5],[-8,-5],[-7,-5],[-16,-9],[-8,-4],[-15,-8],[-8,-4],[-8,-4],[-16,-7],[-8,-3],[-8,-3],[-8,-3],[-7,-2],[-9,-3],[-23,-6],[-7,-2],[-8,-1],[-8,-1],[-7,-1],[-8,-1],[-7,-1],[-7,0],[-45,-1],[-45,0],[-43,2],[-45,3],[-43,5],[-44,7],[-44,8],[-43,9],[-43,10],[-43,11],[-43,13],[-43,14],[-42,14],[-43,16],[-42,17],[-43,17],[-42,19],[-42,19],[-42,20],[-42,20],[-42,22],[-42,22],[-42,22],[-41,23],[-42,23],[-42,23],[-42,24],[-42,25],[-42,24],[-84,49],[-83,49],[-42,25],[-42,24],[-43,24],[-42,25],[-42,23],[-42,24],[-43,23],[-42,22],[-43,23],[-43,21],[-43,21],[-43,20],[-43,20],[-42,19],[-44,18],[-44,17],[-44,17],[-44,16],[-44,14],[-44,14],[-45,12],[-45,11],[-45,10],[-45,8],[-45,8],[-46,5],[-46,5],[-46,3],[-46,1],[-47,0],[-47,-2],[-7,0],[-9,-1],[-7,-1],[-8,-1],[-16,-2],[-8,-1],[-9,-2],[-9,-1],[-16,-4],[-8,-2],[-26,-8],[-9,-2],[-9,-3],[-8,-3],[-9,-3],[-9,-3],[-9,-3],[-18,-7],[-8,-4],[-9,-4],[-18,-7],[-9,-4],[-9,-4],[-9,-4],[-8,-4],[-17,-9],[-9,-5],[-26,-13],[-8,-5],[-9,-6],[-8,-5],[-8,-5],[-8,-5],[-8,-5],[-8,-5],[-8,-5],[-8,-6],[-15,-11],[-22,-16],[-14,-11],[-14,-12],[-12,-11],[-7,-6],[-6,-6],[-6,-6],[-5,-5],[-12,-12],[-5,-6],[-18,-21],[-17,-21],[-17,-21],[-18,-22],[-16,-22],[-17,-22],[-16,-22],[-16,-22],[-16,-22],[-16,-23],[-16,-23],[-15,-23],[-15,-23],[-30,-47],[-15,-24],[-15,-24],[-14,-24],[-15,-24],[-14,-24],[-14,-24],[-14,-25],[-14,-24],[-14,-24],[-14,-25],[-27,-49],[-14,-24],[-13,-25],[-14,-24],[-13,-25],[-14,-25],[-14,-25],[-27,-49],[-13,-25],[-14,-25],[-27,-49],[-14,-24],[-14,-24],[-14,-25],[-14,-24],[-15,-24],[-14,-24],[-14,-24],[-14,-23],[-15,-24],[-14,-24],[-15,-23],[-15,-23],[-16,-24],[-15,-23],[-15,-22],[-32,-45],[-16,-23],[-17,-22],[-16,-21],[-17,-22],[-17,-21],[-17,-21],[-18,-21],[-18,-20]],[[347031,152532],[-117,76],[-116,77],[-115,76],[-113,77],[-111,77],[-111,77],[-109,77],[-107,77],[-107,78],[-104,77],[-104,78],[-101,78],[-101,78],[-99,79],[-98,79],[-97,79],[-95,80],[-94,79],[-93,81],[-91,80],[-91,81],[-89,81],[-88,82],[-86,82],[-86,83],[-84,82],[-83,84],[-82,84],[-81,85],[-79,84],[-79,86],[-77,86],[-77,87],[-75,88],[-74,88],[-73,88],[-73,89],[-71,90],[-70,91],[-69,90],[-68,92],[-66,93],[-66,93],[-66,94],[-64,95],[-63,95],[-62,97],[-62,97],[-61,98],[-59,99],[-59,99],[-58,101],[-57,101],[-56,103],[-56,103],[-55,104],[-54,105],[-53,106],[-52,108],[-52,108],[-51,109],[-50,110],[-49,112],[-49,112],[-34,79],[-34,78],[-33,79],[-34,80],[-33,80],[-34,80],[-34,80],[-33,81],[-34,81],[-33,81],[-34,82],[-100,246],[-67,166],[-33,84],[-34,83],[-34,84],[-33,84],[-34,84],[-33,85],[-34,85],[-34,85],[-34,85],[-34,85],[-34,86],[-35,86],[-34,87],[-34,86],[-35,86],[-35,87],[-34,87],[-70,174],[-35,88],[-36,87],[-35,88],[-36,88],[-35,89],[-36,88],[-36,88],[-36,89],[-37,89],[-37,88],[-73,179],[-37,89],[-37,89],[-38,90],[-37,90],[-38,89],[-38,90],[-39,90],[-39,90],[-39,90],[-39,90],[-79,180],[-40,91],[-41,90],[-40,91],[-40,90],[-42,91],[-12,27],[-14,26],[-15,27],[-16,27],[-18,27],[-18,26],[-19,27],[-21,27],[-21,27],[-22,27],[-23,26],[-24,28],[-24,26],[-26,27],[-26,27],[-27,27],[-28,27],[-29,27],[-29,27],[-29,27],[-31,26],[-31,27],[-31,27],[-64,54],[-33,27],[-33,27],[-34,27],[-34,27],[-33,27],[-35,27],[-35,27],[-35,27],[-35,26],[-35,27],[-36,27],[-35,27],[-71,53],[-36,27],[-35,26],[-36,27],[-35,27],[-36,26],[-35,27],[-35,27],[-34,26],[-35,27],[-34,27],[-34,26],[-67,53],[-32,26],[-33,27],[-31,26],[-32,27],[-31,26],[-30,26],[-30,26],[-29,27],[-29,26],[-28,26],[-27,26],[-27,26],[-102,103],[-98,100],[-95,100],[-92,98],[-88,97],[-85,96],[-82,95],[-79,93],[-75,93],[-73,91],[-70,91],[-67,91],[-64,89],[-62,89],[-58,88],[-56,87],[-54,88],[-51,86],[-49,87],[-46,86],[-44,86],[-42,85],[-39,86],[-38,86],[-35,86],[-33,86],[-32,86],[-30,86],[-28,87],[-26,86],[-24,88],[-23,87],[-22,88],[-20,90],[-18,89],[-17,91],[-16,91],[-15,92],[-13,93],[-12,94],[-12,95],[-10,96],[-9,98],[-9,98],[-7,101],[-8,101],[-6,102],[-6,104],[-5,106],[-5,107],[-4,109],[-4,111],[-4,113],[-3,115],[-3,116],[-4,119],[-4,120],[-3,123],[-3,125],[-4,127],[-3,130],[-4,132],[-5,134],[-4,137],[-7,205],[-8,203],[-7,200],[-8,199],[-7,196],[-8,194],[-9,192],[-8,190],[-9,189],[-10,186],[-10,184],[-11,183],[-11,180],[-12,179],[-12,177],[-14,176],[-14,174],[-16,172],[-16,171],[-17,170],[-18,168],[-20,166],[-21,166],[-22,164],[-23,162],[-24,162],[-26,161],[-28,159],[-29,159],[-31,157],[-32,156],[-34,156],[-35,155],[-37,154],[-40,153],[-41,152],[-43,152],[-45,151],[-47,151],[-50,150],[-51,149],[-54,150],[-56,148],[-58,148],[-61,149],[-63,148],[-65,147],[-69,148],[-71,147],[-73,148],[-76,147],[-79,148],[-82,148],[-85,147],[-87,148],[-91,148],[-94,149],[-97,148],[-100,150],[-103,149],[-106,150],[-110,150],[-114,151],[-116,152],[-125,159],[-126,159],[-128,159],[-128,158],[-130,158],[-131,158],[-132,158],[-133,158],[-134,157],[-270,315],[-136,157],[-137,157],[-137,157],[-138,157],[-275,313],[-277,314],[-139,157],[-138,157],[-138,157],[-276,315],[-137,157],[-137,158],[-136,157],[-136,158],[-135,158],[-134,158],[-134,158],[-132,158],[-132,159],[-130,159],[-129,159],[-128,160],[-126,160],[-126,160],[-124,160],[-122,161],[-120,161],[-119,162],[-117,162],[-115,162],[-114,163],[-111,163],[-109,164],[-106,165],[-105,164],[-103,165],[-99,167],[-98,166],[-94,166],[-92,168],[-90,168],[-86,168],[-84,170],[-80,169],[-78,171],[-74,171],[-72,172],[-67,172],[-65,173],[-61,174],[-34,101],[-32,100],[-32,99],[-31,99],[-29,99],[-29,98],[-28,98],[-27,98],[-26,97],[-25,97],[-25,96],[-23,97],[-22,96],[-21,96],[-21,96],[-20,95],[-19,96],[-17,95],[-17,95],[-17,95],[-15,95],[-15,95],[-13,95],[-13,95],[-12,95],[-12,94],[-10,95],[-10,96],[-9,95],[-8,95],[-8,95],[-6,96],[-6,96],[-5,96],[-4,95],[-3,97],[-4,96],[-1,98],[-2,97],[-1,97],[0,98],[1,98],[1,99],[2,99],[7,199],[4,100],[5,101],[5,102],[6,101],[7,103],[7,103],[8,103],[8,104],[9,105],[10,105],[10,106],[11,108],[12,107],[12,108],[12,109],[13,110],[14,111],[14,111]],[[324818,198895],[14,72],[14,75],[15,76],[14,79],[16,80],[16,81],[17,84],[17,85],[19,86],[18,89],[19,90],[20,91],[20,92],[21,94],[21,96],[22,96],[22,98],[23,98],[24,100],[24,101],[25,101],[25,103],[27,103],[26,104],[27,105],[28,106],[28,105],[29,107],[29,107],[30,107],[31,108],[31,108],[32,108],[32,109],[33,109],[34,109],[34,109],[35,108],[36,109],[35,109],[37,108],[37,109],[38,108],[38,107],[39,107],[40,107],[40,106],[41,106],[41,105],[42,104],[43,104],[43,102],[44,103],[44,101],[45,100],[46,99],[46,98],[46,97],[48,95],[48,95],[49,93],[49,92],[50,91],[50,88],[45,78],[45,79],[45,81],[46,81],[46,84],[46,84],[46,86],[47,87],[47,88],[48,89],[47,90],[48,92],[48,92],[48,93],[48,94],[48,96],[48,96],[48,97],[48,98],[48,98],[48,100],[47,100],[48,101],[47,101],[47,102],[46,103],[46,103],[46,104],[46,104],[45,104],[45,105],[45,105],[44,106],[43,105],[43,107],[43,106],[42,107],[41,106],[40,107],[41,107],[39,107],[38,107],[38,106],[37,108],[36,107],[36,106],[34,106],[34,106],[32,107],[32,105],[31,105],[29,105],[29,105],[27,104],[27,104],[25,103],[24,103],[23,102],[22,102],[21,101],[19,100],[18,99],[17,99],[15,99],[11,79],[10,79],[9,80],[9,81],[7,81],[6,81],[6,81],[5,81],[5,82],[3,82],[4,82],[2,83],[3,82],[2,82],[1,83],[4,166],[1,83],[1,83],[1,83],[3,166],[1,83],[2,83],[2,83],[3,83],[2,83],[3,82],[4,83],[4,82],[5,82],[5,82],[7,82],[7,81],[8,82],[9,81],[10,80],[11,81],[12,80],[13,79],[15,80],[16,79],[17,79],[18,78],[20,77],[21,78],[24,76],[24,77],[26,76],[28,75],[30,75],[32,74],[33,74],[36,73],[37,73],[40,71],[41,71],[45,71],[46,69],[48,69],[51,68],[54,68],[56,67],[57,66],[5,6],[12,12],[6,6],[6,6],[5,6],[6,6],[7,6],[6,5],[13,12],[7,6],[7,6],[15,12],[14,11],[15,12],[8,6],[8,6],[7,5],[9,6],[8,6],[8,5],[16,11],[9,6],[8,5],[8,5],[9,6],[17,10],[8,5],[17,10],[9,5],[17,10],[17,9],[26,13],[8,5],[9,4],[8,4],[9,4],[8,4],[8,4],[9,4],[8,4],[9,3],[32,14],[8,3],[8,3],[8,3],[7,3],[16,5],[7,3],[57,16],[57,15],[56,14],[55,14],[54,12],[54,12],[54,11],[53,10],[51,10],[52,9],[103,16],[50,8],[50,7],[49,6],[49,6],[48,5],[48,5],[47,5],[47,5],[47,4],[46,4],[45,4],[46,4],[89,7],[88,7],[43,3],[86,7],[43,4],[42,4],[83,8],[41,4],[41,5],[41,5],[40,6],[80,12],[40,7],[40,7],[39,8],[39,8],[39,9],[39,10],[39,10],[38,11],[39,12],[38,12],[39,14],[38,14],[38,15],[37,16],[38,17],[38,18],[38,19],[37,20],[38,21],[38,22],[37,23],[38,25],[38,26],[103,77],[98,83],[93,90],[89,95],[83,102],[78,106],[73,112],[69,117],[64,123],[60,127],[55,131],[52,136],[47,141],[44,145],[40,148],[36,153],[33,156],[29,160],[26,163],[23,166],[19,168],[17,172],[14,174],[12,177],[9,179],[6,181],[4,183],[3,185],[0,186],[-2,188],[-4,189],[-5,189],[-7,191],[-9,192],[-9,191],[-11,193],[-12,192],[-12,193],[-14,192],[-14,192],[-15,192],[-16,191],[-15,190],[-16,189],[-16,187],[-16,187],[-15,185],[-16,183],[-15,181],[-14,179],[-13,178],[-13,174],[-13,172],[-10,169],[-10,167],[-9,163],[-7,160],[-6,157],[-3,152],[-2,149],[-1,146],[2,141],[4,136],[6,133]],[[334640,227843],[387,2],[776,5],[1164,6],[388,2],[388,2],[387,3],[388,2],[388,2],[775,4],[776,5],[388,2],[388,2],[388,2],[388,3],[387,2],[387,2],[776,4],[776,5],[388,2],[388,2],[775,4],[776,5],[775,4],[776,5],[388,2],[387,2],[776,4],[776,5],[775,4],[388,2],[387,2],[776,5],[776,4],[776,5],[775,4],[388,2],[387,2],[776,5],[776,4],[387,2],[388,2],[388,2],[388,3],[388,2]],[[359459,227983],[8,-28],[8,-28],[8,-29],[17,-56],[8,-28],[9,-28],[9,-28],[17,-56],[9,-28],[17,-56],[9,-27],[9,-28],[9,-28],[9,-28],[9,-28],[9,-28],[9,-28],[9,-28],[9,-27],[8,-28],[9,-28],[10,-28],[9,-28],[9,-28],[8,-28],[9,-28],[9,-28],[9,-28],[9,-28],[9,-28],[9,-28],[8,-28],[17,-56],[8,-28],[9,-28],[17,-56],[8,-28],[8,-29],[15,-56],[9,-28],[7,-28],[8,-29],[7,-28],[8,-29],[7,-28],[7,-28],[7,-29],[7,-29],[7,-28],[13,-57],[6,-29],[6,-29],[7,-29],[6,-29],[6,-29],[5,-29],[5,-29],[18,-103],[16,-104],[14,-106],[13,-108],[10,-108],[10,-109],[8,-110],[7,-111],[6,-112],[5,-112],[3,-114],[2,-114],[2,-115],[1,-114],[0,-116],[-1,-116],[-1,-117],[-2,-116],[-2,-117],[-2,-117],[-3,-117],[-3,-117],[-3,-117],[-4,-117],[-10,-350],[-2,-116],[-3,-116],[-1,-116],[-2,-114],[-1,-115],[0,-113],[0,-114],[1,-112],[2,-111],[3,-111],[4,-110],[5,-109],[6,-107],[8,-107],[8,-105],[10,-105],[12,-103],[13,-101],[15,-100],[17,-99],[18,-97],[20,-96],[23,-94],[23,-92],[27,-90],[28,-89],[31,-87],[33,-85],[35,-83],[38,-81],[40,-79],[43,-76],[46,-75],[49,-72],[51,-69],[54,-67],[58,-65],[45,-50],[45,-50],[44,-50],[43,-51],[43,-50],[42,-52],[41,-51],[41,-51],[40,-52],[41,-52],[39,-51],[39,-52],[38,-53],[39,-51],[38,-52],[76,-104],[38,-52],[37,-51],[37,-52],[37,-51],[37,-51],[37,-51],[75,-101],[38,-50],[37,-50],[38,-49],[38,-48],[39,-49],[78,-95],[39,-47],[40,-46],[81,-91],[42,-44],[42,-44],[42,-43],[44,-43],[44,-41],[44,-41],[46,-40],[46,-39],[47,-39],[48,-37],[49,-37],[50,-35],[51,-35],[53,-33],[52,-33],[55,-31],[55,-31],[57,-29],[57,-28],[59,-27],[61,-26],[61,-24],[63,-23],[65,-23],[66,-20],[67,-20],[69,-18],[71,-16],[4,-1],[2,-1],[9,-2],[2,0],[9,-2],[2,-1],[13,-3],[4,-1],[2,0],[9,-2],[2,0],[2,0],[2,-1],[3,0],[9,-2],[2,0],[2,0],[2,-1],[2,0],[9,-2],[3,0],[1,0],[3,-1],[4,0],[5,-1],[2,0],[5,-1],[1,0],[5,-1],[2,0],[5,-1],[2,0],[2,0],[2,-1],[4,0],[3,0]],[[363837,216810],[-3,-451],[-2,-452],[-2,-451],[-11,-2257],[-3,-452],[-4,-903],[-5,-902],[-2,-451],[-2,-451],[-4,-903],[-2,-452],[-2,-451],[-3,-451],[-2,-451],[-11,-2257],[-2,-452],[-9,-1806],[-3,-451],[-2,-451],[-11,-2257],[-2,-451],[-5,-903],[-1,-452],[-3,-451],[-2,-451],[-2,-451],[-11,-2257],[-3,-452],[-4,-902],[-7,-1354],[-2,-452],[-12,-2257],[-1,-451],[-3,-451],[1,-80],[1,-80],[1,-77],[2,-77],[2,-76],[1,-75],[3,-75],[2,-73],[1,-73],[3,-71],[1,-71],[2,-70],[2,-69],[2,-69],[2,-68],[1,-68],[1,-133],[1,-65],[0,-65],[-1,-64],[-1,-64],[-1,-64],[-2,-64],[-2,-63],[-4,-62],[-3,-62],[-4,-62],[-5,-61],[-6,-62],[-6,-61],[-8,-61],[-8,-61],[-8,-60],[-10,-61],[-11,-60],[-12,-61],[-13,-60],[-14,-61],[-15,-61],[-15,-61],[-18,-60],[-18,-61],[-20,-61],[-20,-61],[-22,-62],[-24,-61],[-25,-63],[-26,-62],[-28,-62],[-29,-63],[-30,-64],[-32,-64],[-34,-64],[-36,-65],[-37,-65],[-39,-66],[-40,-66],[-42,-67],[-44,-68],[-46,-68],[-48,-69],[-49,-70],[-52,-71],[-45,-61],[-43,-63],[-43,-63],[-41,-64],[-40,-65],[-39,-66],[-38,-67],[-37,-68],[-37,-68],[-35,-69],[-34,-69],[-33,-70],[-32,-71],[-31,-72],[-30,-72],[-29,-73],[-28,-73],[-27,-74],[-27,-74],[-26,-75],[-25,-76],[-23,-76],[-23,-76],[-22,-76],[-22,-77],[-20,-77],[-20,-78],[-19,-78],[-18,-78],[-17,-79],[-17,-78],[-16,-79],[-15,-80],[-15,-79],[-13,-79],[-13,-80],[-12,-79],[-12,-80],[-11,-79],[-10,-81],[-10,-80],[-9,-79],[-9,-80],[-8,-79],[-14,-160],[-6,-79],[-6,-79],[-5,-79],[-5,-79],[-4,-78],[-4,-79],[-3,-78],[-3,-78],[-2,-77],[-2,-77],[-1,-77],[-1,-76],[-1,-76],[0,-76],[1,-75],[0,-74],[1,-74],[1,-73],[3,-118],[2,-118],[7,-232],[3,-116],[4,-115],[4,-114],[3,-114],[4,-114],[8,-226],[4,-112],[4,-112],[3,-112],[4,-111],[4,-111],[6,-220],[2,-110],[2,-109],[2,-108],[2,-109],[0,-109],[1,-107],[1,-108],[-1,-107],[-1,-108],[-1,-106],[-3,-107],[-2,-106],[-4,-105],[-4,-107],[-5,-105],[-7,-106],[-7,-105],[-7,-104],[-9,-105],[-10,-105],[-10,-104],[-12,-104],[-13,-105],[-14,-104],[-15,-104],[-16,-103],[-17,-104],[-19,-104],[-20,-104],[-22,-103],[-23,-103],[-24,-103],[-25,-104],[-27,-103],[-29,-103],[-30,-104],[-31,-103],[-33,-103],[-36,-103],[-36,-103],[-39,-104],[-40,-103],[-42,-104],[-43,-103],[-46,-103],[-48,-104],[-29,-63],[-31,-63],[-32,-63],[-32,-64],[-33,-63],[-35,-64],[-35,-63],[-35,-64],[-37,-64],[-37,-65],[-37,-65],[-39,-65],[-39,-65],[-39,-65],[-40,-66],[-41,-65],[-40,-67],[-41,-66],[-42,-67],[-85,-134],[-42,-67],[-43,-68],[-43,-69],[-44,-68],[-43,-69],[-44,-70],[-43,-70],[-44,-70],[-44,-70],[-44,-71],[-44,-72],[-44,-71],[-43,-73],[-44,-72],[-43,-73],[-43,-74],[-43,-75],[-42,-74],[-43,-75],[-42,-75],[-41,-76],[-42,-76],[-40,-77],[-41,-78],[-39,-78],[-40,-79],[-39,-79],[-37,-79],[-38,-80],[-37,-82],[-36,-81],[-36,-82],[-34,-83],[-34,-84],[-33,-84],[-32,-85],[-32,-85],[-30,-86],[-29,-86],[-29,-88],[-27,-88],[-27,-89],[-25,-89],[-13,-48],[-14,-48],[-14,-49],[-14,-48],[-14,-48],[-13,-49],[-14,-49],[-14,-49],[-14,-49],[-13,-50],[-14,-49],[-14,-50],[-14,-50],[-13,-50],[-28,-101],[-13,-52],[-13,-51],[-13,-51],[-14,-51],[-13,-52],[-13,-52],[-12,-52],[-13,-52],[-12,-53],[-11,-53],[-12,-53],[-12,-54],[-11,-53],[-12,-54],[-11,-54],[-10,-54],[-11,-55],[-10,-54],[-9,-55],[-10,-56],[-9,-56],[-9,-55],[-8,-57],[-8,-56],[-8,-56],[-7,-57],[-7,-57],[-6,-58],[-6,-58],[-6,-58],[-5,-58],[-5,-58],[-5,-59],[-3,-59],[-3,-59],[-3,-60],[-2,-61],[-2,-60],[-2,-61],[-1,-60],[0,-61],[1,-62],[1,-62],[1,-62],[2,-63],[3,-62],[4,-63],[4,-63]],[[389494,218579],[-1,-578],[0,-578],[0,-579],[-1,-578],[0,-579],[0,-578],[-1,-578],[0,-1157],[0,-578],[0,-578],[0,-1157],[-1,-579],[0,-579],[0,-1156],[-1,-578],[0,-579],[0,-1157],[-1,-578],[0,-578],[0,-1157],[-1,-579],[0,-578],[0,-578],[-1,-579],[0,-578],[0,-578],[0,-579],[-1,-578],[0,-578],[0,-578],[-1,-579],[0,-578],[0,-579],[-1,-578],[0,-1157],[0,-578],[-1,-578],[0,-1157],[0,-579],[-1,-578],[0,-1156],[0,-579],[0,-579],[0,-1157],[-1,-1156],[0,-1157],[-1,-578],[0,-578],[0,-579],[-1,-579],[0,-578],[0,-578],[-1,-578]],[[389477,181564],[-5,0],[-1,-1],[-2,0],[-1,0],[-5,0],[-2,-1],[-4,0],[-2,-1],[-4,0],[-1,-1],[-1,0],[-2,0],[-1,-1],[-1,0],[-2,0],[-2,-1],[-2,0],[-1,-1],[-1,0],[-2,0],[-1,-1],[-2,0],[-2,-1],[-1,0],[-2,-1],[-1,0],[-1,-1],[-2,0],[-2,-1],[-1,0],[-1,-1],[-12,-4],[-12,-4],[-12,-5],[-12,-5],[-12,-5],[-12,-5],[-12,-5],[-24,-12],[-25,-13],[-12,-7],[-13,-7],[-24,-14],[-25,-16],[-25,-16],[-25,-16],[-25,-17],[-12,-8],[-13,-9],[-12,-9],[-13,-9],[-12,-9],[-13,-9],[-24,-20],[-13,-9],[-12,-9],[-13,-10],[-24,-19],[-12,-10],[-12,-9],[-13,-10],[-11,-10],[-12,-10],[-12,-10],[-12,-10],[-12,-9],[-12,-10],[-12,-10],[-11,-9],[-12,-10],[-11,-10],[-23,-19],[-11,-9],[-11,-9],[-11,-10],[-11,-9],[-11,-9],[-10,-9],[-11,-9],[-11,-8],[-10,-9],[-10,-8],[-10,-9],[-10,-8],[-10,-8],[-20,-16],[-10,-8],[-20,-16],[-10,-8],[-10,-9],[-20,-16],[-10,-8],[-10,-9],[-10,-8],[-9,-8],[-10,-9],[-10,-8],[-10,-9],[-10,-8],[-9,-9],[-10,-8],[-29,-26],[-9,-9],[-10,-9],[-9,-8],[-29,-27],[-9,-9],[-9,-9],[-10,-9],[-9,-9],[-9,-9],[-9,-9],[-9,-9],[-9,-10],[-9,-9],[-9,-9],[-19,-19],[-9,-10],[-9,-9],[-8,-10],[-9,-10],[-9,-9],[-9,-10],[-8,-9],[-9,-10],[-9,-10],[-8,-10],[-9,-10],[-17,-20],[-8,-10],[-8,-10],[-9,-10],[-8,-11],[-9,-10],[-8,-10],[-8,-11],[-8,-10],[-15,-21],[-9,-11],[-14,-20],[-15,-20],[-14,-21],[-14,-22],[-14,-21],[-14,-21],[-14,-22],[-13,-22],[-13,-22],[-13,-23],[-13,-23],[-12,-23],[-11,-23],[-12,-23],[-12,-24],[-11,-24],[-11,-24],[-11,-24],[-10,-25],[-11,-24],[-10,-25],[-10,-25],[-9,-25],[-9,-25],[-9,-26],[-9,-26],[-8,-25],[-8,-26],[-8,-26],[-14,-52],[-7,-26],[-6,-26],[-7,-26],[-6,-27],[-5,-26],[-5,-27],[-5,-26],[-5,-27],[-8,-53],[-4,-27],[-3,-27],[-3,-28],[-3,-27],[-2,-26],[-2,-27],[-2,-27],[-1,-27],[-2,-53],[0,-54],[2,-53],[1,-27],[4,-53],[2,-26],[3,-26],[3,-26],[4,-26],[3,-27],[5,-26],[1,-7],[2,-5],[1,-5],[2,-5],[0,-3],[1,-3],[1,-3],[0,-2],[1,-6],[2,-6],[1,-6],[1,-4],[1,-3],[0,-3],[1,-3],[2,-7],[2,-6],[2,-7],[5,-21],[1,-4],[1,-4],[1,-3],[1,-4],[3,-11],[1,-4],[1,-4],[1,-3],[3,-8],[2,-8],[1,-4],[3,-8],[1,-4],[1,-4],[1,-4],[4,-12],[1,-4],[4,-12],[3,-8],[2,-5],[4,-11],[3,-6],[2,-6],[3,-6],[3,-6],[3,-6],[4,-5],[3,-6],[7,-12],[4,-6],[16,-24],[4,-6],[9,-12],[5,-6],[4,-7],[10,-12],[5,-6],[6,-6],[5,-6],[5,-6],[11,-12],[6,-6],[5,-6],[6,-5],[18,-18],[6,-6],[12,-12],[6,-6],[7,-5],[5,-6],[7,-6],[12,-11],[7,-5],[7,-6],[12,-10],[7,-5],[6,-5],[7,-5],[14,-10],[6,-5],[13,-9],[20,-14],[7,-4],[7,-4],[6,-5],[7,-4],[64,-41],[61,-43],[57,-44],[52,-46],[49,-46],[45,-48],[42,-49],[37,-50],[35,-51],[31,-52],[27,-53],[24,-54],[21,-55],[18,-55],[14,-56],[12,-57],[9,-58],[6,-59],[2,-59],[1,-59],[-2,-61],[-5,-60],[-8,-61],[-10,-61],[-12,-62],[-15,-62],[-17,-63],[-19,-62],[-21,-63],[-23,-63],[-25,-63],[-27,-63],[-28,-63],[-30,-63],[-33,-63],[-33,-63],[-35,-62],[-36,-63],[-38,-62],[-39,-62],[-40,-61],[-41,-62],[-42,-61],[-44,-60],[-44,-60],[-90,-118],[-47,-58],[-47,-58],[-47,-57],[-48,-56],[-49,-55],[-48,-54],[-49,-53],[-50,-52],[-49,-52],[-48,-50],[-50,-50],[-49,-48],[-48,-48],[-49,-46],[-48,-44],[-48,-44],[-47,-42],[-11,-11],[-7,-5],[-12,-10],[-7,-6],[-13,-11],[-7,-5],[-7,-6],[-8,-5],[-14,-10],[-16,-11],[-7,-5],[-8,-5],[-8,-6],[-8,-5],[-8,-5],[-17,-10],[-8,-5],[-17,-10],[-8,-5],[-9,-5],[-8,-5],[-9,-5],[-18,-9],[-17,-9],[-8,-4],[-18,-8],[-9,-5],[-9,-4],[-9,-3],[-9,-4],[-8,-4],[-18,-7],[-9,-3],[-9,-3],[-9,-4],[-8,-3],[-17,-5],[-9,-3],[-8,-3],[-17,-5],[-8,-2],[-9,-2],[-16,-4],[-8,-2],[-8,-1],[-7,-1],[-9,-2],[-7,-1],[-8,0],[-7,-1],[-3,0],[-7,-1],[-6,0],[-7,-1],[-3,0],[-6,-1],[-3,0],[-8,-1],[-6,0],[-6,-2],[-7,0],[-7,-1],[-6,0],[-6,-1],[-7,0],[-7,-1],[-6,0],[-7,-1],[-6,0],[-7,-1],[-7,0],[-6,-1],[-20,0],[-6,-1],[-14,0],[-3,0],[-7,0],[-3,-1],[-31,0],[-7,1],[-8,0],[-16,2],[-8,2],[-8,1],[-8,2],[-8,2],[-18,4],[-8,2],[-8,3],[-34,10],[-17,7],[-17,6],[-18,7],[-8,4],[-9,4],[-8,4],[-9,4],[-8,4],[-17,9],[-8,4],[-9,5],[-9,4],[-8,5],[-8,5],[-16,10],[-8,5],[-8,6],[-9,5],[-15,11],[-15,11],[-8,5],[-7,6],[-8,6],[-14,11],[-7,6],[-7,6],[-7,6],[-6,6],[-7,6],[-13,12],[-11,12],[-6,6],[-11,12],[-6,7],[-10,12],[-23,28],[-23,29],[-23,28],[-24,29],[-23,30],[-23,29],[-24,30],[-23,30],[-24,30],[-48,60],[-23,31],[-48,60],[-24,30],[-24,30],[-24,29],[-50,59],[-24,30],[-26,29],[-25,28],[-25,29],[-25,28],[-26,28],[-25,27],[-26,27],[-26,26],[-27,26],[-26,25],[-26,25],[-28,24],[-27,24],[-27,23],[-28,22],[-27,21],[-29,21],[-28,20],[-28,19],[-29,19],[-29,17],[-30,17],[-29,16],[-30,14],[-30,14],[-31,12],[-30,12],[-31,11],[-32,10],[-31,8],[-32,7],[-33,6],[-32,5],[-33,3],[-34,2],[-33,1],[-34,0],[-35,-2],[-34,-3],[-35,-5],[-36,-7],[-36,-7],[-36,-10],[-37,-11],[-7,-2],[-7,-3],[-8,-3],[-7,-3],[-8,-3],[-23,-10],[-8,-4],[-8,-4],[-8,-4],[-8,-5],[-7,-4],[-9,-5],[-8,-4],[-15,-10],[-16,-10],[-16,-11],[-8,-6],[-8,-5],[-15,-11],[-9,-6],[-23,-18],[-15,-13],[-8,-6],[-7,-7],[-8,-6],[-7,-7],[-8,-6],[-14,-13],[-8,-7],[-14,-13],[-7,-7],[-14,-14],[-7,-7],[-7,-7],[-7,-7],[-19,-21],[-6,-6],[-13,-14],[-6,-7],[-5,-6],[-6,-7],[-6,-7],[-6,-7],[-5,-6],[-10,-14],[-10,-13],[-5,-7],[-22,-30],[-22,-31],[-21,-31],[-22,-32],[-20,-32],[-21,-32],[-21,-31],[-20,-32],[-19,-32],[-20,-33],[-19,-32],[-19,-33],[-19,-32],[-18,-33],[-19,-33],[-18,-33],[-18,-33],[-18,-33],[-17,-34],[-18,-33],[-17,-34],[-17,-33],[-17,-34],[-16,-34],[-17,-33],[-16,-34],[-17,-34],[-16,-34],[-16,-34],[-16,-35],[-16,-34],[-16,-34],[-15,-35],[-16,-35],[-16,-34],[-15,-34],[-15,-35],[-16,-34],[-16,-35],[-15,-34],[-15,-35],[-16,-35],[-15,-34],[-15,-35],[-16,-34],[-15,-35],[-46,-104],[-16,-34],[-15,-35],[-16,-34],[-16,-35],[-15,-34],[-17,-34],[-16,-34],[-15,-34],[-17,-34],[-16,-34],[-17,-34],[-16,-34],[-17,-34],[-16,-34],[-18,-34],[-3,-7],[-4,-8],[-3,-7],[-11,-24],[-4,-9],[-4,-8],[-3,-8],[-4,-9],[-3,-9],[-7,-17],[-7,-18],[-8,-19],[-6,-18],[-7,-19],[-7,-19],[-4,-10],[-3,-10],[-3,-9],[-4,-10],[-3,-10],[-3,-10],[-3,-9],[-4,-10],[-12,-40],[-3,-9],[-4,-10],[-2,-10],[-3,-10],[-5,-20],[-7,-19],[-3,-10],[-2,-9],[-5,-20],[-2,-9],[-3,-9],[-5,-19],[-4,-18],[-3,-10],[-2,-8],[-4,-18],[-4,-17],[-2,-9],[-3,-17],[-2,-8],[-1,-8],[-12,-56],[-12,-56],[-13,-56],[-15,-55],[-14,-55],[-17,-55],[-16,-55],[-18,-53],[-19,-54],[-19,-53],[-20,-52],[-20,-52],[-22,-52],[-23,-52],[-23,-51],[-23,-51],[-25,-50],[-24,-50],[-26,-50],[-26,-49],[-28,-49],[-27,-49],[-28,-48],[-29,-48],[-30,-48],[-29,-48],[-31,-47],[-30,-47],[-32,-46],[-32,-47],[-32,-46],[-33,-45],[-34,-46],[-33,-45],[-35,-45],[-34,-44],[-35,-45],[-35,-44],[-36,-44],[-35,-43],[-37,-44],[-36,-43],[-37,-42],[-37,-43],[-37,-42],[-37,-43],[-38,-41],[-38,-43],[-38,-41],[-39,-42],[-38,-41],[-39,-41],[-39,-41],[-38,-40],[-39,-41],[-39,-40],[-39,-40],[-39,-40],[-39,-40],[-39,-40],[-39,-39],[-39,-39],[-39,-40],[-39,-39],[-6,-5],[-5,-6],[-6,-5],[-6,-6],[-13,-11],[-6,-6],[-13,-11],[-7,-6],[-7,-6],[-7,-6],[-7,-5],[-7,-6],[-15,-11],[-7,-6],[-8,-5],[-7,-6],[-8,-6],[-8,-5],[-8,-6],[-7,-6],[-25,-16],[-8,-5],[-16,-11],[-8,-6],[-8,-5],[-9,-5],[-9,-5],[-8,-6],[-8,-5],[-9,-5],[-8,-5],[-8,-4],[-8,-5],[-9,-5],[-9,-5],[-8,-4],[-8,-5],[-8,-4],[-9,-5],[-16,-9],[-9,-4],[-8,-4],[-9,-4],[-8,-4],[-7,-4],[-9,-3],[-7,-4],[-8,-4],[-8,-3],[-8,-3],[-15,-7],[-8,-3],[-8,-3],[-14,-6],[-7,-3],[-105,-44],[-104,-47],[-102,-50],[-100,-54],[-98,-56],[-97,-60],[-96,-62],[-94,-65],[-93,-67],[-92,-70],[-91,-72],[-89,-74],[-89,-76],[-88,-77],[-86,-79],[-87,-81],[-85,-82],[-85,-83],[-84,-84],[-84,-85],[-83,-85],[-84,-86],[-82,-87],[-83,-86],[-166,-174],[-82,-86],[-84,-87],[-83,-86],[-83,-85],[-84,-84],[-85,-83],[-85,-83],[-85,-81],[-86,-79],[-87,-79],[-87,-76],[-89,-75],[-90,-72],[-90,-71],[-92,-69],[-93,-66],[-95,-63],[-95,-61],[-97,-58],[-99,-54],[-100,-52],[-102,-49],[-104,-45],[-104,-41],[-108,-38],[-109,-33],[-111,-30],[-114,-26],[-115,-21],[-118,-17],[-120,-12],[-122,-7],[-126,-3],[-127,3],[-130,8],[-133,13],[-135,19],[-139,24],[-39,8],[-38,9],[-37,10],[-38,11],[-37,12],[-37,13],[-36,14],[-36,15],[-37,15],[-36,16],[-36,17],[-35,18],[-35,18],[-35,19],[-35,19],[-35,20],[-34,20],[-35,20],[-35,20],[-34,21],[-35,21],[-34,21],[-34,21],[-103,63],[-103,61],[-34,20],[-35,20],[-35,19],[-35,19],[-35,19],[-35,17],[-36,18],[-35,16],[-36,16],[-36,15],[-36,15],[-36,13],[-37,13],[-37,12],[-37,11],[-37,10],[-38,8],[-38,8],[-39,6],[-39,5],[-39,4],[-40,3],[-40,1],[-40,-1],[-41,-2],[-42,-3],[-42,-5],[-42,-7],[-43,-8],[-43,-10],[-44,-12],[-44,-14],[-45,-16],[-46,-18],[-46,-19],[-15,-6],[-6,-4],[-15,-8],[-7,-4],[-7,-4],[-7,-4],[-7,-4],[-15,-10],[-14,-10],[-8,-6],[-6,-5],[-8,-6],[-7,-6],[-7,-5],[-7,-7],[-7,-6],[-7,-6],[-13,-13],[-14,-14],[-13,-13],[-14,-14],[-6,-7],[-7,-7],[-6,-8],[-7,-7],[-12,-15],[-6,-8],[-6,-7],[-6,-8],[-6,-8],[-12,-16],[-5,-8],[-22,-32],[-10,-16],[-4,-8],[-10,-16],[-9,-16],[-4,-8],[-5,-8],[-7,-16],[-4,-8],[-3,-7],[-4,-8],[-3,-8],[-6,-15],[-3,-8],[-16,-46],[-15,-45],[-15,-46],[-15,-46],[-15,-47],[-14,-47],[-15,-48],[-14,-48],[-15,-48],[-14,-49],[-14,-49],[-15,-49],[-14,-49],[-14,-50],[-14,-49],[-15,-49],[-15,-49],[-15,-49],[-16,-49],[-15,-49],[-15,-48],[-16,-49],[-16,-48],[-17,-48],[-17,-47],[-17,-47],[-18,-46],[-18,-46],[-19,-45],[-19,-45],[-20,-44],[-20,-44],[-20,-42],[-22,-42],[-22,-41],[-22,-40],[-23,-39],[-24,-38],[-25,-38],[-25,-36],[-26,-35],[-27,-34],[-28,-33],[-28,-32],[-29,-30],[-31,-29],[-31,-28],[-32,-27],[-33,-25],[-35,-23],[-35,-22],[-36,-20],[-38,-19],[-38,-17],[-40,-16],[-41,-14],[-42,-12],[-43,-10],[-44,-8],[-46,-7],[-47,-4],[-48,-3],[-50,0],[-51,1],[-8,1],[-15,1],[-9,0],[-8,1],[-8,1],[-9,1],[-8,2],[-9,1],[-17,3],[-8,2],[-9,1],[-9,2],[-9,3],[-18,4],[-18,5],[-10,2],[-9,3],[-9,3],[-9,3],[-9,2],[-9,3],[-10,4],[-9,3],[-9,3],[-9,3],[-19,7],[-9,4],[-9,4],[-10,3],[-9,4],[-9,4],[-9,4],[-9,4],[-9,4],[-9,4],[-9,4],[-8,4],[-9,4],[-17,9],[-9,5],[-16,9],[-8,4],[-8,5],[-8,4],[-8,5],[-7,5],[-8,5],[-8,4],[-14,10],[-7,5],[-7,4],[-14,10],[-12,10],[-7,5],[-19,15],[-19,15],[-19,16],[-19,15],[-18,17],[-18,16],[-18,16],[-37,33],[-35,34],[-17,17],[-17,17],[-17,18],[-17,17],[-17,18],[-17,18],[-17,19],[-16,18],[-16,18],[-17,19],[-16,19],[-16,18],[-15,19],[-16,19],[-16,20],[-16,19],[-15,19],[-16,20],[-15,20],[-15,19],[-15,21],[-15,20],[-15,20],[-15,20],[-15,20],[-15,20],[-14,20],[-15,21],[-14,20],[-15,21],[-14,20],[-14,21],[-15,21],[-14,21],[-14,20],[-14,21],[-14,21],[-13,21],[-14,21],[-14,20],[-28,42],[-14,21],[-14,21],[-13,21],[-14,21],[-54,84],[-27,41],[-14,21],[-4,7],[-5,7],[-5,6],[-10,14],[-5,7],[-10,14],[-6,6],[-12,14],[-6,7],[-6,7],[-6,7],[-19,19],[-7,7],[-20,19],[-8,7],[-6,6],[-15,13],[-29,24],[-15,12],[-8,6],[-15,11],[-8,5],[-15,11],[-8,5],[-8,5],[-8,5],[-8,5],[-8,5],[-7,5],[-16,9],[-8,4],[-8,4],[-16,8],[-15,7],[-17,7],[-7,3],[-8,3],[-8,3],[-16,6],[-7,2],[-8,2],[-7,2],[-16,4],[-7,1],[-52,9],[-53,7],[-52,5],[-52,4],[-52,3],[-52,1],[-51,1],[-52,-2],[-51,-2],[-51,-4],[-51,-4],[-51,-6],[-50,-7],[-51,-9],[-51,-9],[-50,-11],[-50,-11],[-50,-12],[-50,-13],[-50,-15],[-49,-15],[-50,-16],[-49,-17],[-49,-18],[-49,-18],[-49,-19],[-49,-20],[-49,-21],[-48,-22],[-49,-22],[-48,-22],[-48,-24],[-48,-24],[-48,-24],[-48,-25],[-48,-26],[-48,-26],[-47,-26],[-48,-27],[-47,-27],[-47,-28],[-47,-28],[-46,-28],[-47,-28],[-47,-29],[-46,-29],[-46,-29],[-47,-29],[-47,-30],[-45,-29],[-46,-30],[-46,-29],[-45,-30],[-46,-29],[-46,-30],[-45,-30],[-45,-30],[-45,-29],[-45,-29],[-45,-29],[-45,-29],[-45,-29],[-45,-28],[-44,-28],[-6,-4],[-8,-4],[-6,-4],[-15,-8],[-14,-9],[-16,-8],[-8,-5],[-8,-4],[-8,-4],[-7,-4],[-9,-5],[-9,-4],[-8,-4],[-8,-4],[-9,-4],[-9,-4],[-8,-4],[-9,-4],[-9,-4],[-9,-4],[-9,-4],[-9,-4],[-18,-7],[-18,-8],[-10,-3],[-27,-11],[-9,-3],[-9,-3],[-10,-4],[-9,-3],[-9,-3],[-9,-3],[-10,-2],[-9,-3],[-9,-3],[-9,-2],[-9,-3],[-9,-2],[-9,-2],[-9,-3],[-18,-4],[-9,-2],[-8,-1],[-9,-2],[-8,-2],[-9,-1],[-8,-2],[-8,-1],[-9,-1],[-15,-2],[-8,0],[-9,-1],[-15,-1],[-33,0],[-8,1],[-9,0],[-8,0],[-8,0],[-9,1],[-9,0],[-8,1],[-8,0],[-9,1],[-9,0],[-8,1],[-8,1],[-26,3],[-8,1],[-17,2],[-8,1],[-9,1],[-8,1],[-9,2],[-16,3],[-16,3],[-9,1],[-9,2],[-8,2],[-8,2],[-8,1],[-9,2],[-8,2],[-8,2],[-17,5],[-8,2],[-8,2],[-8,3],[-24,7],[-8,3],[-9,3],[-7,2],[-8,3],[-8,3],[-8,3],[-17,6],[-7,3],[-8,3],[-8,3],[-15,7],[-9,3],[-15,7],[-8,4],[-8,3],[-7,4],[-7,3],[-14,7],[-14,8],[-7,5],[-8,4],[-14,9],[-7,5],[-8,5],[-14,10],[-15,11],[-14,12],[-7,6],[-8,6],[-14,12],[-8,7],[-7,6],[-8,6],[-7,7],[-14,13],[-15,14],[-7,7],[-7,8],[-14,14],[-7,7],[-7,8],[-7,7],[-7,7],[-34,38],[-12,15],[-7,7],[-6,8],[-6,8],[-13,15],[-12,15],[-5,7],[-6,8],[-6,7],[-5,7],[-6,8],[-5,7],[-5,7],[-5,7],[-15,21],[-5,7],[-4,7],[-13,18],[-12,19],[-12,18],[-38,55],[-13,19],[-13,18],[-13,18],[-26,36],[-13,18],[-13,18],[-13,17],[-13,18],[-14,18],[-41,52],[-14,17],[-42,52],[-14,17],[-14,17],[-15,16],[-14,16],[-15,16],[-30,32],[-15,16],[-15,15],[-15,15],[-16,16],[-16,14],[-15,15],[-16,15],[-17,14],[-32,28],[-17,14],[-17,13],[-17,13],[-17,13],[-17,12],[-17,13],[-18,12],[-18,12],[-18,12],[-18,11],[-18,12],[-19,10],[-38,21],[-39,21],[-19,9],[-20,9],[-20,9],[-20,8],[-21,8],[-20,8],[-21,8],[-21,7],[-37,11],[-35,9],[-36,8],[-35,7],[-35,5],[-34,4],[-35,3],[-34,1],[-33,1],[-34,-1],[-33,-2],[-32,-4],[-33,-4],[-32,-6],[-32,-6],[-32,-8],[-31,-8],[-31,-10],[-31,-10],[-30,-12],[-31,-12],[-30,-13],[-29,-14],[-30,-15],[-29,-15],[-30,-17],[-28,-17],[-29,-17],[-28,-19],[-29,-18],[-28,-20],[-28,-20],[-27,-21],[-27,-21],[-27,-22],[-27,-22],[-28,-22],[-26,-24],[-27,-23],[-26,-24],[-26,-24],[-52,-49],[-50,-50],[-25,-25],[-25,-26],[-26,-26],[-24,-26],[-25,-25],[-24,-26],[-25,-26],[-24,-26],[-24,-25],[-72,-77],[-23,-25],[-24,-25],[-23,-25],[-46,-49],[-46,-48],[-36,-37],[-19,-18],[-36,-35],[-55,-51],[-19,-17],[-19,-16],[-18,-16],[-19,-15],[-19,-16],[-38,-30],[-39,-29],[-39,-28],[-19,-13],[-20,-14],[-39,-26],[-40,-25],[-20,-12],[-20,-12],[-21,-11],[-20,-11],[-21,-11],[-20,-11],[-21,-11],[-21,-10],[-21,-10],[-20,-10],[-22,-10],[-21,-9],[-21,-9],[-21,-8],[-22,-9],[-43,-16],[-23,-8],[-22,-8],[-44,-14],[-22,-6],[-23,-7],[-22,-6],[-23,-6],[-23,-5],[-23,-6],[-23,-5],[-23,-5],[-23,-5],[-24,-4],[-23,-4],[-24,-4],[-48,-7],[-24,-3],[-25,-3],[-24,-3],[-24,-2],[-26,-2],[-12,-1],[-13,-1],[-24,-2],[-13,0],[-12,-1],[-23,-2],[-12,-1],[-23,-2],[-11,-1],[-11,-1],[-23,-2],[-22,-2],[-31,-3],[-10,-1],[-21,-2],[-30,-3],[-9,-1],[-19,-3],[-19,-2],[-9,-1],[-9,-2],[-19,-2],[-9,-1],[-25,-5],[-8,-1],[-9,-2],[-8,-1],[-9,-2],[-7,-2],[-8,-1],[-8,-2],[-16,-4],[-7,-2],[-8,-2],[-7,-2],[-8,-2],[-7,-2],[-15,-4],[-6,-3],[-8,-2],[-6,-2],[-21,-8],[-6,-2]],[[363837,216810],[68,-12],[70,-10],[70,-9],[70,-8],[71,-6],[71,-5],[71,-5],[72,-2],[72,-2],[73,0],[73,1],[74,1],[73,3],[74,4],[74,5],[75,6],[74,7],[75,8],[75,9],[76,10],[75,11],[75,12],[76,13],[75,13],[76,14],[75,16],[76,16],[75,17],[76,18],[75,18],[76,19],[75,20],[75,20],[75,22],[74,21],[75,23],[74,23],[75,23],[73,25],[74,24],[73,25],[73,26],[73,26],[72,27],[72,27],[71,28],[71,27],[71,29],[70,29],[70,29],[69,29],[69,30],[67,30],[68,30],[67,31],[66,30],[65,31],[65,31],[65,31],[63,32],[63,31],[62,32],[62,32],[60,31],[23,13],[23,13],[24,15],[24,14],[24,16],[25,16],[25,17],[25,18],[25,18],[26,19],[26,19],[26,20],[27,21],[27,22],[27,22],[27,22],[27,24],[28,23],[28,25],[28,24],[28,26],[29,26],[28,26],[29,27],[29,27],[29,28],[29,28],[30,29],[29,29],[29,29],[30,30],[30,30],[30,31],[30,31],[30,31],[30,32],[60,64],[61,65],[30,33],[31,33],[30,34],[31,34],[60,68],[31,34],[30,34],[30,35],[30,35],[31,35],[30,35],[30,35],[30,35],[30,36],[30,35],[29,36],[30,35],[29,36],[30,35],[29,35],[30,36],[28,35],[29,36]],[[370238,219682],[297,-1],[296,0],[296,0],[297,-1],[296,0],[297,0],[296,-1],[593,0],[296,0],[296,-1],[593,0],[296,0],[296,-1],[593,0],[296,0],[296,-1],[297,0],[296,0],[296,-1],[296,0],[297,0],[296,-1],[297,0],[296,0],[296,-1],[297,0],[296,0],[296,-1],[593,0],[296,0],[297,-1],[592,0],[296,0],[297,-1],[592,0],[297,0],[296,-1],[296,0],[297,0],[296,-1],[296,0],[296,0],[297,-1],[296,0],[296,0],[297,-1],[296,0],[593,-1],[593,0],[296,0],[296,-1],[593,0],[296,0],[296,-1],[304,0],[8,0],[8,-1],[7,0],[7,-1],[8,-1],[7,-1],[14,-3],[7,-2],[7,-2],[7,-2],[7,-3],[14,-5],[13,-5],[6,-3],[19,-11],[6,-4],[6,-4],[12,-8],[5,-4],[6,-5],[6,-4],[5,-5],[5,-5],[6,-5],[5,-5],[9,-11],[5,-6],[9,-11],[8,-12],[4,-6],[4,-7],[4,-6],[3,-6],[4,-7],[3,-7],[3,-6],[3,-7],[6,-14],[2,-8],[5,-14],[2,-7],[3,-15],[4,-16],[1,-8],[2,-16],[1,-24],[0,-189],[0,-12],[-1,-12],[0,-266],[0,-12],[-1,-13],[0,-265],[0,-12]],[[324818,198895],[-6,1],[-2,1],[-7,2],[-7,1],[-9,2],[-9,2],[-2,0],[-7,2],[-3,0],[-4,1],[-2,0],[-7,2],[-3,0],[-9,2],[-2,0],[-7,2],[-3,0],[-4,1],[-2,0],[-7,2],[-3,0],[-20,5],[-11,2],[-2,1],[-7,2],[-10,3],[-11,3],[-22,7],[-22,6],[-11,3],[-10,3],[-11,3],[-22,6],[-11,3],[-11,3],[-11,2],[-10,3],[-22,5],[-11,3],[-11,2],[-11,2],[-11,3],[-11,2],[-11,2],[-22,5],[-11,2],[-11,2],[-22,4],[-11,3],[-11,2],[-11,2],[-11,2],[-22,4],[-11,2],[-11,2],[-11,1],[-11,2],[-11,2],[-11,2],[-11,1],[-12,2],[-11,2],[-10,2],[-11,1],[-11,2],[-11,2],[-12,2],[-11,1],[-10,2],[-12,1],[-11,2],[-11,2],[-11,2],[-22,3],[-11,1],[-11,2],[-11,2],[-11,2],[-11,1],[-10,2],[-12,2],[-7,1],[-15,3],[-8,1],[-8,2],[-8,2],[-8,2],[-16,4],[-9,2],[-16,5],[-9,3],[-8,2],[-9,3],[-17,5],[-9,4],[-9,3],[-17,6],[-18,7],[-9,4],[-18,7],[-8,4],[-9,4],[-9,4],[-9,4],[-9,4],[-18,8],[-9,5],[-9,4],[-8,4],[-9,4],[-9,5],[-8,4],[-9,5],[-8,4],[-9,5],[-8,5],[-9,5],[-8,4],[-8,5],[-8,5],[-8,5],[-8,5],[-8,5],[-8,4],[-15,10],[-7,5],[-7,5],[-15,10],[-13,10],[-7,5],[-7,5],[-6,5],[-6,5],[-6,5],[-48,40],[-48,41],[-47,40],[-46,41],[-46,41],[-45,42],[-44,41],[-45,42],[-43,42],[-86,83],[-43,42],[-42,42],[-41,42],[-42,41],[-41,42],[-81,83],[-40,42],[-40,42],[-40,41],[-40,41],[-40,41],[-39,41],[-40,40],[-39,40],[-40,40],[-40,39],[-39,40],[-40,39],[-40,38],[-40,39],[-40,38],[-82,74],[-40,36],[-41,36],[-42,36],[-41,35],[-42,34],[-43,34],[-43,33],[-43,33],[-44,32],[-44,32],[-45,30],[-45,31],[-46,29],[-47,29],[-47,28],[-47,27],[-49,27],[-49,25],[-50,25],[-50,24],[-52,23],[-52,23],[-53,21],[-54,20],[-55,20],[-56,18],[-57,18],[-57,16],[-59,16],[-42,5],[-86,4],[-128,5],[-171,4],[-211,4],[-249,4],[-288,3],[-324,4],[-359,3],[-394,4],[-426,3],[-458,3],[-489,2],[-517,3],[-545,2],[-571,3],[-597,2],[-621,2],[-643,2],[-665,2],[-685,1],[-704,2],[-721,1],[-738,2],[-754,1],[-766,1],[-780,1],[-791,1],[-801,1],[-810,0],[-817,1],[-824,1],[-828,0],[-833,1],[-835,0],[-836,0],[-836,1],[-4947,0],[-801,-1],[-791,0],[-779,0],[-1520,0],[-738,-1],[-722,0],[-703,0],[-685,-1],[-665,0],[-1263,0],[-597,-1],[-571,0],[-545,0],[-517,-1],[-488,0],[-457,0],[-427,-1],[-393,0],[-359,0]],[[281480,201592],[-14,44],[-28,88],[-13,44],[-13,44],[-13,44],[-13,44],[-14,44],[-12,44],[-13,44],[-13,45],[-13,45],[-13,44],[-12,44],[-13,45],[-11,44],[-12,45],[-12,45],[-12,44],[-11,45],[-12,45],[-11,45],[-11,45],[-21,90],[-11,45],[-10,45],[-10,45],[-9,45],[-10,46],[-9,45],[-9,45],[-9,46],[-9,46],[-8,45],[-8,45],[-8,46],[-7,45],[-7,45],[-7,46],[-6,45],[-6,46],[-6,46],[-6,45],[-5,46],[-5,46],[-5,45],[-4,46],[-4,46],[-6,91],[-3,46],[-2,46],[-2,46],[-2,45],[-1,47],[-1,46],[0,45],[0,46],[0,46],[2,46],[1,45],[2,46],[2,46],[2,46],[3,45],[2,46],[5,90],[1,44],[2,45],[4,89],[2,89],[2,44],[1,45],[1,44],[2,88],[1,44],[1,44],[1,44],[0,44],[1,87],[0,43],[0,88],[1,44],[0,43],[0,44],[0,43],[-1,44],[0,43],[0,44],[0,44],[-1,43],[0,44],[-2,87],[-1,44],[-1,44],[0,44],[-1,43],[-2,44],[-1,44],[-1,44],[-1,44],[-1,44],[-2,45],[-1,44],[-3,89],[-1,45],[-2,44],[-5,135],[-2,45],[-2,45],[-2,46],[-2,46],[-2,46],[-2,46],[-2,45],[-2,46],[-2,47],[-4,108],[-5,109],[-4,108],[-5,108],[-3,108],[-4,107],[-3,107],[-4,107],[-2,107],[-3,106],[-6,213],[-3,106],[-2,105],[-3,106],[-2,105],[-3,105],[-3,105],[-2,104],[-3,105],[-3,104],[-3,104],[-3,104],[-3,103],[-4,104],[-4,103],[-3,103],[-4,103],[-4,102],[-5,102],[-5,103],[-11,204],[-6,102],[-6,102],[-7,101],[-6,101],[-16,202],[-8,101],[-9,101],[-9,100],[-10,100],[-10,100],[-12,101],[-11,99],[-12,100],[-13,99],[-13,100],[-15,99],[-14,99],[-16,99],[-16,99],[-17,98],[-36,198],[-19,98],[-21,98],[-20,98],[-22,98],[-23,98],[-23,98],[-25,98],[-25,97],[-28,106],[-56,213],[-28,106],[-28,106],[-27,107],[-27,105],[-27,106],[-27,106],[-27,106],[-26,106],[-27,106],[-26,105],[-26,106],[-25,106],[-26,105],[-26,105],[-25,106],[-26,105],[-25,105],[-25,105],[-25,105],[-25,105],[-24,104],[-25,105],[-48,208],[-49,209],[-24,104],[-24,103],[-23,104],[-24,103],[-24,104],[-23,103],[-24,103],[-23,102],[-24,103],[-46,205],[-23,102],[-23,102],[-23,101],[-22,102],[-23,102],[-23,101],[-23,101],[-22,100],[-23,101],[-23,100],[-22,100],[-22,100],[-23,100],[-22,100],[-23,99],[-22,99],[-23,99],[-22,98],[-22,99],[-23,98],[-22,97],[-23,98],[-22,97],[-22,98],[-10,43],[-10,43],[-10,42],[-10,43],[-11,43],[-21,85],[-11,43],[-11,43],[-23,86],[-11,42],[-12,43],[-12,43],[-12,42],[-12,43],[-13,42],[-12,43],[-13,42],[-12,43],[-13,42],[-13,43],[-13,43],[-13,42],[-13,42],[-28,85],[-27,84],[-28,85],[-14,42],[-14,43],[-14,42],[-15,42],[-14,42],[-15,42],[-14,42],[-15,42],[-14,42],[-15,42],[-15,41],[-15,42],[-15,42],[-15,42],[-15,42],[-16,41],[-31,83],[-15,42],[-15,41],[-16,41],[-31,83],[-16,41],[-16,42],[-15,41],[-16,41],[-16,41],[-16,41],[-16,41],[-16,41],[-16,41],[-16,41],[-32,80],[-33,81],[-32,81],[-33,80],[-32,80],[-33,81],[-33,80],[-34,80],[-67,160],[-34,80],[-33,80],[-34,80],[-34,80],[-34,80],[-34,79],[-34,80],[-34,79],[-35,80],[-34,80],[-34,80],[-35,79],[-35,79],[-34,80],[-35,79],[-35,80],[-35,79],[-35,80],[-34,79],[-36,79],[-35,80],[-35,79],[-35,80],[-35,79],[-35,80],[-35,79],[-36,79],[-34,80],[-35,79],[-36,80],[-34,79],[-35,79],[-35,80],[-70,158],[-35,80],[-35,79],[-35,80],[-35,79],[-69,159],[-35,80],[-35,80],[-34,79],[-69,159],[-34,80],[-34,80],[-34,80],[-34,80],[-34,79],[-34,80],[-33,80],[-34,80],[-21,51],[-20,51],[-21,50],[-20,50],[-20,50],[-19,50],[-20,50],[-18,50],[-19,50],[-19,49],[-18,51],[-18,49],[-18,50],[-17,50],[-18,49],[-33,99],[-16,50],[-17,49],[-15,49],[-16,50],[-16,49],[-15,50],[-14,49],[-15,50],[-14,49],[-14,49],[-14,49],[-14,50],[-14,49],[-12,50],[-13,49],[-13,49],[-12,49],[-12,49],[-13,49],[-11,49],[-12,50],[-11,49],[-11,49],[-11,50],[-10,49],[-10,50],[-10,49],[-10,49],[-19,99],[-9,49],[-9,50],[-17,99],[-8,50],[-8,49],[-8,50],[-7,50],[-8,50],[-7,49],[-7,50],[-19,151],[-5,50],[-6,50],[-6,50]],[[274961,231427],[-3,35],[-4,36],[-4,35],[-4,36],[-3,36],[-4,36],[-4,35],[-9,109],[-3,35],[-7,72],[-2,37],[-3,36],[-4,72],[-3,36],[-2,37],[-3,36],[-2,36],[-2,37],[-3,73],[-2,37],[-2,37],[-1,36],[-2,37],[-2,37],[0,37],[-2,37],[-1,37],[-1,37],[-1,74],[-1,38],[-1,37],[0,37],[-1,38],[0,37],[0,38],[-1,37],[0,38],[0,75],[0,38],[1,38],[0,38],[0,39],[1,38],[0,38],[1,38],[1,38],[1,77],[1,38],[1,39],[2,38],[0,39],[2,39],[2,39],[1,39],[2,39],[2,39],[5,127],[7,126],[7,127],[9,126],[10,126],[10,126],[11,126],[12,126],[12,126],[13,125],[14,126],[15,125],[16,125],[15,125],[17,125],[17,126],[18,125],[18,124],[18,126],[19,124],[20,125],[20,124],[20,125],[21,125],[20,124],[22,125],[21,125],[21,124],[22,124],[22,124],[22,125],[22,124],[22,124],[22,125],[22,125],[22,124],[23,124],[21,124],[22,125],[43,248],[22,125],[20,125],[42,249],[20,124],[20,125],[19,125],[19,124],[18,125],[19,125],[18,125],[16,125],[17,125],[15,126],[16,125],[15,125],[14,126],[13,126],[12,125],[12,126],[11,125],[10,127],[9,126],[2,31],[3,32],[2,32],[2,32],[2,31],[2,32],[2,32],[2,32],[2,32],[2,32],[4,64],[2,32],[2,32],[1,32],[3,64],[2,32],[2,32],[1,32],[2,32],[1,33],[2,32],[4,96],[1,33],[1,32],[1,32],[1,32],[1,33],[2,64],[2,32],[1,33],[1,64],[1,32],[1,33],[2,65],[0,33],[1,32],[1,32],[1,33],[0,32],[1,33],[1,32],[0,33],[0,32],[1,33],[0,32],[1,33],[0,32],[1,33],[0,33],[0,32],[1,33],[0,33],[0,65],[0,33],[1,32],[0,33]],[[276054,243873],[806,-2],[805,-1],[805,-2],[806,-1],[805,-2],[805,-1],[806,-1],[1611,-3],[805,-1],[805,-2],[1611,-3],[806,-1],[805,-2],[1611,-3],[805,-1],[806,-2],[805,-1],[806,-2],[805,-1],[805,-1],[1611,-3],[806,-1],[805,-2],[805,-1],[1612,-3],[805,-2],[1611,-3],[805,-1],[2417,-5],[805,-1],[806,-1],[1611,-3],[805,-1],[805,-2],[806,-1],[806,-2],[805,-1],[805,-2],[1611,-3],[805,-1],[806,-2],[1611,-3],[805,-1],[805,-2],[1611,-3],[806,-1],[805,-2],[805,-1],[806,-2],[805,-1],[806,-1],[805,-2]],[[327601,243780],[-1,-152],[-2,-153],[-3,-153],[-5,-154],[-6,-154],[-6,-154],[-8,-154],[-9,-155],[-9,-154],[-10,-155],[-10,-156],[-11,-155],[-12,-155],[-11,-156],[-12,-156],[-11,-155],[-12,-156],[-12,-156],[-12,-155],[-11,-156],[-11,-156],[-10,-155],[-10,-156],[-9,-156],[-8,-155],[-8,-155],[-6,-156],[-6,-154],[-5,-155],[-3,-155],[-2,-153],[-1,-154],[2,-154],[2,-153],[4,-153],[6,-152],[8,-153],[10,-151],[11,-152],[14,-151],[16,-150],[19,-150],[20,-149],[24,-149],[26,-148],[29,-148],[31,-147],[35,-147],[37,-146],[40,-145],[44,-145],[46,-143],[51,-143],[53,-143],[57,-141],[60,-141],[65,-141],[68,-139],[72,-138],[76,-137],[80,-137],[85,-135],[88,-135],[93,-134],[44,-60],[45,-60],[44,-59],[46,-58],[46,-58],[46,-57],[47,-57],[47,-56],[48,-56],[48,-55],[48,-54],[49,-54],[49,-54],[49,-53],[49,-53],[50,-52],[49,-52],[51,-53],[49,-51],[50,-52],[51,-51],[50,-52],[50,-51],[51,-51],[51,-50],[50,-51],[51,-52],[50,-50],[51,-51],[50,-51],[51,-52],[49,-51],[100,-103],[50,-52],[49,-52],[50,-53],[48,-53],[49,-53],[48,-53],[96,-108],[47,-55],[47,-55],[47,-56],[46,-57],[46,-57],[45,-57],[45,-58],[44,-59],[43,-60],[44,-60],[42,-61],[42,-62],[42,-63],[41,-63],[39,-65],[40,-65],[39,-66],[38,-67],[37,-68],[37,-70],[36,-70],[34,-71],[8,-14],[4,-7],[4,-8],[4,-7],[4,-7],[9,-15],[5,-7],[5,-8],[15,-22],[5,-8],[5,-7],[11,-16],[5,-8],[6,-7],[6,-8],[6,-7],[11,-15],[13,-15],[12,-15],[19,-23],[26,-29],[34,-35],[20,-19],[7,-7],[7,-7],[7,-6],[7,-6],[7,-6],[20,-18],[8,-6],[6,-5],[8,-6],[6,-5],[7,-5],[7,-5],[14,-10],[7,-5],[13,-9],[7,-4],[13,-8],[48,-28],[48,-28],[47,-29],[47,-30],[47,-30],[46,-30],[45,-31],[46,-31],[45,-31],[45,-32],[44,-32],[44,-32],[44,-34],[44,-33],[43,-33],[43,-34],[43,-34],[42,-34],[42,-34],[42,-35],[84,-71],[41,-36],[41,-35],[41,-36],[41,-37],[40,-37],[41,-36],[40,-37],[41,-37],[40,-38],[79,-74],[120,-114],[78,-76],[40,-38],[39,-39],[40,-38],[39,-39],[39,-39],[40,-38],[39,-39],[40,-39],[79,-77],[39,-38],[39,-39],[40,-39],[40,-38],[40,-39],[39,-39],[81,-77],[40,-38],[40,-39],[41,-38],[81,-76],[41,-39],[41,-38],[42,-37]],[[293087,152240],[-831,4],[-830,5],[-1660,10],[-830,5],[-831,5],[-830,4],[-830,5],[-830,5],[-831,5],[-830,5],[-830,5],[-830,4],[-831,5],[-830,5],[-830,5],[-830,5],[-1661,9],[-1660,10],[-831,5],[-830,5],[-1661,9],[-1661,10],[-830,5],[-830,5],[-1661,9],[-1660,10],[-1661,9],[-830,5],[-830,5],[-1661,10],[-1660,9],[-830,5],[-831,5],[-1660,10],[-1660,9],[-831,5],[-830,5],[-830,5],[-830,5],[-830,5],[-830,4],[-831,5],[-830,5],[-830,5],[-830,5],[-831,5],[-830,4],[-831,5],[-830,5],[-830,5],[-831,5],[-830,5],[-318,1],[-318,2],[-318,2],[-637,4],[-637,3],[-635,4],[-319,2],[-318,2],[-318,2],[-318,1],[-319,2],[-318,2],[-636,4],[-637,3],[-955,6],[-318,2],[-318,2],[-318,1],[-318,2],[-318,2],[-637,4],[-636,3],[-955,6],[-319,2],[-318,2],[-318,1],[-318,2],[-319,2],[-635,4],[-637,3],[-955,6],[-318,2],[-318,2],[-318,1],[-319,2],[-318,2],[-636,4],[-636,3],[-955,6],[-318,2],[-319,2],[-318,1],[-318,2],[-318,2],[-318,2]],[[219655,193214],[1022,0],[2047,-2],[1022,-1],[1023,-1],[2045,-2],[2046,-2],[3068,-3],[1023,-1],[2046,-2],[2045,-3],[2047,-2],[1022,-1],[3068,-3],[2046,-2],[1023,-1],[1023,-1],[2045,-2],[2046,-2],[2045,-2],[1024,-1],[1023,-1],[4090,-4],[2046,-2],[1023,-1],[3068,-3],[2046,-2],[2045,-2],[1024,-1],[1023,-1],[2045,-2],[2046,-2],[1023,-1],[1022,-1],[2047,-2],[4090,-4],[1023,-1]],[[285115,193150],[5,-4],[6,-5],[5,-5],[6,-4],[5,-5],[5,-5],[11,-9],[6,-4],[11,-9],[5,-5],[6,-4],[6,-5],[5,-4],[12,-8],[6,-5],[6,-4],[11,-9],[6,-4],[6,-5],[6,-4],[6,-4],[6,-4],[7,-5],[5,-4],[6,-4],[7,-4],[6,-4],[13,-8],[6,-5],[19,-12],[6,-4],[7,-4],[19,-12],[6,-4],[13,-8],[34,-20],[6,-4],[7,-3],[7,-4],[7,-4],[7,-4],[7,-4],[6,-4],[14,-8],[14,-7],[7,-4],[7,-4],[8,-3],[37,-20],[38,-20],[37,-21],[37,-21],[37,-21],[37,-22],[38,-22],[36,-23],[37,-24],[36,-24],[36,-24],[36,-24],[36,-25],[36,-25],[35,-26],[36,-26],[35,-26],[35,-27],[35,-27],[34,-27],[35,-28],[34,-28],[34,-29],[67,-58],[34,-29],[33,-31],[33,-30],[65,-61],[33,-31],[32,-31],[31,-32],[32,-32],[31,-32],[31,-32],[31,-33],[30,-33],[30,-33],[30,-34],[29,-34],[30,-33],[29,-35],[29,-35],[29,-34],[28,-35],[27,-35],[28,-36],[27,-35],[53,-72],[53,-72],[25,-37],[25,-36],[25,-37],[25,-38],[24,-37],[24,-37],[23,-38],[24,-38],[22,-38],[23,-37],[21,-38],[14,-24],[14,-23],[14,-23],[14,-23],[15,-23],[14,-23],[14,-22],[15,-23],[14,-23],[16,-22],[15,-22],[15,-22],[31,-44],[15,-21],[16,-22],[16,-21],[16,-22],[15,-21],[17,-21],[16,-21],[16,-21],[17,-21],[16,-21],[17,-21],[16,-21],[17,-20],[17,-21],[17,-21],[33,-41],[18,-21],[17,-20],[17,-20],[17,-21],[34,-40],[18,-20],[17,-20],[18,-20],[17,-20],[18,-20],[17,-20],[18,-20],[17,-20],[53,-60],[18,-20],[35,-40],[18,-20],[17,-20],[18,-20],[35,-40],[18,-20],[17,-20],[18,-20],[17,-20],[17,-20],[18,-21],[17,-20],[17,-20],[18,-20],[18,-19],[17,-19],[18,-19],[18,-19],[19,-19],[18,-18],[18,-18],[18,-18],[18,-18],[18,-18],[19,-17],[18,-18],[19,-17],[19,-17],[18,-17],[19,-17],[19,-16],[18,-17],[19,-16],[19,-16],[19,-16],[57,-48],[19,-16],[19,-16],[19,-15],[19,-16],[19,-15],[19,-15],[20,-16],[19,-15],[19,-15],[20,-16],[19,-15],[39,-30],[19,-15],[39,-31],[20,-15],[20,-15],[39,-31],[19,-15],[19,-16],[20,-15],[20,-16],[39,-31],[20,-16],[19,-16],[20,-16],[20,-17],[19,-16],[20,-16],[19,-17],[20,-16],[19,-17],[20,-17],[20,-17],[19,-17],[20,-18],[18,-17],[19,-17],[18,-18],[17,-17],[18,-17],[17,-18],[17,-17],[16,-18],[31,-35],[16,-17],[30,-35],[14,-18],[14,-18],[27,-36],[14,-18],[13,-18],[13,-18],[12,-18],[25,-37],[11,-18],[24,-37],[23,-37],[11,-19],[11,-18],[11,-19],[10,-19],[10,-19],[11,-19],[10,-19],[11,-19],[9,-19],[10,-20],[10,-19],[10,-20],[10,-20],[9,-20],[10,-21],[10,-20],[9,-20],[10,-20],[9,-21],[9,-20],[10,-21],[9,-21],[10,-20],[9,-22],[10,-21],[10,-21],[9,-22],[10,-21],[10,-22],[10,-22],[10,-22],[9,-22],[10,-22],[11,-23],[10,-22],[18,-39],[7,-16],[15,-32],[7,-16],[7,-17],[8,-16],[14,-33],[15,-34],[7,-17],[8,-17],[7,-17],[8,-17],[15,-34],[8,-17],[8,-18],[8,-17],[8,-18],[8,-17],[8,-17],[8,-17],[8,-17],[9,-17],[8,-18],[17,-34],[9,-17],[9,-17],[9,-17],[9,-17],[9,-17],[9,-17],[9,-16],[9,-16],[10,-16],[9,-17],[10,-16],[10,-16],[10,-15],[11,-16],[9,-15],[21,-30],[11,-15],[11,-15],[10,-14],[12,-14],[11,-14],[11,-14],[12,-14],[11,-13],[12,-13],[24,-25],[12,-12],[13,-12],[13,-12],[13,-11],[13,-11],[13,-11],[13,-10],[19,-15],[19,-15],[39,-29],[20,-14],[39,-28],[19,-14],[20,-14],[19,-14],[20,-13],[19,-14],[20,-14],[19,-14],[20,-13],[20,-14],[19,-13],[20,-14],[20,-13],[20,-13],[20,-14],[19,-13],[20,-13],[20,-14],[20,-13],[20,-13],[19,-14],[20,-13],[40,-27],[19,-13],[20,-13],[20,-13],[19,-14],[20,-13],[20,-14],[20,-13],[19,-14],[19,-14],[20,-13],[20,-14],[20,-13],[19,-14],[20,-14],[19,-14],[20,-13],[39,-28],[19,-14],[20,-14],[19,-14],[19,-14],[19,-14],[38,-29],[19,-15],[19,-14],[19,-15],[19,-15],[19,-15],[19,-15],[19,-15],[19,-15],[19,-16],[12,-9],[11,-10],[11,-10],[12,-10],[11,-10],[11,-10],[11,-10],[11,-10],[12,-10],[10,-10],[11,-10],[11,-11],[10,-10],[11,-11],[62,-63],[10,-10],[10,-11],[10,-11],[10,-11],[10,-10],[10,-11],[10,-11],[19,-22],[10,-11],[9,-11],[20,-22],[10,-11],[9,-12],[9,-11],[10,-11],[9,-11],[9,-12],[9,-11],[18,-23],[10,-12],[9,-11],[9,-12],[18,-23],[9,-11],[9,-12],[9,-12],[8,-12],[18,-23],[9,-12],[8,-12],[9,-11],[9,-12],[8,-12],[9,-12],[9,-12],[8,-12],[9,-12],[8,-12],[9,-12],[14,-21],[4,-7],[4,-8],[4,-7],[5,-8],[12,-24],[4,-8],[4,-8],[4,-9],[4,-8],[4,-9],[3,-8],[4,-9],[4,-9],[4,-8],[3,-9],[4,-9],[4,-9],[3,-9],[4,-10],[3,-9],[4,-10],[9,-28],[3,-10],[3,-9],[6,-19],[6,-19],[5,-20],[5,-19],[2,-10],[7,-29],[2,-9],[2,-10],[2,-10],[5,-29],[3,-19],[1,-9],[1,-9],[1,-9],[2,-9],[2,-18],[0,-9],[0,-8],[1,-9],[0,-9],[1,-17],[0,-8],[-2,-498],[-1,-499],[-1,-498],[-4,-996],[-3,-997],[-3,-997],[-3,-997],[-4,-997],[-1,-499],[-2,-498],[-2,-498],[-1,-498],[-2,-499],[-5,-1495],[-3,-997],[-3,-997],[-3,-997],[-4,-996],[-3,-997],[-3,-997],[-3,-997],[-5,-1496],[-2,-498],[-1,-498],[-2,-498],[-2,-499],[-1,-498],[-4,-997],[-3,-997],[-3,-997],[-3,-997],[-4,-996],[-2,-997],[-4,-997],[-1,-499],[-2,-498],[-2,-499],[-3,-997],[-2,-498],[-1,-498]],[[410050,170502],[8,-18],[8,-19],[9,-18],[8,-18],[8,-18],[8,-18],[8,-19],[16,-36],[8,-18],[8,-19],[8,-18],[8,-18],[15,-37],[8,-18],[15,-37],[7,-18],[8,-18],[8,-19],[7,-18],[7,-18],[8,-19],[14,-37],[7,-18],[15,-37],[7,-18],[7,-18],[14,-37],[7,-18],[7,-18],[7,-19],[7,-18],[7,-18],[7,-19],[7,-18],[7,-19],[6,-18],[7,-18],[6,-19],[7,-18],[7,-18],[6,-18],[7,-19],[6,-18],[7,-18],[7,-18],[12,-37],[13,-36],[13,-38],[6,-18],[6,-18],[6,-18],[6,-19],[7,-18],[6,-18],[5,-18],[21,-62],[22,-61],[21,-61],[23,-60],[22,-60],[24,-60],[23,-60],[24,-59],[25,-58],[25,-59],[25,-57],[26,-58],[26,-57],[27,-57],[26,-58],[27,-56],[28,-57],[28,-56],[28,-55],[29,-56],[29,-55],[28,-55],[30,-55],[30,-55],[30,-55],[30,-54],[30,-54],[31,-54],[31,-54],[31,-54],[31,-53],[32,-54],[31,-54],[32,-53],[32,-53],[32,-53],[32,-53],[32,-53],[98,-159],[33,-53],[32,-53],[33,-53],[33,-53],[33,-53],[33,-53],[33,-53],[33,-53],[33,-54],[32,-54],[33,-53],[33,-53],[33,-54],[33,-54],[33,-53],[32,-54],[65,-109],[33,-54],[32,-55],[32,-55],[32,-55],[32,-55],[16,-26],[15,-27],[15,-27],[15,-28],[15,-27],[15,-27],[16,-27],[15,-27],[14,-27],[15,-28],[16,-27],[15,-27],[15,-28],[15,-27],[15,-27],[14,-28],[15,-27],[15,-28],[15,-27],[14,-28],[15,-28],[14,-27],[15,-28],[14,-28],[15,-28],[14,-27],[15,-28],[28,-57],[14,-28],[14,-28],[14,-28],[14,-28],[13,-28],[14,-29],[14,-28],[13,-28],[13,-29],[13,-28],[14,-29],[13,-28],[13,-29],[13,-28],[12,-29],[13,-29],[13,-29],[12,-29],[13,-29],[12,-29],[12,-29],[12,-29],[12,-29],[12,-29],[11,-29],[11,-30],[12,-29],[11,-30],[11,-29],[11,-30],[11,-29],[10,-30],[21,-60],[10,-30],[5,-14],[10,-30],[9,-29],[10,-30],[9,-30],[4,-15],[4,-15],[5,-15],[4,-14],[8,-30],[5,-16],[4,-15],[5,-15],[4,-15],[3,-15],[4,-15],[4,-15],[4,-15],[4,-16],[3,-15],[4,-15],[3,-15],[4,-16],[4,-15],[3,-16],[3,-15],[4,-15],[4,-16],[3,-15],[6,-31],[3,-15],[7,-31],[2,-16],[3,-15],[6,-31],[3,-16],[6,-31],[2,-15],[3,-16],[2,-15],[2,-16],[3,-15],[9,-62],[4,-31],[4,-31],[2,-16],[2,-16],[2,-16],[1,-15],[2,-16],[2,-14],[2,-29],[1,-30],[1,-15],[0,-15],[1,-16],[0,-15],[0,-16],[0,-32],[0,-17],[0,-16],[-1,-17],[-1,-33],[0,-17],[-1,-17],[0,-17],[-1,-17],[0,-17],[-1,-17],[-1,-17],[-1,-17],[-1,-35],[-1,-18],[-1,-17],[-1,-17],[0,-18],[-1,-35],[0,-17],[-1,-18],[0,-17],[-1,-17],[0,-17],[0,-17],[0,-17],[-1,-17],[1,-16],[0,-17],[0,-17],[1,-16],[0,-16],[1,-17],[1,-16],[2,-32],[1,-15],[2,-16],[1,-15],[2,-16],[2,-15],[3,-14],[2,-15],[3,-15],[3,-14],[2,-14],[4,-14],[3,-13],[8,-26],[15,-43],[7,-22],[15,-43],[8,-21],[7,-21],[15,-43],[7,-21],[8,-22],[8,-21],[8,-21],[8,-22],[7,-21],[8,-21],[8,-21],[8,-22],[8,-21],[8,-22],[8,-21],[8,-21],[8,-22],[8,-21],[8,-21],[8,-21],[9,-22],[8,-21],[16,-42],[8,-21],[9,-21],[8,-22],[9,-21],[8,-21],[17,-42],[9,-21],[8,-22],[26,-63],[9,-22],[8,-21],[9,-21],[9,-21],[9,-21],[9,-21],[9,-21],[8,-21],[9,-22],[9,-21],[9,-21],[9,-21],[9,-21],[9,-21],[9,-21],[9,-21],[9,-22],[9,-21],[9,-21],[9,-21],[9,-21],[9,-21],[9,-23],[10,-24],[3,-9],[3,-8],[3,-9],[7,-17],[3,-9],[4,-9],[6,-18],[8,-18],[12,-38],[4,-9],[3,-10],[6,-20],[4,-9],[6,-20],[3,-10],[3,-10],[7,-20],[2,-10],[7,-20],[2,-10],[3,-10],[3,-9],[6,-20],[2,-10],[3,-10],[2,-10],[3,-10],[3,-10],[4,-19],[2,-9],[7,-29],[4,-18],[2,-9],[1,-9],[2,-9],[2,-9],[4,-26],[2,-17],[1,-8],[1,-8],[3,-25],[4,-50],[3,-25],[5,-50],[2,-25],[2,-25],[2,-25],[1,-25],[6,-75],[1,-25],[2,-25],[2,-25],[1,-25],[2,-26],[1,-25],[2,-25],[1,-25],[2,-26],[1,-25],[4,-50],[1,-25],[4,-50],[2,-25],[1,-24],[2,-25],[7,-75],[2,-25],[6,-50],[2,-25],[3,-24],[3,-25],[3,-24],[3,-25],[4,-25],[3,-24],[4,-25],[4,-24],[4,-25],[4,-24],[5,-24],[5,-25],[5,-24],[5,-24],[5,-24],[6,-24],[6,-24],[6,-24],[13,-49],[7,-24],[7,-23],[8,-24],[8,-23],[8,-24],[8,-23],[0,-1],[1,-1],[0,-3],[1,-1],[0,-2],[1,-1],[0,-2],[1,-1],[0,-2],[0,-1],[0,-2],[1,-1],[0,-2],[1,-1],[0,-3],[1,-1]],[[414438,158433],[-2,-1],[-1,0],[-2,-1],[-5,-3],[-2,-1],[-4,-3],[-5,-3],[-2,-2],[-5,-4],[-3,-1],[-8,-6],[-2,-3],[-4,-2],[-3,-2],[-2,-3],[-7,-5],[-3,-3],[-3,-2],[-4,-3],[-6,-6],[-15,-12],[-14,-14],[-4,-3],[-4,-4],[-8,-7],[-16,-16],[-4,-4],[-4,-4],[-8,-8],[-9,-9],[-9,-9],[-8,-9],[-9,-9],[-4,-5],[-8,-10],[-5,-5],[-4,-5],[-9,-10],[-48,-53],[-48,-52],[-47,-54],[-47,-52],[-46,-52],[-45,-52],[-44,-53],[-44,-52],[-43,-52],[-43,-51],[-83,-104],[-42,-51],[-40,-51],[-40,-51],[-39,-51],[-39,-50],[-39,-51],[-38,-50],[-38,-50],[-38,-49],[-37,-50],[-37,-49],[-36,-49],[-73,-97],[-35,-47],[-36,-48],[-36,-47],[-35,-48],[-35,-46],[-35,-47],[-69,-92],[-35,-46],[-35,-45],[-34,-44],[-70,-88],[-35,-44],[-35,-43],[-35,-42],[-35,-43],[-35,-42],[-35,-41],[-36,-41],[-36,-41],[-35,-40],[-37,-39],[-36,-40],[-37,-38],[-37,-38],[-37,-38],[-38,-37],[-38,-37],[-38,-36],[-39,-36],[-40,-35],[-39,-34],[-40,-34],[-41,-34],[-41,-33],[-42,-32],[-42,-31],[-21,-16],[-45,-31],[-22,-15],[-23,-15],[-23,-15],[-24,-16],[-24,-14],[-25,-15],[-24,-15],[-25,-14],[-25,-15],[-26,-14],[-25,-15],[-26,-14],[-26,-15],[-27,-14],[-27,-15],[-26,-14],[-28,-14],[-27,-14],[-28,-14],[-84,-42],[-57,-28],[-29,-14],[-29,-14],[-29,-15],[-88,-42],[-30,-14],[-29,-14],[-30,-15],[-30,-14],[-30,-15],[-30,-14],[-30,-15],[-31,-14],[-181,-90],[-31,-16],[-30,-16],[-30,-15],[-31,-16],[-30,-15],[-61,-32],[-30,-16],[-60,-33],[-30,-17],[-30,-17],[-29,-17],[-30,-17],[-30,-17],[-29,-18],[-29,-18],[-55,-34],[-53,-35],[-53,-36],[-51,-37],[-51,-38],[-50,-40],[-49,-41],[-48,-42],[-47,-42],[-47,-44],[-45,-44],[-45,-45],[-44,-46],[-43,-47],[-43,-48],[-42,-49],[-41,-49],[-41,-51],[-40,-50],[-39,-51],[-39,-52],[-38,-53],[-37,-53],[-37,-53],[-36,-54],[-36,-55],[-35,-55],[-35,-56],[-35,-55],[-33,-56],[-33,-57],[-33,-56],[-33,-57],[-32,-57],[-32,-57],[-31,-58],[-31,-58],[-30,-57],[-31,-58],[-30,-58],[-29,-58],[-30,-57],[-29,-58],[-29,-58],[-29,-57],[-28,-57],[-28,-57],[-28,-57],[-28,-57],[-28,-56],[-27,-56],[-55,-112],[-28,-55],[-27,-54],[-28,-54],[-27,-54],[-27,-53],[-27,-52],[-28,-52],[-27,-51],[-27,-51],[-28,-50],[-28,-50],[-3,-7],[-8,-14],[-5,-7],[-4,-7],[-5,-7],[-5,-8],[-10,-14],[-6,-7],[-11,-14],[-5,-8],[-18,-21],[-5,-7],[-7,-7],[-12,-14],[-14,-14],[-6,-7],[-7,-7],[-7,-6],[-7,-7],[-7,-7],[-7,-6],[-7,-7],[-15,-13],[-14,-13],[-8,-6],[-7,-7],[-7,-6],[-8,-6],[-7,-6],[-23,-18],[-16,-11],[-14,-11],[-16,-11],[-15,-10],[-8,-5],[-7,-5],[-15,-10],[-8,-4],[-7,-5],[-21,-12],[-8,-4],[-7,-4],[-7,-3],[-14,-7],[-7,-4],[-113,-54],[-112,-56],[-111,-57],[-111,-59],[-110,-60],[-110,-62],[-109,-63],[-109,-65],[-107,-66],[-107,-68],[-107,-69],[-105,-71],[-105,-72],[-103,-73],[-104,-75],[-102,-77],[-101,-77],[-100,-79],[-99,-81],[-99,-81],[-97,-83],[-96,-85],[-96,-86],[-94,-87],[-93,-89],[-92,-89],[-91,-91],[-89,-92],[-88,-94],[-88,-94],[-85,-96],[-85,-97],[-83,-99],[-82,-99],[-80,-101],[-80,-102],[-78,-103],[-76,-104],[-75,-105],[-73,-107],[-72,-107],[-70,-109],[-69,-110],[-67,-110],[-65,-112],[-63,-112],[-62,-115],[-61,-115],[-58,-116],[-57,-116],[-55,-119],[-53,-119],[-52,-119],[-49,-121],[-48,-122],[-46,-123],[-44,-123],[-41,-125],[-40,-125],[-38,-126],[-36,-127],[-34,-128],[-31,-129],[-30,-130],[0,-98],[1,-6],[0,-97]],[[402177,144388],[-916,1],[-1831,2],[-916,1],[-916,1],[-915,2],[-916,1],[-1831,2],[-1831,3],[-1832,2],[-916,2],[-915,1],[-916,1],[-916,1],[-916,2],[-915,1],[-1832,2],[-916,1],[-915,1],[-916,2],[-916,1],[-1831,2],[-916,1],[-916,1],[-915,2],[-916,1],[-1832,2],[-1831,3],[-1832,2],[-915,2],[-916,1],[-916,1],[-916,1],[-915,2],[-916,1],[-1831,2],[-916,1],[-915,1],[-916,2],[-916,1],[-1831,2],[-1832,2],[-1831,3],[-1832,2],[-1831,3],[-1832,2],[-916,2],[-916,1],[-915,1]],[[343571,144465],[3,8],[2,7],[3,8],[3,8],[3,8],[6,15],[6,15],[3,7],[3,8],[2,8],[3,8],[6,15],[8,22],[2,8],[3,8],[2,8],[3,7],[2,8],[3,7],[5,15],[2,8],[3,8],[2,8],[2,7],[7,23],[3,7],[2,8],[2,8],[2,8],[3,7],[1,8],[7,23],[2,8],[2,7],[2,8],[4,15],[3,15],[2,8],[2,8],[2,8],[2,7],[1,8],[2,7],[2,16],[2,8],[2,7],[1,8],[2,7],[2,15],[1,8],[4,19],[2,19],[3,19],[3,19],[2,19],[3,18],[2,19],[2,19],[1,19],[2,19],[2,19],[1,19],[1,19],[1,20],[1,19],[1,19],[2,38],[0,20],[1,19],[1,19],[0,19],[0,19],[1,19],[0,19],[0,19],[1,20],[0,19],[0,19],[0,38],[0,19],[1,19],[0,39],[0,19],[1,19],[0,19],[0,20],[1,19],[1,19],[0,39],[2,38],[1,20],[1,19],[1,19],[1,19],[1,19],[2,19],[3,38],[2,20],[2,19],[4,38],[3,19],[3,19],[3,19],[2,19],[3,19],[4,19],[4,19],[15,70],[4,15],[4,14],[3,13],[4,14],[4,14],[4,14],[4,13],[8,27],[4,14],[4,13],[4,13],[9,27],[5,13],[4,13],[5,13],[10,26],[5,13],[5,13],[4,12],[5,13],[5,13],[6,13],[5,12],[11,26],[11,25],[12,25],[5,12],[6,13],[6,12],[6,13],[6,12],[6,12],[13,26],[6,12],[13,24],[6,12],[7,12],[6,12],[7,12],[7,12],[6,12],[14,24],[7,12],[7,12],[7,12],[7,12],[7,12],[15,23],[7,12],[28,44],[27,43],[28,44],[28,43],[29,43],[57,85],[29,42],[28,42],[29,42],[59,83],[30,41],[29,42],[30,41],[30,40],[30,41],[61,81],[30,40],[31,40],[30,40],[31,40],[61,80],[31,39],[31,40],[31,39],[63,79],[31,39],[31,39],[31,39],[31,39],[32,39],[31,39],[32,39],[31,39],[32,39],[31,39],[32,39],[31,39],[31,39],[64,78],[31,40],[32,39],[31,39],[31,39],[31,39],[32,40],[31,39],[31,40],[62,79],[31,40],[31,40],[31,40],[30,41],[31,40],[31,40],[30,41],[31,41],[30,41],[29,40],[29,40],[29,40],[29,41],[28,41],[28,41],[28,41],[27,41],[27,42],[28,42],[26,42],[26,42],[27,42],[25,43],[25,43],[25,43],[25,43],[24,44],[23,43],[24,44],[22,44],[23,44],[21,44],[22,45],[20,44],[21,45],[20,46],[19,46],[19,45],[18,46],[18,46],[17,46],[16,46],[16,46],[16,47],[14,47],[14,47],[14,48],[13,47],[11,48],[12,48],[11,48],[10,49],[9,48],[9,49],[7,49],[7,49],[6,49],[6,49],[4,50],[4,50],[4,50],[2,51],[1,50],[1,51],[-1,51],[-1,51],[-2,51],[-3,52],[-4,51],[-5,52],[-5,52],[-7,52],[-8,53]],[[389477,181564],[14,3],[14,4],[14,3],[13,2],[13,3],[13,3],[14,2],[26,4],[13,1],[40,3],[13,1],[12,1],[38,0],[13,-1],[25,-1],[51,-4],[12,-2],[13,-1],[12,-2],[13,-2],[12,-3],[12,-2],[25,-5],[13,-3],[12,-3],[12,-4],[12,-3],[12,-4],[12,-3],[12,-4],[12,-4],[12,-4],[12,-4],[12,-5],[12,-4],[12,-5],[12,-4],[24,-10],[11,-5],[12,-6],[24,-11],[12,-5],[12,-6],[12,-6],[11,-5],[12,-7],[12,-6],[24,-12],[12,-7],[11,-6],[12,-7],[16,-9],[15,-8],[16,-9],[15,-8],[16,-8],[30,-17],[32,-16],[15,-9],[16,-8],[16,-8],[15,-8],[16,-8],[16,-7],[16,-8],[16,-7],[15,-8],[16,-7],[16,-8],[16,-7],[16,-7],[16,-8],[16,-7],[16,-7],[16,-7],[16,-7],[32,-14],[16,-7],[16,-7],[49,-21],[16,-7],[16,-6],[16,-7],[16,-7],[16,-6],[17,-7],[16,-7],[16,-6],[16,-7],[16,-6],[16,-7],[17,-7],[32,-13],[16,-6],[16,-7],[17,-6],[16,-7],[16,-7],[16,-6],[17,-7],[32,-13],[17,-6],[16,-7],[32,-14],[17,-6],[16,-7],[16,-6],[29,-12],[85,-34],[29,-12],[28,-11],[57,-23],[29,-12],[57,-23],[28,-11],[28,-11],[57,-23],[29,-11],[28,-11],[29,-12],[28,-11],[29,-11],[28,-11],[29,-12],[28,-11],[29,-11],[28,-11],[29,-11],[28,-11],[29,-11],[28,-11],[29,-11],[28,-11],[29,-11],[29,-11],[28,-11],[29,-11],[28,-11],[29,-11],[28,-12],[28,-11],[29,-11],[28,-11],[29,-11],[28,-11],[29,-11],[29,-11],[28,-12],[29,-11],[28,-11],[29,-11],[28,-11],[29,-11],[28,-11],[29,-11],[28,-11],[29,-12],[28,-11],[29,-11],[28,-11],[29,-12],[28,-11],[29,-11],[56,-23],[29,-11],[14,-6],[22,-10],[16,-7],[15,-8],[8,-5],[7,-4],[8,-4],[8,-4],[8,-5],[7,-5],[8,-5],[8,-5],[16,-10],[8,-5],[8,-5],[15,-11],[8,-6],[16,-11],[8,-6],[15,-11],[8,-6],[8,-6],[16,-13],[7,-6],[7,-6],[8,-6],[8,-6],[7,-7],[8,-6],[7,-6],[14,-13],[8,-7],[6,-6],[8,-7],[6,-6],[8,-7],[6,-6],[7,-7],[6,-6],[7,-7],[13,-13],[6,-6],[6,-6],[6,-7],[17,-19],[11,-13],[6,-6],[5,-6],[4,-6],[57,-68],[58,-65],[59,-62],[61,-59],[61,-57],[63,-55],[65,-53],[65,-50],[66,-48],[68,-46],[68,-45],[69,-42],[71,-41],[71,-39],[73,-37],[73,-36],[75,-35],[75,-33],[76,-33],[76,-31],[77,-30],[78,-29],[79,-29],[79,-28],[80,-28],[80,-26],[81,-27],[82,-26],[82,-26],[82,-26],[83,-25],[83,-26],[84,-26],[83,-26],[85,-27],[84,-27],[85,-28],[85,-28],[85,-29],[85,-30],[85,-31],[85,-32],[85,-33],[85,-34],[86,-35],[85,-37],[85,-38],[85,-40],[85,-42],[84,-43],[85,-46],[84,-47],[84,-49],[83,-52],[83,-53],[83,-56],[82,-59],[82,-60],[81,-64],[81,-66],[81,-69],[80,-73],[79,-75],[78,-78],[41,-43],[40,-43],[40,-43],[38,-43],[38,-43],[37,-44],[36,-44],[36,-43],[35,-44],[35,-44],[34,-43],[33,-44],[33,-44],[33,-44],[32,-44],[31,-43],[32,-44],[31,-43],[31,-44],[30,-44],[31,-43],[30,-44],[30,-43],[30,-43],[30,-43],[31,-42],[30,-43],[30,-42],[60,-84],[31,-41],[31,-42],[31,-41],[31,-40],[32,-41],[32,-40],[33,-39],[32,-40],[34,-39],[34,-39],[69,-76],[36,-38],[36,-37],[37,-36],[38,-36],[39,-36],[39,-35],[40,-34],[41,-34],[42,-34],[43,-33],[44,-32],[45,-32],[45,-31],[48,-31],[48,-31],[49,-29],[51,-29],[52,-28],[52,-27],[55,-27],[56,-26],[57,-25],[36,-16],[37,-15],[38,-14],[38,-14],[37,-14],[38,-13],[38,-12],[38,-13],[39,-11],[38,-12],[39,-11],[77,-21],[39,-9],[40,-10],[39,-9],[39,-9],[40,-9],[39,-8],[40,-8],[40,-7],[39,-8],[40,-6],[39,-7],[40,-7],[40,-6],[40,-6],[40,-6],[39,-6],[40,-5],[40,-6],[40,-5],[40,-5],[39,-4],[40,-5],[39,-4],[39,-4],[39,-4],[40,-4],[38,-4],[39,-4],[39,-4],[39,-4],[77,-7],[38,-3],[114,-10],[37,-4],[37,-3],[75,-7],[36,-3],[36,-4],[37,-4],[35,-4],[36,-3],[35,-4],[35,-4],[35,-4],[34,-4],[35,-4],[33,-5],[64,-9],[63,-9],[63,-9],[62,-9],[62,-10],[61,-9],[60,-10],[60,-10],[59,-10],[59,-11],[59,-11],[58,-11],[58,-11],[57,-11],[113,-24],[56,-13],[56,-12],[55,-13],[55,-13],[55,-13],[54,-14],[54,-14],[54,-14],[53,-15],[54,-15],[53,-15],[53,-16],[53,-16],[52,-17],[53,-17],[52,-17],[53,-18],[52,-18],[52,-18],[52,-19],[52,-19],[51,-20],[52,-20],[52,-21],[52,-21],[52,-21],[52,-22],[51,-23],[52,-23],[52,-23],[52,-24],[53,-24],[52,-25],[52,-26],[53,-26],[53,-26],[53,-27],[53,-28],[54,-28],[53,-28],[54,-30],[54,-29],[55,-31],[55,-31],[55,-31],[111,-65],[56,-34],[1,0],[3,-1],[4,0],[5,-2],[7,-1],[8,-3],[10,-2],[10,-3],[13,-3],[13,-3],[14,-4],[16,-4],[16,-4],[17,-5],[19,-5],[19,-5],[21,-6],[21,-6],[22,-6],[22,-6],[24,-6],[24,-7],[25,-7],[25,-7],[26,-7],[27,-7],[27,-8],[55,-16],[56,-16],[29,-9],[29,-8],[29,-9],[29,-9],[29,-8],[59,-18],[29,-9],[29,-9],[29,-9],[30,-10],[29,-9],[57,-18],[27,-10],[28,-9],[27,-9],[27,-9],[26,-10],[26,-9],[25,-9],[25,-9],[24,-9],[23,-9],[22,-9],[22,-9],[21,-9],[20,-8],[19,-9],[18,-8],[18,-8],[16,-8],[15,-8],[38,-21],[38,-22],[37,-22],[37,-22],[37,-23],[36,-24],[36,-24],[36,-25],[35,-25],[34,-26],[34,-26],[34,-27],[34,-27],[33,-28],[33,-27],[33,-29],[32,-29],[32,-29],[31,-30],[31,-30],[31,-31],[30,-31],[31,-31],[30,-32],[29,-32],[29,-33],[29,-33],[28,-33],[29,-34],[27,-34],[28,-34],[27,-35],[27,-35],[26,-35],[27,-35],[26,-36],[26,-36],[25,-37],[50,-74],[24,-37],[25,-38],[24,-38],[23,-38],[24,-38],[23,-39],[22,-38],[23,-39],[22,-39],[22,-40],[22,-39],[21,-40],[22,-40],[21,-40],[21,-40],[20,-41],[20,-40],[21,-41],[19,-40],[20,-41],[19,-41],[20,-41],[18,-41],[19,-42]],[[341979,65480],[-34,-14],[-35,-14],[-34,-13],[-36,-12],[-35,-11],[-36,-11],[-35,-9],[-36,-9],[-37,-8],[-36,-8],[-37,-7],[-37,-6],[-37,-5],[-38,-5],[-38,-5],[-37,-4],[-38,-3],[-39,-3],[-77,-5],[-39,-2],[-38,-2],[-39,-1],[-39,-1],[-39,-1],[-39,-1],[-40,0],[-39,0],[-39,-1],[-238,0],[-39,0],[-40,0],[-39,-1],[-40,0],[-79,-2],[-39,-2],[-39,-2],[-39,-2],[-39,-2],[-39,-3],[-38,-3],[-39,-4],[-39,-4],[-38,-5],[-38,-5],[-38,-6],[-38,-6],[-38,-7],[-37,-8],[-37,-8],[-37,-9],[-37,-10],[-37,-12],[-36,-11],[-35,-12],[-36,-13],[-35,-14],[-36,-15],[-6,-3],[-14,-7],[-7,-4],[-8,-4],[-6,-4],[-8,-4],[-7,-4],[-7,-4],[-7,-5],[-7,-5],[-15,-10],[-8,-5],[-14,-11],[-8,-5],[-7,-6],[-7,-6],[-8,-5],[-8,-6],[-14,-12],[-8,-7],[-7,-6],[-15,-13],[-14,-13],[-8,-7],[-15,-14],[-7,-7],[-29,-28],[-13,-14],[-15,-14],[-7,-7],[-6,-8],[-14,-14],[-6,-7],[-7,-7],[-13,-14],[-6,-7],[-19,-21],[-12,-14],[-11,-13],[-6,-7],[-16,-20],[-5,-6],[-5,-6],[-5,-7],[-35,-44],[-36,-43],[-35,-41],[-36,-39],[-36,-39],[-37,-37],[-36,-37],[-37,-35],[-37,-34],[-37,-32],[-37,-32],[-38,-30],[-38,-29],[-38,-29],[-39,-27],[-38,-27],[-39,-25],[-39,-24],[-40,-23],[-39,-22],[-41,-21],[-40,-21],[-41,-19],[-40,-18],[-41,-18],[-42,-16],[-42,-16],[-42,-15],[-42,-14],[-43,-13],[-43,-12],[-43,-12],[-44,-10],[-43,-10],[-45,-10],[-44,-8],[-45,-8],[-45,-7],[-45,-7],[-47,-6],[-46,-5],[-47,-5],[-46,-3],[-48,-4],[-47,-3],[-49,-2],[-47,-2],[-49,-1],[-49,0],[-50,-1],[-50,1],[-50,1],[-50,1],[-52,2],[-51,2],[-52,2],[-52,3],[-52,4],[-53,3],[-54,4],[-54,4],[-54,5],[-54,5],[-56,5],[-52,5],[-50,6],[-50,6],[-49,7],[-47,7],[-47,8],[-46,8],[-45,9],[-44,9],[-43,9],[-42,9],[-41,10],[-40,10],[-40,10],[-39,10],[-38,10],[-37,10],[-37,11],[-35,10],[-36,11],[-35,10],[-34,10],[-33,10],[-33,10],[-33,9],[-32,10],[-32,9],[-31,9],[-31,8],[-30,8],[-31,8],[-29,7],[-30,6],[-30,6],[-58,11],[-28,5],[-29,4],[-28,3],[-28,2],[-28,2],[-29,1],[-28,0],[-28,-1],[-29,-1],[-28,-3],[-28,-4],[-29,-4],[-29,-6],[-29,-6],[-29,-8],[-29,-9],[-30,-10],[-29,-11],[-31,-13],[-30,-13],[-31,-15],[-31,-16],[-32,-18],[-32,-19],[-32,-20],[-34,-22],[-33,-24],[-34,-25],[-41,-32],[-39,-34],[-37,-35],[-34,-37],[-33,-38],[-32,-41],[-30,-41],[-27,-42],[-26,-43],[-24,-45],[-22,-46],[-21,-47],[-20,-48],[-17,-48],[-16,-50],[-15,-51],[-12,-52],[-12,-52],[-10,-53],[-9,-53],[-7,-54],[-6,-54],[-4,-55],[-4,-55],[-2,-56],[0,-56],[0,-57],[1,-56],[3,-57],[4,-57],[5,-57],[6,-56],[7,-57],[8,-56],[9,-57],[10,-56],[11,-56],[11,-55],[13,-55],[13,-55],[15,-54],[14,-53],[16,-53],[16,-53],[17,-51],[17,-51],[19,-49],[18,-49],[19,-48],[20,-47],[20,-46],[21,-45],[21,-44],[21,-42],[22,-41],[22,-40],[23,-38],[22,-37],[23,-36],[23,-34],[24,-32],[23,-31],[24,-28],[24,-28],[60,-65],[62,-61],[62,-57],[63,-51],[64,-48],[65,-43],[66,-39],[66,-35],[68,-32],[67,-27],[69,-25],[70,-20],[70,-17],[70,-14],[72,-11],[72,-7],[72,-5],[74,-1],[74,1],[74,4],[75,6],[76,9],[76,11],[76,13],[77,16],[78,18],[78,19],[78,22],[79,23],[80,25],[79,26],[80,28],[81,28],[80,31],[81,31],[81,32],[82,34],[82,34],[82,35],[83,35],[82,35],[83,36],[83,36],[83,36],[83,37],[84,36],[83,36],[84,35],[84,35],[84,35],[83,34],[85,34],[83,33],[84,32],[84,30],[84,30],[83,28],[84,27],[84,25],[84,24],[83,22],[83,21],[84,18],[82,17],[16,2],[8,1],[15,1],[8,0],[26,0],[8,0],[8,-1],[8,0],[9,-1],[17,-2],[17,-2],[9,-1],[9,-2],[9,-1],[8,-2],[9,-2],[9,-2],[17,-4],[9,-2],[8,-3],[18,-5],[9,-3],[8,-3],[18,-5],[8,-3],[9,-4],[8,-3],[9,-3],[16,-7],[9,-4],[8,-4],[9,-3],[8,-4],[8,-4],[15,-8],[8,-4],[8,-5],[8,-4],[7,-4],[8,-4],[7,-5],[8,-4],[7,-5],[8,-5],[6,-5],[8,-4],[13,-9],[6,-5],[7,-5],[7,-5],[5,-5],[7,-5],[47,-37],[48,-35],[47,-33],[48,-32],[48,-28],[48,-28],[49,-25],[48,-23],[49,-22],[49,-20],[49,-17],[49,-17],[50,-14],[49,-14],[50,-11],[50,-11],[50,-8],[50,-8],[50,-6],[50,-5],[51,-3],[50,-2],[51,-1],[51,0],[50,1],[51,2],[51,4],[52,4],[52,5],[51,6],[51,7],[52,7],[51,9],[52,9],[52,9],[51,11],[52,11],[52,11],[52,12],[52,12],[52,12],[52,13],[52,13],[52,14],[53,13],[52,14],[52,14],[53,14],[52,14],[157,42],[52,14],[52,13],[52,14],[53,13],[52,12],[52,12],[52,12],[53,12],[52,11],[104,20],[52,9],[15,2],[8,1],[15,1],[9,0],[24,0],[16,-1],[9,0],[8,-1],[9,0],[25,-3],[26,-5],[9,-1],[8,-2],[18,-4],[17,-5],[8,-3],[8,-2],[9,-3],[8,-3],[8,-3],[9,-3],[8,-3],[25,-10],[8,-4],[15,-8],[9,-4],[7,-4],[8,-4],[8,-4],[7,-5],[7,-5],[8,-5],[7,-4],[14,-10],[7,-5],[7,-6],[7,-5],[6,-5],[6,-5],[6,-6],[7,-6],[6,-6],[11,-11],[6,-7],[5,-6],[5,-6],[5,-6],[5,-7],[50,-71],[46,-71],[41,-71],[37,-71],[33,-71],[28,-71],[25,-71],[20,-70],[18,-70],[12,-71],[10,-70],[6,-70],[3,-70],[0,-70],[-3,-69],[-7,-70],[-9,-70],[-12,-70],[-14,-69],[-18,-70],[-19,-70],[-22,-69],[-24,-69],[-26,-69],[-28,-70],[-30,-69],[-32,-69],[-33,-69],[-35,-69],[-36,-69],[-38,-69],[-38,-70],[-40,-69],[-40,-69],[-42,-70],[-42,-69],[-43,-69],[-43,-69],[-44,-70],[-44,-69],[-44,-69],[-44,-70],[-44,-69],[-44,-70],[-43,-69],[-43,-70],[-43,-69],[-42,-70],[-41,-71],[-41,-69],[-39,-70],[-38,-71],[-37,-70],[-36,-70],[-34,-70],[-33,-71],[-31,-71],[-29,-71],[-27,-71],[-26,-71],[-23,-71],[-21,-71],[-19,-72],[-16,-72],[-2,-7],[-1,-8],[-2,-9],[-2,-16],[-1,-17],[-1,-18],[-1,-9],[0,-9],[0,-37],[0,-9],[1,-10],[0,-9],[1,-10],[1,-20],[1,-9],[1,-10],[1,-10],[1,-10],[1,-10],[4,-30],[2,-11],[2,-10],[5,-30],[2,-10],[2,-10],[2,-10],[2,-10],[2,-10],[2,-10],[2,-10],[5,-19],[2,-10],[2,-10],[6,-19],[2,-9],[2,-9],[3,-10],[2,-9],[3,-9],[3,-9],[3,-8],[2,-9],[3,-9],[5,-17],[3,-8],[6,-16],[2,-8],[3,-8],[3,-7],[23,-62],[21,-62],[20,-62],[19,-61],[17,-60],[15,-61],[15,-60],[13,-59],[11,-59],[11,-58],[9,-58],[8,-57],[8,-58],[6,-57],[5,-56],[5,-56],[4,-56],[3,-55],[2,-55],[2,-54],[1,-54],[0,-54],[0,-54],[0,-53],[-2,-105],[-2,-52],[-2,-103],[-2,-51],[-2,-50],[-2,-50],[-1,-51],[-2,-49],[-1,-50],[-1,-49],[-1,-49],[0,-49],[0,-48],[0,-48],[1,-47],[2,-48],[2,-48],[3,-47],[4,-46],[4,-47],[6,-46],[6,-46],[7,-46],[9,-45],[9,-46],[11,-45],[12,-45],[12,-45],[15,-45],[15,-44],[17,-44],[18,-44],[21,-44],[21,-44],[24,-44],[25,-43],[26,-43],[29,-43],[8,-12],[9,-12],[18,-23],[10,-12],[10,-12],[10,-12],[23,-26],[13,-12],[12,-13],[13,-13],[14,-13],[14,-14],[14,-13],[29,-28],[16,-14],[16,-14],[16,-14],[17,-15],[17,-14],[17,-15],[18,-14],[18,-15],[18,-15],[18,-15],[19,-15],[20,-15],[19,-15],[20,-16],[20,-15],[21,-15],[21,-16],[21,-15],[21,-16],[22,-16],[21,-16],[23,-15],[22,-16],[23,-16],[22,-16],[47,-32],[23,-15],[24,-16],[72,-48],[25,-16],[25,-16],[24,-16],[25,-16],[25,-16],[26,-15],[25,-16],[25,-16],[26,-16],[26,-15],[25,-16],[27,-16],[52,-31],[26,-15],[43,-24],[46,-24],[47,-23],[50,-23],[52,-23],[53,-22],[56,-21],[57,-22],[58,-21],[61,-21],[61,-21],[64,-20],[64,-21],[66,-21],[67,-21],[68,-20],[68,-21],[70,-21],[71,-22],[71,-21],[71,-22],[73,-22],[72,-23],[73,-23],[73,-23],[73,-25],[74,-24],[73,-25],[73,-25],[73,-26],[72,-27],[73,-28],[71,-28],[71,-29],[71,-30],[70,-32],[68,-32],[68,-33],[67,-34],[66,-35],[65,-37],[63,-37],[62,-40],[60,-40],[59,-41],[58,-43],[56,-44],[54,-45],[52,-47],[49,-49],[48,-50],[46,-51],[43,-54],[41,-55],[39,-57],[36,-58],[33,-60],[31,-62],[28,-64],[26,-66],[22,-69],[19,-70],[15,-72],[13,-74],[2,-16],[0,-8],[1,-8],[0,-9],[1,-17],[-1,-17],[-1,-9],[-1,-9],[0,-8],[-1,-9],[-2,-10],[-1,-9],[-3,-18],[-2,-9],[-2,-9],[-3,-19],[-3,-9],[-2,-9],[-3,-10],[-2,-9],[-3,-9],[-3,-10],[-3,-9],[-3,-9],[-6,-19],[-4,-9],[-4,-9],[-3,-9],[-3,-10],[-5,-9],[-3,-9],[-4,-8],[-4,-9],[-4,-9],[-5,-9],[-8,-17],[-9,-17],[-5,-9],[-5,-8],[-9,-16],[-5,-8],[-5,-8],[-4,-8],[-5,-7],[-10,-15],[-9,-14],[-10,-14],[-5,-7],[-5,-6],[-11,-12],[-5,-6],[-1,-1],[-1,-1],[-1,-1],[-1,-1],[0,-1],[-1,0],[-1,-1],[0,-1],[-1,0],[-1,-1],[0,-1],[-1,-1],[-2,-1],[-1,-1],[0,0],[-2,-2],[-2,-1],[-4,-4],[-1,-1],[-4,-4],[-2,-1],[-2,-2],[-1,-1],[0,-1],[-2,-1],[-2,-1],[0,-1],[-1,-1],[-1,-1],[-1,0],[-4,-5],[-12,-11],[-6,-5],[-5,-5],[-13,-10],[-6,-5],[-15,-10],[-22,-13],[-7,-5],[-8,-4],[-8,-4],[-24,-12],[-17,-7],[-8,-3],[-18,-7],[-18,-6],[-8,-3],[-9,-3],[-18,-5],[-10,-3],[-9,-3],[-9,-2],[-9,-2],[-19,-5],[-10,-2],[-9,-2],[-9,-2],[-9,-2],[-10,-2],[-9,-2],[-10,-1],[-9,-1],[-9,-2],[-10,-1],[-9,-1],[-10,-1],[-9,-1],[-9,-1],[-18,-2],[-9,-1],[-8,0],[-9,-1],[-18,-1],[-8,0],[-17,0],[-8,-1],[-9,0],[-7,1],[-16,0],[-47,1],[-46,1],[-46,1],[-92,2],[-46,2],[-46,1],[-47,2],[-46,2],[-47,2],[-46,1],[-46,2],[-46,2],[-46,2],[-138,6],[-46,1],[-47,2],[-46,2],[-46,2],[-138,4],[-46,2],[-93,3],[-45,1],[-46,1],[-46,1],[-92,2],[-46,0],[-46,1],[-47,0],[-45,1],[-92,0],[-92,-1],[-46,-1],[-46,0],[-46,-1],[-46,-2],[-46,-1],[-91,-4],[-46,-2],[-92,-5],[-46,-2],[-91,-7],[-46,-4],[-46,-4],[-91,-9],[-46,-5],[-46,-6],[-46,-5],[-45,-6],[-46,-7],[-46,-7],[-45,-7],[-7,-1],[-16,-3],[-8,-1],[-8,-1],[-8,-2],[-9,-1],[-8,-1],[-17,-2],[-9,-1],[-8,-1],[-9,-1],[-37,-4],[-9,-1],[-9,-1],[-38,-4],[-10,0],[-10,-1],[-19,-1],[-10,0],[-10,-1],[-9,0],[-10,-1],[-20,0],[-9,0],[-10,-1],[-20,0],[-9,1],[-10,0],[-19,0],[-10,1],[-9,0],[-10,1],[-9,0],[-9,1],[-10,1],[-18,2],[-9,1],[-8,1],[-9,1],[-17,3],[-9,2],[-8,1],[-9,2],[-7,2],[-8,2],[-8,2],[-8,2],[-8,3],[-14,5],[-20,8],[-7,2],[-34,13],[-7,3],[-7,2],[-7,3],[-6,3],[-14,6],[-13,6],[-6,3],[-7,3],[-6,3],[-7,3],[-7,4],[-6,3],[-13,7],[-7,3],[-31,18],[-7,4],[-6,4],[-6,3],[-19,12],[-6,4],[-6,4],[-6,5],[-7,4],[-6,4],[-6,4],[-6,5],[-6,4],[-11,9],[-12,9],[-6,4],[-6,5],[-5,5],[-6,4],[-6,5],[-5,5],[-6,5],[-5,5],[-11,10],[-6,5],[-5,5],[-5,5],[-6,5],[-5,5],[-5,6],[-11,12],[-6,6],[-10,13],[-5,7],[-10,14],[-5,8],[-5,8],[-5,8],[-5,7],[-5,8],[-5,9],[-4,8],[-18,34],[-9,18],[-5,9],[-4,9],[-5,9],[-8,18],[-8,19],[-12,29],[-4,9],[-8,19],[-4,10],[-4,10],[-4,9],[-4,10],[-7,19],[-4,9],[-3,9],[-4,10],[-3,9],[-4,10],[-4,9],[-3,9],[-4,9],[-3,9],[-4,9],[-7,18],[-3,9],[-4,8],[-3,9],[-3,8],[-4,9],[-3,8],[-3,8],[-4,8],[-3,8],[-3,8],[-4,7],[-27,56],[-29,52],[-32,49],[-32,47],[-35,44],[-36,41],[-39,39],[-39,36],[-41,33],[-43,31],[-44,29],[-46,27],[-46,25],[-48,23],[-49,21],[-50,20],[-52,17],[-52,17],[-54,14],[-54,14],[-55,12],[-56,11],[-57,10],[-57,9],[-58,8],[-59,8],[-59,7],[-59,6],[-60,5],[-61,6],[-60,5],[-61,5],[-61,5],[-61,4],[-122,10],[-61,6],[-61,6],[-60,6],[-61,7],[-60,7],[-60,9],[-60,9],[-59,10],[-58,11],[-58,13],[-57,13],[-57,16],[-55,16],[-56,19],[-54,20],[-53,21],[-52,24],[-51,25],[-51,27],[-49,30],[-48,32],[-46,34],[-45,36],[-44,40],[-43,42],[-41,45],[-39,47],[-38,50],[-4,7],[-4,7],[-5,7],[-4,7],[-5,7],[-8,15],[-4,8],[-5,7],[-4,8],[-4,9],[-4,8],[-8,17],[-4,9],[-7,17],[-8,19],[-4,9],[-4,9],[-4,9],[-4,10],[-7,19],[-4,9],[-3,10],[-4,10],[-3,10],[-4,9],[-3,10],[-7,20],[-3,10],[-13,41],[-3,9],[-3,10],[-3,10],[-6,20],[-6,20],[-3,10],[-5,19],[-4,9],[-5,19],[-2,9],[-3,9],[-2,10],[-3,9],[-2,9],[-2,9],[-3,8],[-2,9],[-4,17],[-3,8],[-3,16],[-5,16],[-8,31],[-5,15],[-4,16],[-4,15],[-4,16],[-5,15],[-9,31],[-5,16],[-4,15],[-5,16],[-9,31],[-10,31],[-4,16],[-5,15],[-10,31],[-4,15],[-10,31],[-5,16],[-5,15],[-5,15],[-9,31],[-15,47],[-5,15],[-10,31],[-9,31],[-5,16],[-4,15],[-9,31],[-5,16],[-4,15],[-9,31],[-4,16],[-5,15],[-4,16],[-5,16],[-4,16],[-4,15],[-4,16],[-9,31],[-4,16],[-4,16],[-3,15],[-4,16],[-4,15],[-4,16],[-3,16],[-4,16],[-3,16],[-4,16],[-3,16],[-4,17],[-2,8],[-2,9],[-1,9],[-5,18],[-2,9],[-4,18],[-5,19],[-2,10],[-2,9],[-3,10],[-2,10],[-2,9],[-3,10],[-3,10],[-2,10],[-3,10],[-3,10],[-5,20],[-3,10],[-6,20],[-6,20],[-3,10],[-9,30],[-6,19],[-4,10],[-3,9],[-7,19],[-3,10],[-4,9],[-3,9],[-4,10],[-4,9],[-3,9],[-8,17],[-4,9],[-3,8],[-4,9],[-4,8],[-4,8],[-12,24],[-4,7],[-4,8],[-5,7],[-4,7],[-9,14],[-4,6],[-14,20],[-13,19],[-14,19],[-14,19],[-29,37],[-15,19],[-15,18],[-16,18],[-15,18],[-16,17],[-32,34],[-17,17],[-17,16],[-17,16],[-17,16],[-17,16],[-18,15],[-18,15],[-18,15],[-18,15],[-18,14],[-19,14],[-19,14],[-19,13],[-19,13],[-19,13],[-19,12],[-20,13],[-19,12],[-20,11],[-20,11],[-20,12],[-20,10],[-21,11],[-20,10],[-21,9],[-21,10],[-21,9],[-21,8],[-21,9],[-21,8],[-21,7],[-22,8],[-21,6],[-22,7],[-21,6],[-22,6],[-22,6],[-21,5],[-23,4],[-22,4],[-21,4],[-23,4],[-44,6],[-22,2],[-22,2],[-22,1],[-23,1],[-22,1],[-52,0],[-8,-1],[-16,-1],[-16,-2],[-24,-3],[-8,-2],[-9,-1],[-9,-2],[-8,-2],[-8,-3],[-9,-2],[-9,-2],[-8,-3],[-9,-3],[-9,-2],[-17,-6],[-18,-7],[-9,-3],[-9,-4],[-9,-3],[-9,-5],[-8,-3],[-9,-4],[-9,-4],[-9,-4],[-17,-9],[-9,-5],[-25,-13],[-9,-5],[-8,-5],[-8,-5],[-9,-5],[-15,-10],[-8,-5],[-9,-5],[-7,-5],[-8,-6],[-14,-11],[-15,-11],[-13,-11],[-7,-6],[-7,-6],[-12,-11],[-18,-18],[-5,-6],[-6,-6],[-5,-6],[-5,-5],[-31,-38],[-29,-38],[-29,-40],[-26,-39],[-26,-41],[-24,-41],[-23,-41],[-21,-43],[-21,-43],[-19,-43],[-18,-43],[-17,-44],[-16,-45],[-15,-45],[-14,-46],[-13,-46],[-13,-46],[-11,-47],[-10,-48],[-10,-47],[-10,-48],[-8,-48],[-8,-49],[-7,-48],[-7,-49],[-6,-50],[-6,-49],[-6,-50],[-5,-50],[-5,-50],[-4,-50],[-4,-50],[-4,-51],[-4,-50],[-3,-51],[-4,-50],[-4,-51],[-3,-50],[-4,-52],[-4,-50],[-3,-51],[-4,-51],[-4,-50],[-5,-51],[-4,-50],[-5,-50],[-6,-50],[-6,-50],[-6,-51],[-7,-49],[-7,-49],[-8,-49],[-8,-49],[-9,-49],[-10,-48],[-10,-48],[-12,-48],[-12,-47],[-13,-48],[-13,-47],[-15,-46],[-16,-46],[-17,-45],[-18,-45],[-3,-8],[-6,-15],[-11,-24],[-12,-24],[-4,-8],[-5,-9],[-9,-16],[-5,-8],[-10,-17],[-5,-9],[-10,-16],[-6,-8],[-5,-9],[-6,-8],[-5,-8],[-6,-8],[-6,-8],[-6,-8],[-6,-9],[-13,-16],[-6,-8],[-6,-8],[-13,-16],[-6,-7],[-13,-15],[-20,-23],[-21,-21],[-6,-7],[-8,-7],[-6,-6],[-8,-7],[-13,-13],[-7,-6],[-7,-6],[-7,-6],[-7,-6],[-8,-5],[-6,-6],[-8,-5],[-6,-5],[-8,-5],[-6,-5],[-8,-5],[-13,-9],[-7,-4],[-7,-3],[-7,-4],[-14,-8],[-14,-7],[-14,-7],[-29,-14],[-14,-7],[-15,-6],[-15,-6],[-14,-6],[-15,-6],[-15,-5],[-15,-6],[-15,-5],[-15,-5],[-15,-5],[-15,-5],[-15,-5],[-16,-4],[-15,-4],[-16,-4],[-15,-4],[-15,-3],[-16,-4],[-16,-3],[-15,-3],[-16,-3],[-16,-3],[-16,-3],[-47,-7],[-16,-2],[-16,-2],[-16,-2],[-16,-2],[-16,-1],[-16,-2],[-16,-1],[-63,-4],[-17,-1],[-15,0],[-16,-1],[-16,0],[-16,0],[-31,-1],[-32,1],[-31,0],[-16,0],[-16,1],[-30,2],[-16,0],[-15,1],[-16,2],[-15,1],[-15,1],[-15,1],[-15,2],[-16,2],[-15,3],[-16,4],[-15,5],[-17,7],[-16,7],[-17,8],[-16,10],[-18,10],[-17,11],[-17,12],[-18,13],[-17,14],[-18,14],[-18,15],[-18,16],[-18,16],[-19,17],[-19,18],[-37,37],[-19,19],[-19,19],[-19,20],[-19,21],[-19,20],[-19,21],[-19,22],[-19,21],[-19,22],[-20,22],[-39,44],[-19,22],[-19,22],[-39,44],[-76,88],[-19,22],[-19,21],[-19,21],[-18,21],[-19,20],[-19,20],[-18,20],[-18,19],[-19,18],[-18,19],[-17,18],[-18,17],[-18,16],[-17,16],[-18,15],[-17,14],[-16,14],[-17,12],[-16,12],[-17,11],[-16,11],[-16,9],[-15,8],[-46,22],[-45,19],[-46,16],[-46,14],[-45,11],[-46,8],[-45,7],[-46,4],[-46,2],[-45,-1],[-46,-2],[-45,-5],[-46,-6],[-46,-8],[-45,-10],[-46,-12],[-46,-13],[-45,-15],[-46,-16],[-46,-18],[-45,-19],[-45,-20],[-46,-22],[-46,-22],[-45,-24],[-46,-25],[-46,-26],[-45,-26],[-45,-28],[-46,-27],[-91,-58],[-46,-30],[-45,-30],[-46,-30],[-45,-31],[-45,-31],[-46,-30],[-45,-31],[-45,-31],[-45,-31],[-46,-31],[-45,-30],[-45,-30],[-46,-30],[-44,-29],[-46,-29],[-45,-28],[-45,-28],[-45,-26],[-45,-26],[-45,-25],[-45,-24],[-45,-23],[-45,-22],[-45,-20],[-44,-20],[-45,-18],[-45,-16],[-45,-15],[-45,-14],[-44,-12],[-45,-10],[-45,-9],[-66,-10],[-66,-9],[-65,-7],[-65,-7],[-64,-5],[-63,-3],[-63,-2],[-62,-1],[-62,0],[-62,1],[-60,2],[-61,4],[-60,4],[-60,5],[-59,7],[-59,7],[-58,9],[-58,9],[-58,10],[-57,11],[-57,11],[-57,13],[-57,13],[-56,14],[-57,15],[-56,16],[-56,15],[-55,17],[-56,17],[-55,18],[-56,18],[-55,19],[-55,19],[-55,19],[-55,20],[-55,20],[-55,21],[-55,21],[-55,21],[-55,21],[-55,22],[-56,21],[-55,23],[-111,44],[-56,22],[-56,22],[-56,22],[-113,44],[-57,22],[-58,22],[-57,22],[-58,21],[-117,42],[-59,21],[-59,20],[-59,20],[-61,20],[-60,19],[-61,19],[-62,18],[-62,18],[-45,13],[-45,11],[-45,11],[-45,11],[-44,9],[-44,9],[-44,8],[-43,7],[-43,7],[-43,6],[-42,6],[-42,6],[-42,5],[-42,4],[-41,4],[-40,4],[-41,4],[-40,3],[-40,4],[-39,2],[-39,3],[-39,3],[-38,3],[-38,3],[-38,3],[-37,3],[-36,3],[-37,3],[-35,4],[-36,3],[-34,4],[-35,4],[-34,5],[-34,5],[-33,5],[-32,6],[-32,6],[-32,7],[-32,7],[-31,8],[-30,9],[-30,9],[-30,10],[-29,11],[-28,12],[-28,12],[-27,13],[-27,15],[-26,15],[-26,16],[-25,17],[-25,19],[-24,19],[-24,21],[-22,21],[-23,23],[-21,25],[-22,25],[-20,27],[-20,29],[-20,29],[-19,31],[-18,33],[-18,34],[-4,7],[-3,7],[-3,8],[-8,15],[-3,8],[-3,8],[-3,8],[-6,17],[-4,9],[-3,9],[-3,9],[-3,9],[-2,9],[-3,9],[-5,19],[-3,10],[-2,9],[-3,10],[-2,10],[-5,20],[-2,10],[-7,30],[-2,10],[-2,10],[-1,11],[-4,20],[-2,10],[-1,11],[-2,11],[-1,10],[-2,10],[-2,10],[0,11],[-1,10],[-2,10],[-1,10],[-1,10],[0,10],[-1,11],[-1,10],[-1,10],[0,10],[-1,9],[0,10],[-1,10],[0,9],[0,10],[-1,9],[0,37],[1,9],[0,8],[0,9],[2,42],[2,26],[1,25],[2,26],[3,25],[2,26],[3,25],[2,26],[3,26],[3,26],[2,25],[4,26],[9,77],[4,25],[3,26],[3,25],[4,26],[4,26],[3,26],[4,25],[4,26],[3,25],[4,26],[3,25],[4,26],[3,26],[6,51],[3,26],[7,51],[5,51],[4,51],[3,25],[3,51],[2,25],[2,25],[1,26],[1,25],[0,25],[1,25],[0,51],[0,25],[-1,25],[-1,26],[-1,25],[-2,25],[-2,25],[-2,25],[-3,25],[-6,50],[-4,24],[-4,25],[-5,25],[-5,25],[-5,24],[-6,25],[-3,8],[-2,8],[-3,7],[-2,8],[-3,8],[-7,17],[-6,16],[-7,18],[-4,8],[-4,9],[-4,9],[-3,9],[-9,17],[-4,9],[-9,18],[-5,9],[-10,17],[-10,18],[-5,8],[-5,9],[-5,9],[-6,9],[-10,17],[-6,9],[-6,8],[-11,17],[-6,9],[-6,8],[-12,17],[-5,8],[-12,16],[-7,7],[-6,8],[-6,8],[-12,15],[-32,35],[-6,7],[-13,13],[-13,13],[-19,16],[-6,5],[-13,10],[-6,5],[-37,28],[-38,26],[-38,24],[-38,22],[-39,20],[-40,19],[-39,17],[-41,15],[-40,14],[-42,13],[-41,11],[-42,9],[-42,9],[-42,7],[-43,6],[-43,5],[-44,4],[-43,3],[-44,2],[-44,1],[-44,1],[-45,-1],[-45,-1],[-90,-4],[-46,-3],[-91,-7],[-46,-4],[-45,-4],[-46,-5],[-92,-10],[-46,-5],[-92,-10],[-47,-5],[-46,-5],[-46,-4],[-46,-4],[-46,-4],[-46,-4],[-46,-3],[-46,-3],[-46,-2],[-45,-1],[-45,-1],[-46,0],[-45,1],[-45,2],[-45,2],[-44,4],[-44,4],[-45,6],[-44,7],[-43,7],[-43,9],[-43,11],[-43,12],[-43,13],[-42,15],[-41,16],[-42,18],[-41,19],[-7,4],[-22,12],[-7,4],[-7,5],[-6,4],[-15,10],[-7,6],[-20,16],[-14,12],[-27,26],[-6,7],[-6,7],[-7,7],[-6,7],[-7,7],[-6,7],[-6,8],[-6,7],[-6,8],[-6,8],[-6,8],[-6,7],[-6,8],[-5,8],[-12,16],[-11,16],[-10,17],[-5,9],[-5,8],[-10,17],[-9,17],[-4,9],[-4,8],[-12,26],[-8,17],[-7,17],[-4,8],[-3,9],[-3,8],[-3,8],[-2,9],[-3,8],[-2,8],[-3,8],[-4,16],[-7,31],[-6,32],[-6,31],[-7,31],[-6,32],[-5,32],[-6,31],[-9,64],[-5,33],[-5,32],[-5,32],[-4,32],[-4,32],[-12,98],[-4,32],[-4,33],[-3,32],[-4,33],[-3,32],[-4,33],[-7,66],[-4,33],[-4,32],[-4,33],[-3,33],[-4,32],[-4,33],[-4,32],[-5,33],[-4,32],[-9,65],[-5,33],[-4,32],[-5,33],[-11,64],[-6,33],[-6,32],[-6,31],[-7,32],[-7,32],[-14,63],[-8,32],[-8,31],[-8,31],[-9,31],[-9,32],[-9,31],[-10,30],[-10,32],[-11,30],[-11,30],[-11,31],[-12,29],[-12,30],[-13,30],[-13,30],[-14,29],[-3,7],[-4,8],[-4,7],[-8,15],[-4,8],[-14,22],[-5,8],[-5,8],[-5,8],[-6,7],[-5,8],[-5,7],[-6,8],[-6,8],[-6,8],[-5,7],[-6,8],[-7,7],[-19,23],[-34,37],[-6,7],[-7,8],[-15,14],[-6,7],[-8,7],[-14,14],[-8,7],[-7,6],[-7,7],[-8,7],[-14,13],[-8,6],[-8,6],[-14,12],[-16,12],[-15,11],[-22,17],[-7,5],[-7,5],[-7,5],[-8,4],[-7,5],[-7,4],[-7,5],[-8,4],[-6,4],[-7,4],[-88,44],[-87,39],[-85,34],[-85,29],[-83,25],[-83,19],[-81,15],[-81,11],[-79,7],[-79,2],[-78,-1],[-78,-6],[-76,-9],[-75,-12],[-76,-16],[-74,-20],[-74,-22],[-74,-26],[-72,-29],[-72,-31],[-72,-34],[-72,-37],[-71,-40],[-70,-41],[-71,-44],[-70,-46],[-70,-48],[-69,-49],[-70,-51],[-69,-53],[-69,-54],[-70,-56],[-70,-56],[-69,-58],[-69,-58],[-69,-60],[-70,-60],[-70,-60],[-69,-61],[-70,-61],[-71,-61],[-70,-61],[-143,-122],[-72,-60],[-73,-60],[-73,-59],[-73,-59],[-74,-57],[-75,-57],[-75,-55],[-76,-54],[-76,-53],[-77,-51],[-78,-49],[-79,-48],[-80,-45],[-81,-44],[-82,-41],[-82,-39],[-84,-36],[-85,-34],[-86,-31],[-86,-29],[-88,-24],[-90,-20],[-92,-15],[-94,-11],[-97,-7],[-98,-3],[-100,0],[-103,4],[-104,7],[-106,11],[-107,14],[-110,17],[-111,21],[-111,23],[-114,26],[-114,28],[-115,31],[-118,33],[-117,36],[-119,37],[-119,40],[-120,41],[-120,43],[-122,44],[-121,46],[-122,48],[-122,49],[-123,50],[-122,51],[-123,52],[-122,52],[-122,53],[-123,54],[-121,54],[-121,54],[-121,54],[-120,55],[-119,54],[-119,54],[-118,53],[-116,53],[-116,52],[-115,52],[-114,50],[-112,50],[-111,49],[-109,47],[-108,46],[-106,44],[-105,43],[-103,40],[-101,39],[-99,37],[-96,35],[-95,33],[-93,30],[-90,28],[-88,25],[-85,23],[-82,19],[-80,16],[-78,14],[-74,10],[-72,6],[-74,5],[-75,5],[-75,4],[-75,3],[-75,3],[-149,4],[-75,2],[-75,1],[-75,0],[-149,0],[-75,-1],[-75,-1],[-74,-2],[-76,-2],[-75,-2],[-74,-3],[-75,-3],[-150,-7],[-74,-4],[-75,-4],[-150,-9],[-75,-5],[-74,-6],[-75,-5],[-75,-5],[-75,-6],[-75,-6],[-150,-11],[-74,-6],[-75,-7],[-75,-6],[-75,-7],[-75,-6],[-74,-6],[-75,-7],[-75,-6],[-75,-6],[-74,-7],[-75,-6],[-75,-6],[-75,-6],[-75,-6],[-149,-12],[-75,-6],[-75,-5],[-74,-5],[-75,-5],[-75,-6],[-149,-9],[-75,-4],[-74,-4],[-75,-3],[-75,-4],[-75,-3],[-149,-5],[-75,-2],[-33,-1],[-33,-1],[-32,0],[-66,0],[-33,-1],[-33,1],[-66,0],[-33,0],[-32,1],[-33,0],[-33,1],[-33,1],[-32,1],[-67,2],[-32,2],[-33,1],[-33,2],[-33,2],[-32,2],[-33,3],[-32,2],[-65,5],[-33,3],[-33,3],[-33,3],[-65,7],[-64,7],[-33,4],[-32,4],[-65,9],[-33,5],[-32,4],[-65,10],[-64,11],[-65,12],[-32,7],[-32,6],[-32,6],[-32,7],[-33,7],[-32,7],[-31,8],[-32,7],[-32,8],[-32,8],[-32,9],[-32,8],[-32,9],[-32,8],[-63,19],[-32,9],[-31,10],[-31,10],[-31,10],[-29,10],[-29,10],[-30,11],[-29,12],[-29,11],[-29,12],[-29,12],[-29,13],[-28,13],[-29,13],[-28,13],[-28,13],[-29,14],[-28,14],[-28,15],[-28,14],[-28,15],[-27,15],[-28,15],[-28,15],[-27,15],[-28,16],[-28,15],[-27,16],[-27,16],[-28,16],[-54,32],[-55,32],[-27,16],[-27,16],[-28,16],[-27,16],[-27,16],[-28,16],[-27,16],[-27,16],[-27,16],[-28,16],[-27,15],[-28,16],[-27,15],[-28,15],[-27,15],[-27,15],[-28,15],[-28,14],[-28,15],[-27,14],[-28,14],[-28,13],[-28,14],[-28,13],[-28,12],[-28,13],[-29,12],[-28,11],[-29,12],[-28,11],[-29,11],[-29,11],[-29,10],[-3,1],[-6,3],[-6,2],[-6,2],[-3,1],[-3,1],[-3,1],[-3,1],[-6,2],[-5,2],[-7,2],[-5,2],[-6,2],[-3,1],[-13,4],[-3,1],[-3,1],[-3,1],[-3,1],[-3,0],[-9,3],[-3,1],[-3,1],[-3,1],[-3,1],[-3,0],[-6,2],[-4,1],[-2,0],[-7,2],[-2,1],[-4,0],[-6,2],[-3,1],[-3,0],[-6,1],[-3,1],[-6,1],[-3,1],[-3,1],[-3,0],[-7,1],[-2,1],[-3,1],[-3,0]],[[300097,58375],[14,92],[14,93],[14,93],[15,94],[15,95],[16,95],[15,95],[15,95],[16,96],[32,194],[16,97],[16,98],[17,97],[16,99],[17,98],[16,98],[17,99],[16,98],[17,100],[17,99],[17,99],[16,99],[17,100],[16,100],[17,99],[17,99],[16,100],[16,99],[17,100],[15,99],[16,99],[16,98],[15,99],[16,99],[15,98],[15,98],[15,98],[14,98],[14,97],[14,97],[14,97],[13,96],[13,96],[13,95],[12,95],[12,94],[12,94],[11,94],[11,92],[11,93],[10,92],[19,181],[9,89],[8,90],[8,89],[8,87],[6,87],[7,86],[6,85],[5,85],[4,84],[4,82],[5,93],[7,95],[9,96],[10,98],[12,98],[13,100],[15,102],[16,103],[17,103],[19,105],[20,106],[20,107],[23,109],[23,108],[24,110],[24,111],[26,113],[26,112],[28,113],[28,113],[28,114],[29,115],[30,115],[30,116],[30,116],[30,117],[31,117],[61,234],[32,118],[30,118],[62,236],[30,118],[30,118],[30,118],[29,117],[29,118],[29,118],[28,116],[27,117],[26,116],[26,116],[25,115],[24,115],[23,114],[22,114],[21,113],[20,112],[18,111],[17,111],[16,110],[15,109],[12,108],[12,107],[10,106],[8,105],[7,104],[5,103],[3,101],[1,100],[-1,99],[-2,97],[-5,96],[-5,68],[-3,69],[-4,71],[-3,72],[-3,73],[-2,74],[-2,75],[-2,76],[-2,77],[-1,78],[0,79],[-1,79],[-1,81],[0,81],[-1,82],[0,335],[1,85],[0,86],[0,86],[1,86],[0,87],[0,87],[1,88],[0,88],[0,265],[0,89],[-1,89],[-1,89],[0,89],[-1,89],[-1,89],[-2,88],[-2,89],[-2,89],[-2,88],[-3,88],[-3,88],[-3,88],[-4,87],[-4,87],[-5,86],[-5,86],[-5,85],[-6,85],[-6,85],[-8,83],[-7,83],[-8,83],[-9,81],[-9,81],[-10,81],[-10,79],[-11,79],[-12,77],[-12,77],[-13,75],[-14,76],[-14,73],[-16,72],[-14,62],[-14,62],[-15,60],[-15,60],[-16,58],[-16,59],[-17,57],[-17,56],[-18,56],[-18,55],[-18,54],[-19,53],[-19,53],[-20,53],[-20,52],[-21,52],[-21,51],[-21,50],[-22,50],[-22,50],[-23,49],[-23,49],[-24,49],[-23,49],[-25,48],[-24,49],[-26,48],[-25,48],[-26,47],[-26,48],[-27,48],[-54,95],[-28,48],[-27,49],[-29,48],[-28,49],[-30,48],[-29,49],[-30,49],[-30,49],[-30,50],[-31,50],[-31,51],[-32,51],[-31,52],[-32,52],[-33,52],[-32,53],[-33,54],[-33,54],[-34,55],[-34,55],[-34,57],[-34,58],[-35,57],[-35,59],[-35,59],[-36,61],[-36,61],[-36,63],[-36,63],[-36,65],[-37,65],[-50,91],[-46,91],[-44,91],[-40,92],[-38,91],[-36,93],[-33,92],[-30,93],[-29,93],[-26,94],[-24,94],[-23,94],[-21,94],[-19,95],[-17,96],[-16,96],[-15,97],[-14,97],[-13,97],[-12,98],[-12,99],[-10,99],[-10,99],[-10,100],[-9,101],[-9,102],[-9,101],[-10,103],[-9,103],[-10,104],[-11,105],[-11,105],[-11,106],[-13,106],[-13,108],[-14,108],[-16,108],[-17,110],[-18,111],[-20,111],[-22,112],[-23,112],[-25,113],[-28,115],[-29,115],[-32,117],[-34,117],[-37,118],[-39,118],[-42,120],[-45,121],[-48,122],[-51,122],[-55,124],[-57,124],[-62,126],[-64,127],[-69,127],[-72,129],[-77,130],[-80,131],[-85,132],[-89,132],[-93,135],[-5,6],[-5,7],[-13,21],[-14,22],[-4,8],[-5,8],[-4,7],[-4,8],[-5,8],[-8,17],[-4,8],[-8,17],[-4,9],[-4,9],[-4,8],[-4,9],[-4,9],[-3,9],[-4,9],[-4,9],[-3,9],[-7,19],[-3,9],[-7,19],[-2,10],[-3,9],[-4,9],[-2,10],[-3,9],[-5,19],[-3,10],[-3,9],[-9,39],[-2,9],[-3,19],[-2,9],[-2,9],[-1,10],[-2,9],[-2,9],[0,9],[-2,9],[-1,9],[-1,18],[-1,8],[-1,9],[0,9],[-1,17],[0,8],[-1,161],[0,162],[0,54],[-1,108],[-1,323],[-1,41],[0,121],[-1,161],[-1,162],[0,161],[-1,161],[0,81],[-1,81],[-2,323],[0,162],[-1,162],[0,121],[-1,202],[-1,79],[0,83],[0,161],[-2,324],[0,13],[-1,148],[-1,161],[0,53],[0,109],[-1,162],[-1,161],[-2,323],[0,13],[0,149],[-1,162],[0,161],[-2,324],[-1,323],[-3,485],[-1,161],[0,162],[-1,161],[-1,162],[0,161],[-1,162],[-1,104],[0,58],[0,77],[-1,84],[0,162],[-2,323],[-1,146],[0,16],[-1,162],[0,48],[0,113],[-1,162],[-2,485],[-1,37],[0,125],[0,20],[-1,141],[0,162],[-2,323],[-1,162],[-1,161],[0,162]],[[326808,98158],[-4,-16],[-2,-8],[-4,-16],[-2,-8],[-4,-16],[-1,-8],[-6,-24],[-2,-8],[-1,-8],[-2,-8],[-3,-16],[-2,-8],[-2,-9],[-3,-16],[-2,-8],[-1,-9],[-2,-8],[-3,-16],[-2,-8],[-1,-8],[-2,-9],[-3,-16],[-1,-8],[-3,-16],[-1,-9],[-3,-16],[-2,-17],[-2,-17],[-2,-8],[-1,-9],[-1,-8],[-1,-8],[-1,-9],[-2,-8],[-2,-26],[-1,-8],[-2,-16],[-3,-26],[0,-8],[-2,-17],[0,-9],[-1,-8],[-1,-9],[0,-8],[-1,-9],[-6,-104],[-5,-104],[-4,-104],[-2,-104],[-1,-104],[0,-103],[2,-104],[2,-104],[4,-103],[5,-104],[6,-103],[7,-103],[8,-104],[9,-103],[10,-104],[11,-103],[11,-103],[13,-103],[13,-103],[14,-103],[14,-103],[15,-104],[16,-103],[16,-103],[17,-103],[18,-102],[18,-103],[18,-103],[18,-103],[19,-103],[19,-102],[20,-104],[19,-103],[20,-102],[20,-103],[20,-103],[20,-103],[20,-103],[21,-102],[20,-103],[20,-102],[19,-103],[20,-103],[20,-103],[19,-103],[19,-103],[19,-102],[36,-206],[17,-103],[17,-103],[17,-103],[15,-103],[16,-103],[29,-206],[13,-103],[13,-103],[12,-103],[11,-103],[9,-104],[10,-103],[8,-103],[7,-104],[2,-29],[2,-28],[2,-29],[2,-29],[2,-29],[1,-29],[2,-29],[1,-28],[2,-29],[1,-29],[1,-29],[2,-58],[2,-57],[2,-58],[1,-57],[0,-29],[0,-29],[1,-29],[0,-143],[-1,-29],[0,-29],[-1,-28],[0,-29],[-1,-29],[-1,-28],[0,-29],[-1,-29],[-2,-29],[-1,-28],[-1,-29],[-1,-29],[-2,-29],[-1,-29],[-2,-28],[-2,-29],[-1,-28],[-2,-29],[-2,-29],[-2,-29],[-7,-85],[-3,-29],[-3,-29],[-2,-29],[-3,-28],[-3,-29],[-9,-86],[-4,-28],[-3,-29],[-4,-28],[-7,-57],[-4,-29],[-9,-66],[-10,-66],[-10,-66],[-11,-67],[-10,-66],[-12,-66],[-12,-66],[-12,-66],[-12,-67],[-13,-66],[-13,-66],[-27,-134],[-15,-66],[-14,-67],[-15,-66],[-15,-67],[-15,-66],[-16,-67],[-16,-67],[-15,-67],[-17,-66],[-17,-67],[-17,-66],[-16,-67],[-18,-66],[-17,-67],[-18,-67],[-17,-66],[-19,-66],[-18,-67],[-18,-66],[-19,-66],[-18,-66],[-19,-67],[-19,-66],[-18,-65],[-38,-132],[-20,-66],[-19,-65],[-19,-66],[-20,-66],[-19,-65],[-19,-65],[-20,-65],[-19,-65],[-20,-65],[-19,-66],[-20,-64],[-19,-65],[-19,-64],[-20,-64],[-19,-64],[-19,-64],[-19,-64],[-19,-64],[-19,-64],[-18,-63],[-19,-64],[-19,-63],[-19,-63],[-18,-62],[-18,-63],[-20,-71],[-22,-71],[-23,-70],[-23,-70],[-24,-70],[-24,-69],[-25,-69],[-26,-69],[-26,-68],[-26,-68],[-27,-67],[-28,-67],[-28,-67],[-29,-67],[-28,-67],[-30,-66],[-30,-66],[-30,-67],[-30,-65],[-31,-66],[-31,-66],[-31,-66],[-32,-65],[-32,-66],[-32,-65],[-32,-66],[-32,-65],[-33,-66],[-32,-66],[-33,-66],[-33,-65],[-33,-66],[-33,-66],[-33,-67],[-32,-66],[-33,-67],[-33,-67],[-33,-67],[-33,-67],[-32,-68],[-32,-67],[-33,-69],[-32,-68],[-32,-69],[-31,-69],[-32,-70],[-31,-70],[-31,-71],[-31,-71],[-60,-143],[-30,-73],[-29,-72],[-29,-74],[-28,-74],[-28,-74],[-27,-75],[-27,-76],[-26,-77],[-26,-77],[-25,-78],[-25,-78],[-24,-80],[-24,-80],[-2,-8],[-8,-24],[-3,-9],[-3,-8],[-2,-9],[-6,-17],[-6,-18],[-3,-9],[-3,-9],[-6,-19],[-3,-9],[-10,-28],[-3,-10],[-3,-10],[-4,-9],[-6,-20],[-4,-10],[-3,-10],[-3,-10],[-3,-10],[-4,-10],[-3,-10],[-4,-10],[-3,-10],[-8,-20],[-3,-10],[-3,-9],[-4,-10],[-3,-10],[-3,-10],[-4,-10],[-4,-10],[-6,-19],[-4,-9],[-3,-10],[-7,-19],[-12,-36],[-4,-9],[-3,-9],[-6,-17],[-4,-9],[-2,-8],[-3,-9],[-4,-8],[-5,-16],[-3,-7],[-6,-15],[-18,-53],[-18,-53],[-16,-53],[-15,-53],[-15,-53],[-13,-54],[-13,-53],[-11,-54],[-11,-54],[-10,-53],[-9,-54],[-8,-54],[-7,-54],[-7,-53],[-6,-54],[-5,-54],[-5,-54],[-4,-54],[-3,-53],[-3,-54],[-2,-54],[-3,-54],[-1,-53],[-1,-54],[0,-54],[-1,-53],[1,-54],[0,-54],[1,-53],[1,-53],[1,-53],[3,-106],[2,-53],[2,-53],[2,-53],[2,-52],[1,-52],[3,-52],[2,-52],[5,-154],[3,-102],[1,-102],[1,-50],[0,-50],[0,-50],[-1,-49],[0,-49],[-2,-49],[-2,-49],[-2,-48],[-3,-49],[-4,-47],[-4,-48],[-4,-47],[-6,-47],[-6,-46],[-6,-46],[-8,-46],[-8,-46],[-11,-59],[-14,-58],[-14,-58],[-16,-58],[-17,-58],[-19,-58],[-19,-57],[-21,-58],[-21,-57],[-23,-58],[-24,-57],[-24,-57],[-25,-57],[-27,-57],[-26,-57],[-28,-57],[-28,-56],[-29,-57],[-29,-57],[-30,-57],[-61,-113],[-30,-56],[-32,-57],[-32,-56],[-31,-57],[-32,-56],[-32,-57],[-32,-57],[-32,-56],[-32,-57],[-31,-56],[-32,-57],[-32,-57],[-31,-56],[-30,-57],[-31,-58],[-30,-57],[-30,-57],[-29,-57],[-28,-58],[-28,-57],[-27,-58],[-27,-57],[-25,-59],[-25,-58],[-25,-58],[-23,-58],[-22,-58],[-21,-59],[-20,-58],[-19,-59],[-18,-59],[-17,-60],[-16,-60],[-14,-59],[-13,-60],[-11,-60],[-9,-61],[-9,-60],[-7,-61],[-5,-61],[-4,-62],[-2,-61],[-1,-16],[0,-48],[1,-15],[0,-16],[0,-15],[1,-16],[1,-15],[2,-29],[0,-15],[1,-15],[3,-29],[4,-28],[1,-13],[3,-14],[4,-26],[3,-13],[3,-13],[6,-25],[4,-12],[3,-11],[8,-23],[4,-11],[5,-11],[5,-11],[5,-10],[5,-10],[6,-10],[6,-10],[6,-9],[6,-9],[7,-9],[6,-8],[15,-16],[8,-8],[16,-14],[8,-6],[9,-6],[10,-6],[9,-6],[10,-5],[11,-5],[10,-5],[11,-4],[11,-4],[12,-4],[12,-3],[13,-3],[13,-2],[13,-2],[13,-2],[14,-1],[14,-1],[15,-1],[15,0],[261,2],[784,4],[262,2],[522,3],[262,1],[522,3],[262,2],[784,4],[261,1],[262,2],[261,1],[262,1],[522,3],[262,2],[784,4],[261,2],[522,3],[262,1],[522,3],[262,2],[784,4],[261,2],[523,3],[261,1],[523,3],[261,2],[784,4],[261,2],[523,3],[262,1],[261,2],[262,1],[261,2],[784,4],[261,2],[523,3],[261,1],[784,5],[261,1],[262,1],[261,2],[51,-85],[52,-85],[50,-86],[50,-88],[50,-87],[49,-89],[49,-89],[48,-90],[48,-91],[47,-92],[47,-92],[46,-93],[45,-94],[46,-95],[44,-96],[44,-96],[44,-97],[43,-97],[43,-99],[42,-100],[41,-100],[41,-101],[41,-102],[39,-102],[40,-104],[38,-104],[39,-105],[37,-105],[38,-107],[36,-107],[36,-108],[36,-108],[35,-110],[35,-110],[34,-111],[33,-111],[33,-112],[32,-114],[32,-114],[31,-114],[30,-115],[31,-116],[29,-117],[29,-118],[28,-118],[28,-119],[27,-120],[27,-120],[26,-121],[25,-122],[25,-123],[24,-123],[24,-124],[23,-125],[22,-126],[22,-126],[21,-126],[21,-128],[20,-129],[20,-129],[19,-130],[18,-130],[18,-131],[17,-132]],[[526966,237126],[-2,1],[-3,2],[-3,1],[-3,1],[-4,2],[-3,2],[-5,2],[-4,2],[-5,2],[-15,8],[-5,3],[-6,3],[-12,6],[-6,3],[-13,7],[-6,3],[-7,4],[-7,4],[-7,3],[-14,8],[-7,4],[-15,8],[-7,3],[-15,8],[-15,8],[-8,4],[-7,4],[-7,4],[-15,8],[-21,10],[-7,4],[-14,7],[-6,3],[-6,4],[-7,3],[-6,3],[-6,3],[-6,3],[-6,3],[-5,3],[-6,3],[-10,5],[-4,2],[-8,4],[-4,2],[-4,2],[-3,1],[-3,1],[-3,2],[-2,1],[-20,8],[-21,8],[-21,9],[-21,9],[-22,10],[-22,10],[-23,11],[-23,11],[-23,12],[-23,12],[-48,25],[-25,13],[-24,13],[-50,28],[-25,15],[-25,14],[-26,16],[-25,15],[-26,16],[-26,16],[-25,17],[-27,16],[-26,17],[-26,18],[-26,18],[-26,18],[-27,19],[-26,18],[-52,38],[-27,19],[-25,20],[-27,19],[-25,20],[-26,21],[-25,20],[-26,21],[-25,20],[-26,21],[-25,22],[-25,21],[-24,22],[-24,22],[-24,22],[-24,22],[-23,22],[-23,22],[-23,23],[-23,23],[-22,23],[-21,23],[-22,24],[-21,23],[-21,23],[-20,24],[-20,23],[-19,24],[-37,47],[-18,24],[-17,24],[-17,24],[-5,7],[-5,7],[-4,7],[-4,7],[-5,6],[-4,7],[-25,42],[-4,7],[-3,7],[-11,21],[-4,7],[-3,6],[-3,7],[-7,14],[-3,7],[-6,13],[-3,7],[-3,6],[-2,8],[-3,6],[-3,7],[-2,6],[-3,6],[-2,7],[-7,18],[-2,6],[-4,12],[-6,16],[-1,6],[-4,11],[-2,10],[-3,10],[-1,4],[-1,5],[-1,4],[-1,5],[-1,4],[0,4],[-2,8],[-1,7],[0,3],[0,3],[-1,3],[0,86],[0,1],[0,13],[1,494],[2,495],[1,494],[3,988],[2,495],[2,989],[2,494],[2,989],[2,494],[1,494],[3,989],[1,495],[3,989],[1,494],[3,988],[1,495],[2,494],[1,495],[2,494],[2,495],[1,494],[3,988],[1,495],[3,989],[1,494],[3,989],[1,494],[1,494],[2,495],[2,494],[2,989],[2,495],[2,494],[1,494],[1,494],[2,495],[1,494],[4,1484],[1,494],[3,988],[1,495],[3,989],[1,494],[3,989],[2,494],[1,494],[1,495],[2,494],[1,495]],[[525032,270575],[3,-1],[4,-1],[4,-2],[4,-2],[9,-2],[2,-1],[2,-1],[7,-2],[2,0],[9,-2],[2,0],[4,-1],[2,-1],[2,0],[3,0],[3,-1],[5,0],[4,-1],[29,0],[5,1],[3,0],[5,1],[2,0],[5,1],[3,1],[1,0],[2,0],[2,1],[4,1],[2,1],[44,12],[44,13],[43,14],[42,15],[41,16],[41,17],[40,18],[39,19],[39,20],[38,20],[37,22],[37,22],[36,24],[36,24],[35,25],[34,26],[34,26],[33,27],[32,28],[33,29],[31,29],[31,30],[31,30],[29,31],[30,32],[29,32],[29,33],[28,33],[28,34],[27,35],[27,35],[27,35],[26,35],[26,36],[25,37],[26,37],[25,37],[25,37],[24,38],[24,38],[24,38],[23,39],[23,39],[23,39],[24,39],[22,39],[22,39],[23,40],[22,39],[44,79],[22,40],[22,40],[21,40],[22,39],[21,40],[22,40],[21,39],[22,40],[21,39],[21,39],[22,39],[21,38],[21,39],[27,47],[26,47],[26,46],[27,48],[26,46],[27,47],[27,46],[27,46],[27,47],[27,46],[55,92],[27,46],[28,46],[27,46],[29,46],[28,46],[27,45],[28,46],[28,45],[28,46],[28,46],[28,45],[28,46],[28,46],[28,45],[56,91],[28,46],[9,15],[19,30],[28,46],[28,45],[56,91],[27,46],[28,46],[27,46],[28,46],[28,46],[54,92],[27,46],[27,46],[27,47],[27,46],[27,47],[26,47],[53,93],[25,47],[27,47],[25,47],[26,47],[26,48],[25,47],[25,48],[25,48],[25,48],[24,49],[25,48],[24,48],[24,49],[23,49],[24,49],[15,31],[15,32],[14,31],[30,63],[16,31],[15,31],[15,31],[30,62],[15,32],[15,31],[15,31],[5,10],[10,21],[16,31],[15,31],[15,31],[16,31],[15,31],[15,31],[15,31],[15,31],[16,31],[15,31],[16,31],[15,31],[10,21],[5,10],[15,31],[16,31],[14,31],[16,31],[15,31],[16,31],[15,31],[15,31],[15,31],[16,31],[5,10],[10,21],[15,31],[15,31],[15,31],[16,31],[14,31],[16,31],[15,31],[15,31],[15,31],[15,31],[15,31],[15,31],[15,31],[45,93],[15,31],[15,31],[30,62],[15,31],[14,31],[15,31],[15,32],[15,31],[14,31],[48,100],[48,101],[48,101],[49,100],[49,100],[49,100],[50,100],[49,100],[50,100],[28,57],[0,0],[21,43],[49,100],[50,100],[50,100],[98,199],[49,99],[49,100],[48,99],[49,100],[48,98],[47,99],[48,99],[46,99],[46,99],[46,98],[46,98],[44,99],[45,98],[43,98],[42,97],[43,98],[41,97],[41,97],[40,97],[38,97],[38,96],[38,97],[36,96],[35,95],[34,96],[33,95],[32,96],[31,94],[30,95],[28,94],[28,94],[25,94],[25,94],[24,93],[21,93],[21,92],[19,93],[18,92],[16,91],[15,91],[12,91],[12,91],[10,91],[7,89],[7,90],[4,89],[2,89],[1,88],[-1,88],[-1,36],[-2,35],[-2,36],[-2,35],[-3,36],[-3,35],[-3,36],[-9,71],[-9,71],[-5,36],[-5,36],[-5,36],[-6,35],[-5,36],[-6,36],[-6,35],[-6,36],[-13,72],[-7,36],[-6,36],[-7,36],[-7,36],[-6,37],[-5,27],[-2,9],[-7,37],[-6,36],[-2,9],[-5,28],[-6,36],[-19,111],[-12,74],[-16,113],[-5,38],[-5,38],[-4,38],[-5,38],[-4,38],[-3,39],[-7,77],[-2,39],[-3,78],[-2,39],[-1,40],[0,40],[0,40],[1,40],[1,40],[3,81],[3,41],[3,41],[4,41],[5,42],[5,41],[6,43],[14,96],[18,95],[20,94],[21,94],[24,93],[26,91],[28,91],[30,89],[32,89],[33,89],[35,88],[37,87],[38,86],[39,86],[41,85],[42,85],[44,85],[44,83],[45,84],[46,83],[47,83],[48,82],[49,83],[49,82],[50,82],[50,81],[51,82],[51,81],[51,82],[51,82],[51,82],[52,81],[51,82],[51,82],[51,82],[51,83],[50,82],[50,84],[49,83],[48,84],[48,84],[47,85],[46,85],[45,85],[44,87],[43,87],[42,88],[41,87],[39,89],[38,89],[36,91],[35,91],[33,92],[31,93],[29,94],[28,95],[25,97],[24,96],[22,98],[19,99],[17,101],[14,102],[12,102],[10,104],[7,84],[9,82],[10,81],[12,81],[12,80],[14,78],[16,78],[17,77],[18,77],[19,76],[20,74],[22,74],[23,74],[24,73],[25,72],[26,71],[27,72],[29,70],[29,70],[30,69],[31,69],[33,69],[33,68],[33,68],[35,67],[36,67],[36,67],[37,66],[38,66],[38,66],[39,67],[40,65],[41,66],[41,65],[42,65],[42,65],[43,66],[43,65],[44,65],[44,66],[45,65],[90,131],[46,65],[92,133],[46,66],[47,67],[94,134],[48,67],[48,68],[47,69],[48,69],[48,69],[48,70],[48,70],[47,71],[48,71],[47,72],[48,73],[48,73],[47,74],[47,75],[37,58],[73,118],[36,60],[36,59],[71,120],[35,60],[36,60],[34,61],[35,61],[35,61],[34,61],[34,62],[34,61],[34,62],[34,61],[33,62],[34,63],[34,62],[33,63],[33,62],[11,20],[22,43],[34,63],[33,62],[33,64],[21,42],[0,0],[11,21],[33,64],[33,63],[33,63],[32,64],[33,64],[33,64],[66,127],[32,64],[33,64],[32,64],[33,64],[33,64],[33,64],[11,22],[21,42],[33,64],[33,65],[34,64],[6,13],[27,51],[33,64],[33,64],[67,128],[34,65],[33,64],[34,64],[34,64],[34,63],[69,128],[70,128],[70,127],[35,63],[36,63],[35,63],[58,102],[58,102],[57,102],[57,102],[56,102],[56,102],[56,103],[56,102],[56,102],[55,102],[56,102],[55,102],[54,102],[55,102],[55,102],[55,102],[54,102],[54,101],[54,102],[54,101],[53,102],[54,101],[28,52],[25,49],[107,201],[9,17],[44,83],[53,100],[53,100],[53,100],[52,99],[24,45],[29,54],[53,99],[52,99],[53,98],[52,98],[53,98],[52,97],[53,97],[53,96],[52,96],[53,96],[52,96],[52,95],[53,94],[52,94],[53,94],[53,94],[53,92],[52,92],[53,92],[53,91],[53,91],[53,90],[53,90],[54,89],[53,88],[53,89],[54,87],[54,87],[54,86],[54,85],[109,170],[54,83],[5,7],[4,6],[4,7],[9,13],[10,13],[5,6],[10,13],[5,6],[10,13],[5,6],[5,6],[10,13],[6,6],[5,6],[5,6],[5,6],[11,11],[5,6],[5,6],[5,5],[6,6],[10,11],[6,5],[5,6],[10,10],[11,10],[5,4],[6,5],[5,5],[5,5],[5,4],[10,8],[6,4],[10,8],[15,10],[4,3],[5,4],[10,6],[4,2],[14,8],[5,2],[4,2],[4,2],[8,3],[4,1],[8,2],[8,2],[4,2],[8,2],[4,1],[5,1],[5,1],[10,2],[5,0],[11,2],[6,1],[5,0],[6,1],[7,1],[6,1],[12,1],[7,0],[6,1],[7,0],[6,1],[7,0],[7,0],[7,1],[7,0],[7,0],[45,0],[7,0],[8,0],[8,-1],[7,0],[16,-1],[15,-1],[15,-1],[9,0],[8,-1],[15,-2],[8,0],[8,-1],[16,-2],[8,-1],[8,-1],[15,-2],[8,-2],[7,-1],[8,-2],[7,-1],[16,-3],[7,-2],[75,-20],[74,-24],[71,-26],[70,-29],[68,-31],[66,-35],[64,-36],[62,-39],[61,-41],[60,-43],[58,-46],[57,-47],[55,-49],[54,-51],[52,-53],[52,-54],[50,-56],[49,-58],[49,-58],[47,-61],[46,-62],[46,-63],[44,-63],[44,-65],[43,-66],[43,-67],[41,-67],[42,-68],[41,-69],[41,-69],[40,-69],[40,-70],[39,-70],[40,-70],[39,-70],[39,-71],[40,-70],[39,-70],[39,-70],[80,-139],[40,-68],[41,-69],[41,-67],[41,-66],[42,-66],[43,-65],[42,-64],[44,-63],[44,-62],[46,-60],[46,-59],[47,-58],[48,-56],[48,-54],[51,-53],[51,-51],[52,-50],[54,-48],[55,-45],[56,-44],[58,-41],[59,-39],[60,-37],[15,-8],[7,-3],[7,-4],[8,-4],[7,-3],[8,-3],[8,-4],[8,-3],[16,-5],[8,-3],[9,-3],[8,-3],[9,-2],[9,-3],[9,-2],[17,-4],[9,-2],[9,-2],[9,-1],[18,-3],[18,-2],[10,-1],[18,-2],[9,-1],[10,0],[18,-1],[9,0],[10,-1],[9,0],[9,1],[9,0],[18,1],[9,1],[9,0],[10,1],[9,1],[9,1],[9,1],[9,1],[8,2],[9,2],[8,2],[9,1],[16,4],[8,2],[9,3],[8,2],[7,3],[8,3],[8,3],[14,6],[22,10],[33,19],[33,20],[33,20],[32,21],[32,22],[30,23],[31,23],[30,24],[30,25],[29,26],[29,26],[29,27],[56,55],[27,28],[28,29],[27,29],[27,29],[26,30],[27,30],[26,30],[26,31],[25,31],[26,31],[26,31],[25,32],[26,32],[25,31],[25,32],[127,158],[25,31],[52,62],[25,30],[26,30],[26,30],[27,30],[26,29],[27,29],[27,29],[27,27],[27,28],[28,27],[28,26],[29,26],[29,25],[29,25],[30,24],[29,23],[31,22],[31,22],[32,20],[31,20],[33,19],[32,18],[34,17],[34,16],[34,16],[36,14],[35,13],[8,2],[7,2],[8,2],[7,1],[8,2],[8,1],[15,2],[9,0],[8,1],[7,0],[17,0],[8,0],[8,-1],[9,0],[8,-1],[8,-1],[9,-1],[8,-1],[9,-2],[8,-1],[8,-2],[9,-2],[9,-2],[8,-2],[8,-3],[9,-2],[8,-3],[17,-5],[16,-6],[9,-3],[9,-3],[8,-4],[8,-3],[16,-7],[8,-4],[8,-4],[9,-3],[7,-4],[8,-4],[8,-4],[15,-9],[15,-8],[8,-5],[7,-4],[7,-5],[7,-5],[7,-5],[7,-4],[14,-10],[6,-5],[7,-4],[6,-5],[6,-5],[7,-5],[11,-10],[34,-28],[33,-26],[34,-25],[34,-24],[34,-22],[34,-21],[35,-19],[34,-18],[35,-17],[35,-16],[35,-14],[35,-13],[36,-12],[35,-10],[36,-10],[36,-8],[35,-8],[36,-6],[36,-4],[35,-5],[37,-3],[35,-1],[36,-1],[37,1],[36,1],[36,3],[36,4],[36,5],[36,5],[36,7],[36,7],[36,8],[36,9],[36,10],[35,11],[36,12],[36,13],[35,13],[35,14],[35,15],[36,16],[35,17],[34,17],[35,18],[34,19],[35,19],[68,41],[33,22],[34,22],[33,22],[33,23],[33,24],[32,24],[32,25],[32,26],[32,26],[32,27],[31,27],[31,27],[30,28],[31,28],[29,29],[30,29],[6,5],[5,5],[6,6],[6,5],[6,6],[6,6],[6,5],[7,6],[7,5],[6,6],[7,6],[7,5],[7,6],[7,6],[7,6],[15,11],[15,11],[7,5],[8,6],[8,5],[8,6],[15,11],[16,10],[9,5],[8,5],[8,4],[8,5],[16,9],[17,9],[9,4],[8,4],[8,4],[9,4],[8,4],[8,3],[9,4],[8,3],[8,3],[9,2],[17,5],[8,3],[16,4],[9,1],[8,2],[8,1],[9,1],[8,1],[7,0],[8,1],[8,0],[8,-1],[8,0],[7,-1],[8,-1],[8,-1],[7,-2],[5,-1],[10,-3],[10,-2],[10,-3],[15,-4],[5,-2],[4,-1],[10,-3],[15,-5],[5,-1],[4,-2],[10,-4],[10,-3],[5,-2],[5,-2],[5,-1],[4,-2],[10,-4],[10,-3],[5,-2],[5,-2],[5,-1],[4,-2],[10,-4],[5,-1],[5,-2],[9,-4],[5,-2],[5,-2],[9,-4],[10,-3],[10,-4],[9,-3],[10,-4],[18,-6],[10,-3],[9,-3],[5,-1],[9,-3],[20,-7],[21,-8],[20,-8],[21,-10],[21,-10],[21,-11],[20,-11],[22,-13],[21,-13],[21,-14],[21,-14],[21,-15],[21,-16],[22,-16],[21,-17],[22,-18],[21,-18],[22,-18],[21,-19],[42,-39],[22,-20],[21,-22],[21,-20],[22,-22],[21,-21],[21,-22],[21,-22],[22,-22],[21,-23],[21,-22],[21,-23],[20,-23],[21,-23],[21,-24],[20,-23],[21,-24],[41,-46],[20,-23],[20,-24],[20,-23],[2,-3],[17,-20],[20,-23],[19,-24],[20,-22],[19,-23],[38,-44],[19,-22],[18,-21],[36,-42],[18,-20],[18,-20],[17,-20],[51,-56],[17,-18],[33,-34],[15,-16],[16,-15],[20,-20],[20,-19],[20,-18],[20,-19],[20,-18],[20,-19],[19,-18],[40,-35],[20,-17],[20,-16],[19,-17],[40,-32],[19,-16],[20,-15],[20,-16],[20,-15],[19,-15],[20,-14],[20,-15],[20,-14],[59,-42],[20,-14],[21,-13],[19,-14],[21,-13],[20,-13],[20,-13],[21,-13],[21,-12],[40,-25],[21,-13],[42,-24],[14,-8],[7,-4],[21,-12],[21,-12],[21,-12],[21,-12],[22,-12],[21,-11],[44,-23],[66,-35],[22,-11],[23,-11],[23,-11],[22,-12],[23,-11],[23,-12],[24,-11],[23,-11],[19,-9],[5,-3],[48,-23],[49,-23],[24,-11],[32,-16],[34,-15],[33,-17],[35,-17],[35,-18],[36,-19],[37,-20],[37,-20],[38,-21],[37,-21],[39,-22],[39,-23],[40,-24],[39,-24],[40,-25],[40,-25],[40,-26],[41,-26],[40,-27],[41,-27],[40,-28],[41,-29],[40,-29],[41,-29],[40,-30],[40,-31],[40,-31],[39,-32],[40,-32],[38,-33],[38,-32],[38,-34],[37,-34],[38,-34],[36,-34],[35,-35],[35,-36],[35,-35],[33,-37],[33,-36],[32,-37],[31,-37],[30,-38],[29,-38],[28,-38],[26,-38],[26,-39],[25,-39],[24,-39],[22,-39],[21,-40],[20,-40],[18,-40],[17,-40],[15,-41],[14,-41],[13,-41],[11,-41],[9,-42],[8,-41],[6,-42],[4,-41],[2,-42],[1,-42],[-5,-354],[-2,-120],[-4,-233],[-5,-352],[-10,-707],[-4,-353],[-5,-354],[-10,-706],[-5,-353],[-6,-353],[-5,-354],[-5,-353],[-2,-120],[-3,-233],[-5,-353],[-10,-706],[-5,-353],[-5,-353],[-10,-707],[-5,-353],[-5,-354],[-5,-352],[-5,-353],[-2,-113],[0,0],[-4,-241],[-15,-1060],[-5,-353],[-5,-352],[-10,-707],[-5,-353],[-5,-353],[-9,-707],[-5,-353],[-4,-241],[0,0],[-2,-112],[-5,-353],[-5,-353],[-5,-353],[-15,-1060],[-5,-353],[-5,-353],[-10,-707],[-5,-353],[-5,-353],[-10,-706],[-5,-354],[-4,-240],[-1,-113],[-10,-706],[-2,-112],[-4,-241],[-10,-707],[-5,-353],[-10,-706],[-5,-353],[1,-23],[1,-22],[0,-21],[1,-22],[0,-22],[0,-22],[-1,-21],[0,-21],[0,-21],[-1,-22],[0,-21],[-1,-21],[-1,-21],[-1,-21],[-2,-41],[-1,-20],[-1,-20],[-3,-40],[-1,-20],[-3,-40],[-1,-20],[-1,-19],[-2,-20],[-2,-39],[-3,-38],[-1,-19],[-3,-38],[-1,-19],[-1,-19],[-2,-38],[-1,-18],[0,-20],[-1,-19],[-1,-18],[0,-19],[0,-56],[0,-19],[1,-18],[0,-19],[1,-18],[2,-37],[1,-19],[4,-37],[1,-19],[3,-18],[2,-19],[2,-18],[3,-19],[4,-19],[3,-18],[4,-19],[4,-19],[4,-19],[11,-42],[11,-41],[11,-40],[13,-39],[13,-38],[13,-38],[15,-36],[14,-36],[16,-35],[15,-35],[17,-33],[17,-33],[17,-32],[19,-33],[18,-31],[19,-31],[20,-30],[20,-29],[21,-29],[21,-29],[21,-28],[22,-28],[22,-27],[23,-27],[24,-27],[24,-26],[23,-26],[25,-26],[25,-26],[25,-25],[26,-25],[26,-26],[26,-25],[27,-24],[26,-25],[28,-25],[27,-25],[28,-24],[28,-25],[28,-25],[29,-25],[29,-24],[29,-25],[59,-51],[30,-26],[30,-25],[30,-26],[31,-27],[1,-1],[29,-25],[31,-27],[31,-28],[31,-27],[31,-28],[31,-29],[32,-29],[31,-29],[32,-30],[31,-31],[32,-31],[31,-32],[33,-32],[31,-33],[32,-33],[5,-6],[11,-12],[11,-13],[5,-7],[5,-7],[5,-7],[6,-7],[6,-7],[5,-7],[11,-15],[5,-8],[6,-8],[5,-8],[11,-16],[6,-9],[5,-8],[6,-8],[6,-9],[5,-8],[11,-17],[5,-9],[6,-9],[5,-8],[5,-9],[5,-9],[6,-9],[5,-9],[5,-9],[5,-9],[5,-9],[15,-27],[5,-9],[5,-9],[4,-9],[5,-9],[5,-9],[5,-9],[9,-18],[4,-9],[4,-9],[5,-9],[8,-17],[4,-9],[3,-8],[4,-9],[8,-17],[3,-8],[4,-8],[9,-24],[4,-8],[2,-8],[3,-8],[15,-42],[7,-19],[8,-23],[14,-41],[15,-42],[14,-42],[14,-42],[14,-41],[14,-42],[14,-42],[5,-14],[9,-28],[14,-42],[14,-42],[13,-42],[14,-43],[27,-84],[14,-42],[27,-84],[13,-42],[13,-43],[14,-42],[13,-42],[26,-85],[13,-42],[13,-42],[13,-43],[13,-42],[13,-42],[13,-43],[13,-42],[13,-43],[13,-42],[14,-42],[12,-43],[13,-43],[13,-42],[13,-42],[13,-43],[13,-42],[13,-43],[13,-42],[13,-42],[13,-43],[13,-42],[13,-43],[13,-42],[13,-43],[5,-14],[8,-28],[14,-43],[13,-42],[13,-42],[27,-85],[13,-42],[13,-43],[14,-42],[13,-42],[14,-43],[13,-43],[14,-42],[14,-42],[14,-42],[3,-8],[2,-8],[6,-16],[3,-8],[6,-17],[3,-8],[4,-8],[3,-9],[4,-9],[3,-8],[4,-9],[8,-18],[4,-8],[3,-9],[5,-9],[4,-10],[4,-9],[5,-9],[4,-9],[4,-9],[9,-19],[9,-18],[10,-18],[5,-9],[5,-9],[5,-9],[5,-10],[10,-18],[5,-8],[5,-9],[5,-9],[5,-9],[5,-9],[5,-9],[11,-17],[5,-8],[5,-8],[5,-9],[6,-8],[10,-16],[10,-16],[10,-15],[6,-7],[5,-7],[10,-14],[6,-7],[5,-7],[9,-13],[5,-6],[10,-12],[49,-55],[49,-54],[50,-53],[50,-51],[51,-50],[51,-49],[52,-48],[52,-46],[52,-46],[53,-45],[53,-43],[54,-43],[53,-42],[54,-42],[55,-40],[54,-40],[55,-40],[55,-39],[55,-38],[55,-38],[55,-37],[55,-37],[55,-37],[55,-37],[55,-36],[14,-9],[41,-27],[55,-37],[110,-72],[54,-36],[54,-37],[54,-36],[54,-37],[53,-37],[54,-37],[52,-38],[52,-38],[52,-38],[102,-79],[51,-41],[50,-41],[49,-41],[49,-43],[48,-44],[47,-44],[47,-45],[46,-46],[46,-47],[44,-49],[44,-49],[43,-51],[42,-52],[41,-54],[40,-54],[39,-56],[39,-58],[37,-59],[37,-60],[35,-62],[34,-64],[33,-66],[32,-67],[31,-69],[13,-30],[12,-30],[13,-30],[11,-31],[23,-62],[11,-31],[11,-31],[10,-32],[10,-32],[9,-32],[10,-33],[9,-33],[8,-32],[9,-34],[8,-33],[8,-33],[7,-34],[7,-34],[2,-9],[5,-25],[5,-28],[2,-6],[6,-34],[6,-35],[6,-35],[5,-35],[5,-35],[5,-36],[5,-35],[4,-36],[4,-36],[4,-36],[3,-36],[4,-36],[3,-37],[2,-36],[3,-37],[2,-37],[2,-37],[2,-38],[1,-37],[2,-37],[1,-38],[0,-38],[1,-38],[0,-38],[0,-38],[-1,-39],[0,-38],[-1,-38],[-1,-39],[-2,-77],[-4,-78],[-5,-78],[-2,-39],[-3,-39],[-6,-79],[-4,-39],[-3,-40],[-4,-39],[-4,-40],[-6,-55],[-13,-109],[-7,-55],[-7,-55],[-7,-54],[-9,-55],[-8,-55],[-8,-55],[-9,-56],[-10,-54],[-10,-55],[-10,-55],[-10,-55],[-11,-55],[-11,-55],[-11,-55],[-24,-111],[-12,-54],[-13,-55],[-13,-55],[-13,-54],[-13,-55],[-14,-54],[-14,-54],[-14,-55],[-15,-54],[-15,-54],[-15,-54],[-15,-54],[-15,-53],[-16,-53],[-16,-54],[-50,-159],[-17,-53],[-18,-52],[-17,-52],[-17,-52],[-18,-52],[-18,-51],[-18,-51],[-19,-51],[-18,-51],[-19,-51],[-19,-50],[-19,-50],[-19,-50],[-20,-49],[-19,-49],[-20,-49],[-20,-49],[-20,-48],[-20,-48],[-20,-48],[-21,-47],[-20,-47],[-21,-46],[-21,-46],[-21,-46],[-21,-45],[-21,-45],[-7,-14],[-4,-7],[-4,-8],[-9,-14],[-5,-7],[-4,-7],[-5,-7],[-5,-8],[-5,-7],[-5,-7],[-5,-7],[-12,-14],[-6,-7],[-5,-7],[-6,-7],[-7,-7],[-6,-7],[-12,-14],[-7,-7],[-13,-14],[-27,-26],[-7,-6],[-7,-7],[-7,-6],[-8,-6],[-14,-13],[-15,-12],[-15,-11],[-7,-6],[-8,-6],[-8,-5],[-7,-6],[-8,-5],[-23,-15],[-7,-5],[-7,-5],[-8,-5],[-7,-5],[-8,-4],[-8,-4],[-15,-8],[-15,-8],[-7,-4],[-8,-3],[-14,-6],[-7,-4],[-7,-2],[-7,-3],[-75,-31],[-76,-34],[-75,-35],[-74,-37],[-75,-39],[-75,-41],[-75,-42],[-74,-45],[-75,-47],[-74,-47],[-75,-49],[-74,-51],[-74,-53],[-74,-54],[-74,-55],[-74,-57],[-74,-58],[-74,-59],[-73,-61],[-75,-61],[-73,-63],[-74,-64],[-74,-65],[-73,-65],[-74,-67],[-74,-68],[-73,-69],[-74,-69],[-74,-70],[-74,-71],[-74,-71],[-73,-72],[-74,-73],[-74,-73],[-73,-73],[-75,-74],[-74,-74],[-73,-74],[-75,-76],[-148,-149],[-74,-75],[-74,-75],[-75,-75],[-74,-76],[-75,-75],[-74,-75],[-75,-74],[-75,-75],[-75,-74],[-75,-74],[-76,-74],[-75,-73],[-76,-72],[-151,-143],[-75,-71],[-77,-70],[-76,-70],[-76,-68],[-77,-68],[-76,-67],[-77,-66],[-77,-65],[-24,-20],[-28,-25],[-32,-28],[-35,-32],[-40,-36],[-43,-39],[-46,-42],[-50,-45],[-54,-48],[-56,-50],[-60,-52],[-62,-55],[-65,-56],[-68,-58],[-71,-59],[-72,-61],[-76,-62],[-77,-62],[-79,-62],[-82,-64],[-83,-63],[-85,-63],[-86,-63],[-88,-62],[-89,-62],[-90,-60],[-91,-60],[-93,-58],[-93,-56],[-93,-54],[-95,-53],[-95,-51],[-95,-47],[-96,-46],[-95,-42],[-96,-39],[-95,-36],[-95,-32],[-95,-29],[-94,-25],[-94,-20],[-92,-16],[-93,-11],[-90,-7],[-90,-2],[-89,3],[-87,10],[-85,14],[-84,21],[-83,26],[-80,33],[-79,40],[-76,46],[-74,53],[-72,60],[-69,68],[-67,76],[-64,83],[-61,91],[-58,99],[-56,108],[-51,117],[-49,125],[-45,135],[-12,42],[-13,43],[-6,22],[-6,21],[-7,22],[-6,23],[-6,23],[-7,22],[-6,23],[-7,22],[-6,23],[-7,23],[-7,23],[-7,23],[-7,23],[-8,23],[-7,23],[-8,23],[-16,46],[-8,23],[-9,23],[-9,23],[-9,22],[-10,23],[-10,23],[-10,22],[-10,23],[-11,23],[-22,44],[-12,22],[-13,21],[-12,22],[-14,21],[-13,22],[-14,20],[-15,21],[-15,20],[-15,20],[-16,20],[-16,20],[-18,19],[-17,19],[-18,19],[-19,18],[-20,18],[-20,18],[-20,17],[-22,17],[-21,17],[-23,16],[-24,16],[-23,16],[-25,15],[-26,14],[-26,14],[-27,14],[-27,13],[-29,13],[-29,12],[-30,11],[-22,8],[-7,2],[-8,2],[-16,5],[-8,2],[-9,2],[-8,2],[-9,2],[-8,2],[-9,2],[-9,1],[-9,2],[-18,3],[-9,1],[-10,2],[-9,1],[-57,6],[-9,0],[-10,1],[-10,1],[-9,0],[-10,0],[-10,1],[-10,0],[-58,0],[-9,0],[-10,-1],[-9,0],[-19,-1],[-9,-1],[-9,-1],[-10,-1],[-9,-1],[-18,-2],[-8,-1],[-9,-1],[-9,-1],[-9,-2],[-8,-1],[-8,-2],[-9,-2],[-8,-2],[-7,-2],[-8,-2],[-8,-2],[-8,-2],[-7,-3],[-7,-2],[-51,-19],[-48,-21],[-47,-24],[-45,-25],[-43,-28],[-41,-30],[-40,-31],[-38,-33],[-37,-35],[-34,-37],[-34,-38],[-33,-40],[-31,-41],[-30,-43],[-29,-44],[-28,-45],[-27,-47],[-25,-47],[-26,-50],[-24,-49],[-23,-51],[-44,-104],[-22,-53],[-20,-53],[-21,-55],[-20,-54],[-20,-56],[-19,-55],[-19,-56],[-19,-56],[-38,-113],[-18,-57],[-19,-56],[-19,-56],[-19,-57],[-20,-56],[-19,-55],[-21,-56],[-20,-54],[-21,-54],[-22,-54],[-22,-53],[-22,-52],[-24,-52],[-24,-51],[-26,-50],[-26,-48],[-27,-48],[-28,-47],[-29,-45],[-31,-44],[-31,-42],[-33,-41],[-35,-40],[-35,-39],[-37,-37],[-39,-34],[-40,-33],[-43,-32],[-43,-29],[-45,-28],[-47,-25],[-7,-4],[-8,-3],[-7,-3],[-8,-3],[-8,-3],[-7,-2],[-9,-3],[-8,-3],[-8,-2],[-17,-5],[-9,-3],[-8,-2],[-18,-5],[-9,-2],[-18,-4],[-10,-1],[-18,-4],[-19,-3],[-10,-2],[-9,-1],[-10,-2],[-9,-1],[-10,-1],[-10,-1],[-10,-1],[-9,-1],[-10,-1],[-10,-1],[-10,0],[-9,-1],[-10,0],[-10,-1],[-19,0],[-9,0],[-10,-1],[-9,1],[-10,0],[-18,0],[-10,1],[-9,0],[-9,1],[-9,0],[-9,1],[-9,1],[-35,4],[-16,3],[-8,1],[-23,5],[-15,4],[-8,2],[-48,16],[-47,18],[-46,21],[-44,22],[-43,24],[-42,25],[-42,27],[-39,29],[-39,31],[-38,31],[-37,34],[-36,35],[-35,36],[-34,37],[-34,38],[-32,39],[-32,41],[-31,41],[-31,43],[-31,43],[-29,44],[-29,44],[-29,45],[-28,46],[-28,47],[-28,46],[-27,47],[-55,95],[-26,48],[-27,48],[-27,48],[-26,47],[-27,49],[-27,48],[-26,47],[-27,47],[-27,47],[-28,47],[-28,46],[-28,45],[-28,45],[-29,45],[-29,43],[-30,43],[-30,42],[-31,41],[-31,40],[-32,39],[-33,38],[-34,36],[-35,36],[-35,34],[-36,33],[-37,31],[-38,30],[-39,28],[-40,27],[-41,25],[-42,23],[-44,22],[-45,19],[-46,18],[-47,15],[-7,3],[-8,2],[-7,2],[-16,3],[-7,1],[-9,1],[-7,1],[-8,1],[-9,1],[-8,0],[-8,1],[-9,0],[-8,0],[-9,0],[-18,0],[-8,-1],[-9,0],[-18,-2],[-8,-1],[-9,-2],[-10,-1],[-9,-1],[-9,-2],[-9,-1],[-9,-2],[-9,-2],[-9,-2],[-9,-2],[-9,-2],[-18,-5],[-9,-3],[-9,-2],[-9,-3],[-18,-6],[-8,-3],[-17,-7],[-9,-3],[-17,-7],[-8,-4],[-9,-4],[-8,-4],[-8,-4],[-15,-8],[-16,-8],[-7,-5],[-22,-13],[-13,-10],[-7,-5],[-7,-4],[-6,-5],[-6,-5],[-7,-5],[-46,-39],[-45,-40],[-45,-41],[-44,-42],[-42,-43],[-42,-45],[-40,-45],[-40,-46],[-39,-46],[-38,-48],[-37,-49],[-35,-49],[-36,-50],[-33,-51],[-33,-52],[-33,-52],[-31,-53],[-30,-54],[-29,-55],[-28,-55],[-28,-56],[-26,-56],[-26,-57],[-24,-58],[-23,-58],[-23,-58],[-22,-59],[-21,-60],[-19,-60],[-19,-61],[-19,-61],[-17,-61],[-16,-61],[-15,-62],[-15,-62],[-13,-63],[-13,-63],[-11,-63],[-11,-64],[-10,-63],[-9,-64],[-8,-63],[-7,-64],[-6,-64],[-6,-65],[-4,-64],[-4,-65],[-2,-64],[-2,-64],[-1,-64],[0,-65],[1,-64],[2,-64],[2,-64],[4,-64],[5,-64],[5,-64],[6,-63],[7,-63],[8,-64],[8,-62],[10,-63],[11,-62],[11,-62],[2,-8],[1,-8],[2,-8],[2,-17],[3,-17],[3,-18],[1,-9],[1,-9],[4,-38],[1,-10],[1,-9],[1,-10],[0,-10],[1,-10],[1,-10],[0,-10],[0,-10],[1,-10],[0,-10],[1,-11],[0,-10],[0,-10],[1,-10],[0,-61],[-1,-10],[0,-10],[0,-11],[-1,-10],[0,-10],[-1,-10],[0,-10],[-1,-10],[-1,-10],[-1,-10],[0,-9],[-1,-10],[-1,-9],[-3,-29],[-1,-9],[-1,-9],[-3,-18],[-1,-9],[-2,-9],[-3,-17],[-3,-16],[-2,-8],[-2,-8],[-2,-8],[-27,-114],[-27,-113],[-27,-111],[-26,-109],[-25,-106],[-24,-106],[-24,-103],[-24,-101],[-23,-100],[-24,-98],[-22,-96],[-23,-94],[-22,-93],[-22,-91],[-23,-89],[-22,-89],[-23,-86],[-22,-85],[-23,-83],[-23,-81],[-23,-81],[-23,-79],[-24,-77],[-24,-76],[-25,-75],[-25,-73],[-26,-72],[-27,-71],[-27,-71],[-28,-68],[-29,-68],[-30,-66],[-30,-65],[-32,-64],[-33,-63],[-34,-62],[-34,-61],[-37,-60],[-37,-59],[-38,-58],[-40,-57],[-42,-56],[-43,-56],[-45,-54],[-46,-55],[-48,-53],[-49,-53],[-51,-52],[-53,-51],[-55,-50],[-56,-50],[-59,-49],[-60,-49],[-63,-48],[-65,-49],[-67,-47],[-69,-47],[-71,-47],[-75,-46],[-76,-46],[-78,-45],[-82,-45],[-83,-45],[-87,-45],[-78,-38],[-79,-38],[-80,-35],[-80,-33],[-82,-31],[-82,-30],[-83,-29],[-84,-27],[-85,-25],[-85,-25],[-86,-23],[-86,-22],[-87,-21],[-88,-19],[-88,-19],[-89,-18],[-89,-17],[-90,-17],[-90,-15],[-91,-15],[-91,-15],[-92,-14],[-92,-13],[-93,-14],[-92,-13],[-94,-13],[-93,-12],[-94,-12],[-94,-13],[-94,-12],[-95,-13],[-95,-12],[-95,-13],[-95,-13],[-191,-28],[-95,-15],[-96,-15],[-96,-16],[-96,-16],[-96,-17],[-95,-19],[-96,-19],[-96,-20],[-95,-21],[-96,-22],[-95,-23],[-96,-25],[-95,-26],[-95,-28],[-94,-28],[-95,-31],[-95,-32],[-94,-34],[-94,-35],[-94,-38],[-93,-39],[-93,-41],[-93,-43],[-92,-45],[-92,-47],[-91,-49],[-91,-52],[-91,-54],[-66,-41],[-64,-42],[-63,-42],[-62,-43],[-60,-43],[-60,-43],[-58,-44],[-57,-45],[-55,-44],[-55,-45],[-54,-45],[-53,-46],[-52,-46],[-52,-45],[-50,-46],[-50,-46],[-50,-46],[-49,-47],[-48,-46],[-48,-46],[-47,-46],[-47,-46],[-47,-46],[-46,-46],[-47,-46],[-46,-46],[-46,-45],[-46,-45],[-46,-45],[-46,-45],[-47,-44],[-46,-44],[-47,-44],[-47,-44],[-47,-42],[-48,-43],[-49,-42],[-48,-41],[-50,-41],[-49,-40],[-51,-39],[-51,-39],[-52,-38],[-53,-38],[-54,-37],[-55,-37],[-55,-35],[-57,-35],[-58,-33],[-59,-33],[-60,-33],[-62,-31],[-63,-30],[-64,-29],[-66,-28],[-67,-27],[-69,-26],[-71,-25],[-71,-24],[-74,-23],[-76,-22],[-77,-20],[-79,-20],[-81,-17],[-7,-2],[-8,-2],[-7,-3],[-15,-7],[-7,-5],[-14,-10],[-15,-12],[-7,-6],[-14,-14],[-14,-16],[-7,-9],[-7,-9],[-7,-9],[-7,-9],[-6,-10],[-7,-10],[-6,-10],[-7,-10],[-7,-11],[-13,-22],[-19,-34],[-6,-12],[-5,-12],[-7,-12],[-6,-12],[-6,-12],[-5,-12],[-6,-12],[-5,-13],[-6,-12],[-5,-12],[-5,-13],[-5,-12],[-5,-12],[-5,-12],[-5,-12],[-4,-13],[-5,-12],[-5,-12],[-4,-11],[-5,-12],[-4,-12],[-4,-11],[-11,-33],[-3,-11],[-3,-10],[-3,-10],[-7,-19],[-3,-9],[-2,-9],[-3,-9],[-4,-16],[-10,-32],[-9,-33],[-10,-33],[-10,-33],[-10,-32],[-11,-33],[-10,-33],[-11,-33],[-12,-33],[-11,-33],[-11,-33],[-12,-33],[-12,-33],[-12,-33],[-13,-33],[-12,-32],[-13,-33],[-13,-33],[-13,-33],[-13,-32],[-27,-65],[-14,-33],[-14,-32],[-15,-33],[-29,-65],[-14,-32],[-15,-32],[-15,-33],[-16,-32],[-15,-32],[-15,-32],[-16,-32],[-16,-32],[-32,-64],[-32,-63],[-16,-31],[-17,-31],[-16,-31],[-17,-31],[-34,-62],[-17,-31],[-17,-30],[-17,-31],[-17,-30],[-18,-30],[-17,-30],[-18,-30],[-17,-30],[-18,-29],[-18,-30],[-35,-58],[-36,-58],[-36,-57],[-18,-28],[-18,-28],[-19,-28],[-32,-49],[-33,-49],[-33,-49],[-33,-48],[-34,-47],[-34,-48],[-34,-48],[-35,-47],[-34,-46],[-36,-47],[-35,-46],[-36,-45],[-36,-46],[-36,-45],[-37,-46],[-36,-45],[-37,-45],[-37,-45],[-37,-44],[-38,-45],[-38,-44],[-37,-44],[-38,-44],[-38,-43],[-38,-44],[-39,-43],[-38,-44],[-77,-87],[-39,-43],[-38,-43],[-78,-86],[-39,-43],[-39,-43],[-116,-129],[-39,-43],[-39,-44],[-39,-43],[-38,-43],[-39,-43],[-39,-43],[-38,-43],[-39,-44],[-38,-43],[-38,-44],[-38,-44],[-38,-43],[-38,-44],[-75,-89],[-38,-44],[-37,-45],[-36,-44],[-37,-45],[-37,-45],[-36,-46],[-36,-45],[-36,-46],[-35,-46],[-36,-47],[-35,-46],[-31,-43],[-31,-42],[-30,-43],[-30,-43],[-30,-43],[-29,-43],[-29,-43],[-28,-43],[-28,-44],[-27,-44],[-27,-43],[-52,-88],[-51,-88],[-25,-44],[-24,-44],[-24,-45],[-24,-44],[-23,-45],[-23,-45],[-23,-45],[-22,-45],[-22,-45],[-22,-45],[-20,-45],[-22,-46],[-20,-45],[-20,-46],[-20,-45],[-20,-46],[-19,-46],[-19,-46],[-19,-46],[-19,-46],[-36,-92],[-18,-47],[-17,-46],[-18,-47],[-17,-46],[-17,-47],[-17,-48],[-16,-47],[-33,-94],[-16,-47],[-16,-47],[-16,-47],[-30,-95],[-16,-48],[-15,-48],[-15,-48],[-15,-48],[-15,-48],[-14,-48],[-15,-48],[-15,-48],[-43,-145],[-14,-49],[-15,-49]],[[484969,171665],[-4,-9],[-3,-8],[-4,-9],[-3,-8],[-4,-9],[-3,-8],[-3,-9],[-4,-8],[-7,-17],[-4,-9],[-6,-17],[-8,-17],[-12,-34],[-7,-17],[-4,-9],[-3,-9],[-7,-17],[-13,-34],[-3,-9],[-19,-51],[-3,-8],[-16,-43],[-3,-9],[-10,-25],[-3,-9],[-10,-25],[-2,-9],[-7,-17],[-2,-9],[-13,-34],[-3,-8],[-6,-17],[-5,-17],[-4,-9],[-4,-13],[-10,-25],[-5,-12],[-5,-13],[-5,-12],[-6,-12],[-5,-12],[-6,-13],[-6,-12],[-5,-12],[-6,-12],[-6,-12],[-11,-24],[-13,-24],[-6,-12],[-6,-12],[-13,-23],[-7,-12],[-6,-12],[-13,-23],[-7,-12],[-6,-12],[-7,-11],[-6,-12],[-7,-11],[-6,-12],[-14,-23],[-6,-12],[-7,-12],[-6,-12],[-7,-11],[-6,-12],[-7,-12],[-6,-11],[-7,-12],[-12,-23],[-13,-24],[-6,-12],[-6,-11],[-6,-12],[-6,-12],[-12,-24],[-11,-24],[-6,-12],[-6,-13],[-5,-12],[-5,-12],[-5,-13],[-5,-12],[-5,-12],[-5,-13],[-5,-12],[-9,-25],[-3,-12],[-4,-12],[-3,-12],[-4,-12],[-3,-12],[-3,-11],[-4,-12],[-2,-12],[-3,-12],[-5,-24],[-3,-12],[-2,-12],[-3,-13],[-4,-24],[-2,-12],[-5,-24],[-1,-12],[-2,-13],[-2,-12],[-2,-12],[-4,-25],[-1,-12],[-2,-12],[-1,-12],[-2,-13],[-3,-24],[-1,-13],[-2,-12],[-1,-12],[-1,-12],[-3,-25],[-1,-12],[-2,-13],[-1,-12],[-1,-12],[-1,-13],[-1,-12],[-2,-12],[0,-12],[-2,-13],[-1,-12],[-1,-12],[-1,-12],[-2,-13],[-1,-12],[-3,-24],[-1,-13],[-2,-12],[-1,-12],[-2,-12],[-2,-12],[-1,-13],[-2,-12],[-2,-12],[-1,-12],[-2,-12],[-2,-12],[-4,-30],[-5,-29],[-4,-30],[-5,-30],[-4,-30],[-5,-30],[-5,-30],[-9,-59],[-4,-30],[-5,-30],[-5,-30],[-4,-30],[-10,-59],[-9,-60],[-10,-59],[-5,-30],[-5,-30],[-5,-30],[-5,-29],[-5,-30],[-4,-30],[-10,-59],[-5,-30],[-5,-30],[-5,-30],[-5,-29],[-10,-60],[-5,-30],[-6,-29],[-5,-30],[-5,-31],[-5,-29],[-6,-30],[-4,-30],[-5,-29],[-6,-30],[-5,-30],[-11,-59],[-5,-30],[-5,-29],[-6,-30],[-10,-59],[-6,-30],[-5,-29],[-6,-30],[-5,-30],[-16,-89],[-6,-29],[-5,-30],[-6,-29],[-5,-29],[-6,-30],[-6,-29],[-5,-30],[-11,-53],[-10,-53],[-11,-53],[-11,-53],[-11,-53],[-11,-53],[-11,-53],[-23,-106],[-12,-52],[-11,-53],[-12,-53],[-12,-53],[-12,-53],[-12,-52],[-13,-53],[-13,-53],[-12,-52],[-13,-53],[-13,-52],[-14,-52],[-14,-53],[-13,-52],[-14,-52],[-14,-52],[-29,-104],[-15,-52],[-15,-52],[-16,-51],[-15,-52],[-16,-52],[-16,-51],[-16,-51],[-17,-52],[-16,-51],[-17,-51],[-17,-50],[-18,-51],[-18,-51],[-18,-50],[-18,-51],[-18,-51],[-19,-50],[-19,-50],[-20,-49],[-20,-50],[-20,-50],[-20,-49],[-20,-49],[-21,-50],[-21,-49],[-22,-49],[-44,-97],[-22,-48],[-24,-48],[-23,-49],[-23,-47],[-24,-48],[-24,-48],[-25,-48],[-25,-47],[-25,-47],[-4,-7],[-5,-7],[-4,-7],[-4,-8],[-5,-7],[-4,-7],[-5,-7],[-10,-15],[-5,-7],[-5,-8],[-6,-7],[-5,-7],[-6,-7],[-6,-8],[-6,-7],[-6,-7],[-6,-7],[-6,-8],[-13,-14],[-13,-14],[-7,-7],[-6,-7],[-8,-6],[-6,-7],[-7,-6],[-8,-7],[-14,-13],[-29,-24],[-8,-6],[-7,-5],[-8,-6],[-15,-11],[-15,-10],[-16,-10],[-15,-9],[-8,-4],[-8,-4],[-15,-8],[-8,-3],[-8,-4],[-15,-6],[-8,-3],[-15,-5],[-8,-2],[-7,-2],[-8,-2],[-7,-1],[-8,-2],[-7,-1],[-15,-1],[-44,0],[-8,1],[-7,0],[-8,0],[-14,1],[-7,1],[-8,1],[-7,0],[-22,3],[-8,1],[-14,2],[-22,5],[-14,3],[-7,1],[-14,4],[-7,2],[-7,2],[-14,4],[-21,8],[-7,2],[-7,3],[-7,2],[-6,3],[-7,3],[-7,3],[-7,3],[-6,3],[-7,3],[-6,4],[-7,3],[-19,11],[-19,12],[-19,12],[-6,4],[-6,4],[-12,9],[-6,5],[-6,5],[-6,5],[-11,10],[-6,5],[-6,6],[-10,12],[-5,6],[-6,7],[-5,6],[-5,7],[-4,7],[-9,15],[-4,8],[-9,16],[-3,8],[-4,8],[-7,17],[-3,9],[-7,18],[-2,9],[-6,18],[-2,10],[-3,9],[-6,29],[-2,9],[-2,10],[-2,10],[-1,10],[-2,10],[-1,10],[-1,10],[-5,50],[0,10],[-1,10],[0,10],[-1,10],[0,39],[1,9],[0,10],[0,9],[1,9],[0,10],[2,18],[0,8],[1,9],[2,9],[1,8],[1,8],[2,16],[29,164],[10,55],[10,55],[10,55],[11,54],[11,55],[11,55],[11,55],[12,54],[11,55],[12,55],[11,55],[12,55],[12,55],[12,55],[11,55],[13,55],[11,55],[12,55],[12,55],[12,55],[12,55],[12,55],[11,55],[12,56],[11,55],[12,55],[11,55],[11,55],[11,56],[11,55],[10,55],[11,55],[10,56],[10,55],[9,56],[9,55],[9,55],[9,56],[16,111],[8,56],[7,56],[7,56],[7,55],[6,56],[5,56],[5,57],[5,55],[9,112],[3,56],[2,57],[3,56],[1,56],[1,56],[1,57],[0,56],[-1,57],[-1,56],[-2,57],[-3,57],[0,8],[-1,9],[-1,17],[-1,8],[-1,18],[-3,18],[-3,18],[-1,10],[-2,9],[-1,10],[-4,19],[-2,9],[-2,10],[-5,20],[-2,10],[-2,10],[-3,10],[-2,9],[-2,10],[-3,10],[-3,10],[-5,20],[-3,9],[-4,10],[-2,10],[-7,20],[-3,10],[-3,10],[-4,9],[-6,19],[-4,10],[-3,9],[-3,10],[-4,9],[-4,10],[-3,9],[-4,9],[-4,9],[-7,18],[-4,9],[-4,9],[-8,17],[-8,17],[-7,16],[-8,16],[-4,7],[-5,8],[-4,7],[-4,8],[-4,7],[-2,3],[-1,3],[-2,3],[-2,2],[-2,3],[-2,3],[-1,3],[-4,6],[-1,2],[-2,3],[-2,3],[-1,3],[-2,3],[-1,3],[-4,5],[-1,3],[-2,3],[-2,2],[-1,3],[-2,3],[-2,3],[-3,5],[-2,3],[-1,3],[-4,5],[-1,3],[-2,3],[-4,5],[-2,3],[-1,3],[-4,5],[-1,3],[-4,5],[-4,5],[-1,3],[-4,5],[-2,3],[-7,10],[-2,3],[-4,5],[-1,3],[-4,5],[-4,5],[-2,3],[-3,5],[-5,6],[-2,3],[-4,6],[-5,6],[-5,7],[-10,12],[-6,5],[-11,11],[-7,5],[-6,5],[-6,5],[-6,5],[-7,4],[-7,4],[-7,5],[-14,8],[-14,7],[-16,6],[-8,2],[-7,3],[-16,5],[-8,2],[-8,2],[-8,2],[-8,2],[-8,1],[-8,1],[-17,2],[-8,1],[-9,0],[-8,1],[-17,0],[-8,-1],[-8,0],[-17,-1],[-16,-2],[-8,-1],[-8,-1],[-8,-1],[-9,-2],[-8,-2],[-15,-4],[-23,-8],[-8,-3],[-14,-6],[-7,-3],[-7,-4],[-7,-3],[-14,-8],[-6,-4],[-6,-5],[-31,-23],[-30,-23],[-29,-25],[-29,-25],[-28,-27],[-26,-27],[-26,-27],[-26,-28],[-24,-29],[-23,-30],[-24,-30],[-22,-31],[-21,-31],[-21,-32],[-21,-33],[-19,-33],[-19,-34],[-19,-34],[-18,-35],[-17,-35],[-16,-35],[-17,-37],[-15,-37],[-15,-36],[-15,-37],[-14,-38],[-14,-38],[-13,-39],[-13,-39],[-12,-39],[-12,-39],[-11,-39],[-12,-40],[-11,-40],[-20,-81],[-10,-41],[-10,-40],[-9,-41],[-9,-41],[-9,-41],[-9,-41],[-9,-41],[-8,-42],[-8,-41],[-8,-41],[-8,-42],[-7,-41],[-8,-41],[-7,-41],[-8,-41],[-7,-41],[-7,-41],[-8,-40],[-7,-41],[-22,-120],[-7,-40],[-16,-78],[-7,-39],[-8,-38],[-8,-39],[-7,-37],[-8,-37],[-7,-37],[-7,-37],[-7,-38],[-7,-37],[-7,-38],[-13,-75],[-7,-38],[-13,-76],[-6,-38],[-6,-38],[-6,-38],[-6,-38],[-6,-38],[-6,-38],[-5,-39],[-6,-38],[-6,-39],[-5,-39],[-6,-38],[-5,-39],[-5,-38],[-5,-39],[-5,-39],[-5,-39],[-5,-39],[-10,-78],[-9,-78],[-10,-80],[-5,-39],[-4,-39],[-5,-40],[-4,-40],[-5,-39],[-5,-40],[-4,-39],[-4,-40],[-16,-160],[-9,-80],[-4,-41],[-5,-40],[-3,-40],[-4,-40],[-12,-122],[-4,-40],[-4,-41],[-4,-41],[-4,-41],[-4,-40],[-4,-41],[-4,-41],[-4,-41]],[[480425,164287],[-35,-7],[-34,-8],[-35,-7],[-34,-8],[-34,-7],[-35,-8],[-34,-7],[-34,-7],[-35,-8],[-34,-7],[-34,-7],[-35,-8],[-35,-7],[-34,-8],[-35,-7],[-34,-8],[-35,-7],[-34,-8],[-34,-7],[-35,-7],[-35,-8],[-34,-7],[-35,-7],[-34,-8],[-34,-7],[-35,-8],[-34,-7],[-34,-8],[-35,-7],[-34,-8],[-34,-7],[-35,-7],[-35,-8],[-34,-7],[-35,-8],[-34,-7],[-35,-8],[-34,-7],[-34,-8],[-35,-7],[-34,-8],[-34,-7],[-35,-7],[-35,-8],[-34,-7],[-35,-7],[-34,-8],[-34,-7],[-35,-8],[-34,-7],[-34,-8],[-35,-7],[-35,-8],[-34,-7],[-35,-7],[-34,-8],[-35,-7],[-34,-7],[-34,-8],[-35,-7],[-34,-8],[-34,-7],[-35,-8],[-35,-7],[-5,0]],[[478215,163812],[-2,29],[-1,28],[-2,29],[-3,28],[-6,56],[-4,28],[-4,27],[-5,28],[-5,28],[-6,28],[-7,27],[-6,27],[-7,28],[-8,27],[-8,27],[-9,27],[-9,28],[-9,27],[-11,27],[-10,28],[-11,27],[-12,27],[-12,28],[-12,27],[-14,28],[-13,28],[-14,27],[-15,28],[-15,28],[-16,28],[-16,28],[-17,28],[-17,28],[-18,29],[-18,28],[-19,29],[-19,29],[-20,30],[-20,29],[-22,30],[-21,29],[-22,31],[-23,30],[-23,31],[-23,31],[-25,31],[-24,31],[-26,31],[-26,32],[-26,33],[-27,32],[-28,33],[-28,33],[-29,34],[-29,33],[-30,34],[-30,35],[-32,35],[-31,36],[-32,35],[-33,36],[-34,37],[-34,37],[-6,6],[-10,12],[-6,5],[-5,6],[-6,6],[-16,18],[-10,12],[-5,5],[-11,12],[-5,6],[-5,6],[-5,5],[-5,6],[-5,6],[-5,5],[-10,11],[-5,6],[-5,5],[-4,6],[-9,11],[-5,5],[-9,10],[-4,5],[-8,10],[-4,5],[-4,4],[-5,5],[-4,5],[-3,4],[-4,5],[-7,8],[-4,5],[-15,20],[-9,10],[-2,4],[-2,3],[-3,3],[-2,3],[-2,3],[-4,6],[-1,2],[-2,3],[-1,2],[-1,2],[-1,2],[-2,2],[-1,4],[-3,5],[-1,3],[-1,3],[-3,6],[-2,7],[-1,4],[-1,4],[-1,4],[-1,4],[-3,9],[-2,9],[-2,10],[-2,10],[-3,11],[-1,5],[-1,6],[-1,6],[-2,12],[-1,6],[-1,6],[-2,13],[-1,7],[-1,7],[-1,6],[-2,14],[-3,21],[0,8],[-1,7],[0,7],[-2,15],[-1,8],[-1,8],[0,7],[-1,16],[-1,8],[-2,40],[0,8],[0,8],[-1,8],[0,8],[0,8],[0,17],[-1,8],[0,19],[-1,18],[0,19],[-1,18],[-1,19],[0,19],[0,19],[-1,19],[0,19],[-1,18],[0,19],[-1,19],[0,19],[-1,18],[0,19],[-1,19],[0,19],[-1,18],[0,19],[-2,38],[-1,18],[0,19],[-1,19],[-1,18],[-2,19],[-1,18],[-2,37],[-2,19],[-1,18],[-6,56],[-2,18],[-5,37],[-4,36],[-6,36],[-6,36],[-4,18],[-3,17],[-3,18],[-4,18],[-4,17],[-5,17],[-4,18],[-5,17],[-5,17],[-5,17],[-4,17],[-6,17],[-6,17],[-6,17],[-6,16],[-6,16],[-7,16],[-6,17],[-15,32],[-8,16],[-3,7],[-3,8],[-13,22],[-9,15],[-4,7],[-5,7],[-6,8],[-5,7],[-5,8],[-5,7],[-12,15],[-6,7],[-6,7],[-6,8],[-7,7],[-6,7],[-7,8],[-6,7],[-7,7],[-14,14],[-7,7],[-7,7],[-15,14],[-7,6],[-8,7],[-15,13],[-7,6],[-16,13],[-7,6],[-17,12],[-15,11],[-8,6],[-8,5],[-8,6],[-8,5],[-8,5],[-8,5],[-8,5],[-7,5],[-8,5],[-9,4],[-15,8],[-8,4],[-8,4],[-7,4],[-8,4],[-8,3],[-7,3],[-8,3],[-7,3],[-7,3],[-7,3],[-8,2],[-21,7],[-21,6],[-21,5],[-22,6],[-22,5],[-21,5],[-21,4],[-22,4],[-22,4],[-22,4],[-22,3],[-22,3],[-22,3],[-22,3],[-66,8],[-23,2],[-22,2],[-22,2],[-22,2],[-23,2],[-23,2],[-22,2],[-22,2],[-23,1],[-22,2],[-23,1],[-22,2],[-23,2],[-22,1],[-45,4],[-22,2],[-22,2],[-23,3],[-44,5],[-22,2],[-22,4],[-22,3],[-44,7],[-22,4],[-44,9],[-21,5],[-22,5],[-22,6],[-21,5],[-21,7],[-21,6],[-43,14],[-42,16],[-20,9],[-21,9],[-20,10],[-21,10],[-20,11],[-20,11],[-20,11],[-20,12],[-7,4],[-6,5],[-6,5],[-19,15],[-6,5],[-13,12],[-6,6],[-17,20],[-12,14],[-11,14],[-11,15],[-11,16],[-10,16],[-5,8],[-4,8],[-5,8],[-5,9],[-5,8],[-4,9],[-5,9],[-4,8],[-9,18],[-4,9],[-8,18],[-4,9],[-4,10],[-4,9],[-3,9],[-4,10],[-6,18],[-6,19],[-4,9],[-2,9],[-7,18],[-2,9],[-2,9],[-3,9],[-3,9],[-4,18],[-4,17],[-2,8],[-3,17],[-2,9],[-1,8],[-1,8],[-2,8],[-11,75],[-12,76],[-13,76],[-14,77],[-14,76],[-15,77],[-16,77],[-15,77],[-17,77],[-16,78],[-18,77],[-17,78],[-18,78],[-17,78],[-19,78],[-18,78],[-18,78],[-18,79],[-18,78],[-18,79],[-17,78],[-35,158],[-16,78],[-17,79],[-16,79],[-15,78],[-16,79],[-14,79],[-14,79],[-13,78],[-12,79],[-12,78],[-10,78],[-10,79],[-9,78],[-8,79],[-6,77],[-6,78],[-5,78],[-4,77],[-2,78],[-1,77],[1,77],[2,77],[3,77],[5,77],[6,76],[8,76],[10,76],[11,76],[13,75],[15,75],[17,75],[18,74],[21,75],[23,74],[25,73],[26,73],[29,73],[31,73],[33,73],[37,71],[37,72],[4,7],[4,7],[4,7],[4,8],[3,8],[4,8],[4,7],[7,16],[9,17],[7,17],[4,9],[3,9],[8,17],[3,9],[4,9],[4,9],[4,10],[3,9],[3,9],[4,10],[4,9],[3,10],[3,9],[4,9],[3,10],[7,19],[3,10],[6,19],[3,10],[6,19],[3,10],[2,9],[3,10],[3,10],[3,9],[2,10],[3,9],[9,38],[1,9],[3,10],[2,9],[2,9],[3,18],[2,9],[3,17],[2,9],[1,9],[1,8],[1,8],[1,9],[2,20],[2,13],[1,5],[2,22],[0,4],[1,5],[0,4],[0,4],[1,5],[1,13],[1,9],[1,9],[0,5],[0,4],[1,4],[0,5],[0,4],[1,4],[0,5],[1,9],[0,9],[1,9],[0,8],[0,4],[1,5],[0,9],[0,9],[0,18],[1,8],[0,40],[1,4],[0,22],[-1,8],[0,8],[0,9],[-1,8],[0,9],[-1,8],[-1,9],[-3,18],[-1,9],[-1,9],[-2,9],[-2,9],[-2,9],[-2,10],[-2,9],[-2,9],[-3,10],[-2,9],[-3,10],[-2,10],[-7,19],[-2,10],[-4,10],[-6,19],[-7,20],[-4,9],[-3,10],[-8,19],[-4,9],[-8,19],[-4,10],[-8,19],[-9,18],[-5,9],[-9,18],[-4,9],[-5,9],[-5,8],[-4,9],[-5,8],[-5,8],[-15,24],[-5,8],[-5,8],[-15,21],[-5,7],[-5,7],[-5,6],[-11,13],[-20,22],[-15,16],[-15,15],[-16,15],[-16,15],[-15,15],[-16,14],[-17,14],[-17,13],[-16,14],[-17,12],[-17,13],[-17,12],[-18,13],[-18,12],[-18,12],[-36,23],[-18,11],[-19,11],[-18,11],[-19,11],[-18,11],[-19,10],[-19,10],[-19,10],[-19,10],[-19,10],[-19,11],[-20,10],[-19,10],[-19,9],[-19,10],[-20,10],[-19,9],[-20,10],[-19,10],[-20,9],[-19,10],[-20,10],[-38,20],[-19,10],[-20,10],[-19,10],[-19,10],[-19,10],[-19,11],[-19,10],[-19,11],[-19,11],[-18,11],[-19,11],[-18,12],[-19,11],[-18,12],[-18,12],[-18,12],[-17,13],[-18,13],[-34,26],[-17,13],[-17,14],[-6,6],[-6,5],[-18,18],[-5,6],[-12,13],[-6,7],[-11,14],[-5,7],[-6,7],[-11,15],[-10,17],[-5,8],[-5,8],[-5,8],[-5,9],[-9,17],[-5,8],[-4,9],[-5,9],[-4,9],[-9,18],[-4,9],[-4,9],[-8,18],[-4,10],[-4,9],[-3,9],[-7,19],[-4,9],[-6,19],[-3,10],[-3,9],[-3,10],[-3,9],[-2,9],[-2,10],[-3,9],[-2,9],[-2,10],[-2,9],[-4,18],[-2,9],[-1,9],[-3,18],[-1,9],[-2,17],[-1,9],[0,9],[-1,8],[0,8],[-3,98],[-1,96],[2,97],[6,95],[8,96],[10,95],[14,95],[15,94],[18,94],[21,93],[22,94],[25,93],[27,93],[28,92],[31,92],[32,92],[34,93],[35,91],[37,91],[38,91],[40,91],[40,91],[42,91],[43,90],[43,90],[44,90],[45,90],[46,90],[47,90],[46,90],[47,89],[47,90],[47,90],[48,89],[47,90],[48,89],[47,90],[47,89],[46,90],[46,90],[45,89],[45,90],[44,90],[43,90],[42,90],[40,90],[40,91],[39,90],[37,90],[36,91],[35,91],[32,91],[32,92],[28,91],[28,92],[25,92],[23,92],[21,93],[19,93],[16,93],[14,93],[12,94],[9,94],[6,95],[1,8],[-1,8],[0,8],[0,8],[-1,8],[-1,8],[-1,8],[-2,16],[-2,9],[-4,16],[-2,8],[-7,25],[-2,8],[-13,32],[-3,7],[-4,8],[-7,15],[-8,15],[-5,7],[-4,7],[-4,8],[-5,7],[-5,7],[-5,7],[-10,13],[-5,7],[-5,6],[-6,6],[-5,7],[-18,16],[-6,6],[-6,5],[-6,5],[-6,5],[-6,5],[-7,4],[-6,5],[-7,4],[-6,4],[-7,4],[-6,3],[-8,4],[-6,3],[-8,3],[-6,3],[-8,2],[-14,4],[-7,2],[-8,2],[-14,2],[-8,1],[-15,1],[-15,2],[-9,0],[-7,1],[-16,2],[-7,0],[-16,1],[-7,1],[-8,1],[-15,1],[-16,1],[-7,1],[-16,1],[-8,0],[-7,1],[-16,2],[-7,0],[-8,1],[-8,1],[-7,1],[-15,1],[-16,2],[-7,0],[-8,1],[-14,2],[-16,2],[-14,2],[-8,2],[-8,1],[-7,1],[-7,1],[-8,2],[-14,3],[-15,3],[-7,1],[-14,4],[-7,2],[-15,4],[-14,4],[-7,2],[-14,5],[-21,7],[-7,3],[-7,3],[-7,3],[-7,4],[-7,4],[-6,4],[-7,4],[-6,5],[-6,5],[-6,5],[-6,6],[-6,5],[-6,6],[-6,6],[-6,6],[-5,7],[-6,7],[-5,7],[-5,7],[-5,7],[-10,15],[-5,7],[-4,8],[-5,8],[-4,8],[-4,9],[-4,8],[-4,9],[-4,8],[-4,9],[-7,17],[-3,9],[-3,9],[-3,9],[-3,9],[-3,9],[-2,9],[-3,10],[-2,9],[-2,9],[-2,9],[-2,10],[-2,9],[-1,9],[-2,10],[0,9],[-2,18],[-1,10],[-1,9],[0,9],[0,35],[1,17],[2,17],[1,9],[1,8],[2,8],[8,37],[8,36],[10,37],[10,36],[11,36],[12,35],[13,36],[13,35],[13,34],[15,35],[15,34],[16,34],[16,34],[17,33],[17,34],[18,33],[19,33],[18,32],[20,33],[20,33],[20,32],[20,32],[22,32],[21,31],[43,63],[22,31],[23,31],[23,31],[23,31],[47,61],[23,30],[24,31],[24,31],[24,30],[24,30],[24,30],[25,30],[24,29],[24,30],[24,30],[25,29],[24,30],[24,29],[24,30],[24,29],[23,30],[24,29],[23,30],[23,29],[24,30],[45,59],[22,29],[22,29],[21,30],[22,29],[20,30],[21,29],[20,30],[20,29],[19,30],[19,30],[11,17],[11,20],[13,20],[13,23],[14,23],[14,26],[14,27],[15,28],[16,29],[15,30],[16,31],[17,33],[16,33],[16,34],[16,35],[17,36],[17,37],[16,37],[16,38],[16,38],[30,78],[15,40],[15,40],[14,40],[13,40],[13,40],[12,41],[12,40],[10,40],[10,40],[9,40],[9,40],[7,40],[6,38],[5,39],[4,38],[3,37],[1,37],[1,36],[-1,35],[-3,35],[-4,34],[-5,32],[-7,32],[-8,30],[-11,29],[-11,29],[-14,27],[-15,26],[-18,24],[-19,23],[-21,22],[-23,19],[-25,19],[-28,16],[-29,15],[-32,13],[-34,11],[-37,9],[-39,7],[-41,6],[-44,2],[-46,1],[-23,0],[-23,-1],[-22,-2],[-23,-2],[-22,-3],[-22,-4],[-23,-5],[-21,-5],[-22,-6],[-21,-7],[-21,-7],[-21,-7],[-21,-9],[-21,-8],[-21,-10],[-20,-10],[-20,-10],[-21,-11],[-20,-11],[-19,-12],[-20,-12],[-20,-12],[-20,-13],[-19,-13],[-20,-13],[-19,-14],[-19,-14],[-19,-14],[-19,-15],[-57,-45],[-18,-15],[-19,-16],[-19,-15],[-19,-16],[-18,-16],[-19,-16],[-18,-16],[-18,-16],[-18,-16],[-19,-16],[-18,-15],[-18,-16],[-19,-16],[-18,-15],[-19,-16],[-18,-15],[-18,-15],[-18,-16],[-19,-14],[-18,-15],[-18,-14],[-19,-15],[-19,-14],[-18,-13],[-19,-14],[-19,-13],[-18,-12],[-19,-13],[-19,-12],[-19,-11],[-19,-11],[-19,-11],[-18,-10],[-18,-10],[-36,-19],[-19,-9],[-18,-10],[-19,-9],[-19,-9],[-19,-9],[-19,-9],[-19,-8],[-19,-9],[-19,-9],[-20,-8],[-19,-9],[-60,-24],[-20,-8],[-20,-7],[-20,-8],[-20,-8],[-21,-7],[-40,-14],[-21,-7],[-21,-7],[-42,-14],[-20,-6],[-22,-7],[-41,-12],[-22,-6],[-21,-6],[-21,-5],[-21,-6],[-22,-5],[-21,-6],[-43,-10],[-21,-4],[-22,-5],[-21,-4],[-21,-5],[-22,-4],[-22,-4],[-21,-4],[-21,-3],[-43,-7],[-43,-6],[-22,-3],[-21,-3],[-21,-2],[-21,-3],[-22,-2],[-21,-2],[-22,-2],[-42,-3],[-21,-1],[-21,-1],[-7,-1],[-8,0],[-8,0],[-7,-1],[-8,-1],[-8,0],[-8,-1],[-16,-2],[-16,-2],[-8,-1],[-8,-1],[-8,-2],[-25,-4],[-8,-2],[-9,-1],[-8,-2],[-8,-2],[-9,-2],[-9,-1],[-16,-4],[-8,-2],[-9,-2],[-8,-2],[-8,-3],[-8,-2],[-9,-2],[-7,-3],[-16,-5],[-8,-2],[-8,-3],[-8,-3],[-8,-3],[-8,-2],[-8,-3],[-7,-3],[-16,-6],[-7,-3],[-7,-3],[-7,-4],[-8,-3],[-14,-7],[-7,-3],[-7,-3],[-6,-4],[-7,-3],[-6,-4],[-6,-4],[-6,-4],[-6,-3],[-6,-4],[-12,-8],[-11,-8],[-5,-5],[-4,-4],[-5,-4],[-5,-5],[-4,-4],[-9,-10],[-18,-22],[-5,-6],[-4,-6],[-9,-13],[-8,-13],[-9,-14],[-4,-7],[-4,-8],[-16,-30],[-9,-16],[-3,-8],[-4,-8],[-4,-8],[-3,-8],[-4,-8],[-4,-9],[-11,-25],[-3,-9],[-6,-17],[-4,-9],[-6,-17],[-7,-18],[-2,-9],[-4,-9],[-3,-9],[-3,-8],[-2,-9],[-3,-9],[-3,-9],[-3,-9],[-2,-8],[-3,-9],[-3,-9],[-9,-34],[-2,-9],[-2,-8],[-2,-9],[-3,-16],[-2,-8],[-2,-8],[-28,-156],[-30,-156],[-31,-156],[-32,-156],[-34,-155],[-35,-154],[-36,-154],[-37,-154],[-38,-153],[-39,-153],[-39,-153],[-41,-152],[-42,-152],[-42,-151],[-43,-151],[-44,-151],[-44,-151],[-45,-150],[-45,-149],[-45,-151],[-93,-298],[-46,-149],[-47,-148],[-47,-149],[-48,-148],[-47,-148],[-47,-148],[-47,-147],[-47,-148],[-47,-146],[-47,-147],[-46,-147],[-47,-147],[-45,-146],[-46,-147],[-45,-146],[-44,-146],[-44,-146],[-43,-146],[-42,-145],[-42,-146],[-41,-146],[-40,-145],[-39,-146],[-38,-145],[-38,-146],[-36,-145],[-35,-145],[-34,-145],[-33,-146],[-31,-145],[-30,-145],[-29,-146],[-27,-145],[-26,-145],[-25,-146],[-22,-145],[-21,-146],[-20,-146],[-18,-146],[-15,-146],[-14,-145],[-12,-147],[-6,-98],[-4,-98],[0,-98],[3,-98],[5,-97],[7,-97],[10,-97],[11,-96],[14,-96],[16,-96],[18,-96],[19,-95],[22,-95],[22,-96],[24,-94],[25,-95],[26,-94],[27,-94],[28,-94],[29,-94],[30,-93],[31,-94],[30,-92],[31,-93],[30,-94],[31,-92],[32,-93],[30,-92],[31,-92],[30,-93],[29,-92],[29,-91],[28,-92],[27,-91],[26,-92],[26,-91],[24,-91],[22,-91],[20,-91],[20,-91],[18,-92],[15,-90],[14,-91],[12,-91],[9,-90],[7,-90],[5,-91],[2,-91],[-1,-90],[-3,-90],[-6,-91],[-10,-90],[-12,-90],[-16,-91],[-19,-90],[-22,-90],[-27,-91],[-30,-90],[-34,-91],[-37,-90],[-42,-90],[-46,-90],[-51,-91],[-55,-91],[-8,-14],[-4,-7],[-13,-22],[-4,-8],[-12,-24],[-4,-8],[-4,-8],[-4,-9],[-4,-8],[-4,-9],[-3,-8],[-4,-9],[-4,-9],[-4,-9],[-7,-18],[-4,-9],[-3,-9],[-3,-9],[-4,-10],[-3,-9],[-3,-9],[-3,-10],[-6,-19],[-6,-19],[-2,-9],[-3,-10],[-9,-38],[-2,-9],[-2,-10],[-2,-10],[-1,-9],[-2,-9],[-2,-10],[-1,-9],[-2,-19],[-2,-18],[0,-9],[-1,-9],[0,-26],[1,-9],[0,-9],[1,-8],[2,-17],[1,-8],[1,-8],[2,-8],[1,-8],[2,-8],[5,-20],[5,-19],[5,-20],[6,-19],[6,-20],[6,-19],[7,-19],[6,-19],[7,-19],[8,-19],[7,-19],[8,-19],[8,-19],[9,-19],[8,-19],[8,-18],[9,-19],[9,-18],[9,-18],[9,-19],[9,-18],[10,-18],[9,-18],[10,-19],[10,-18],[10,-18],[10,-18],[10,-18],[10,-18],[11,-18],[10,-18],[21,-35],[10,-18],[11,-18],[10,-18],[11,-18],[11,-18],[10,-18],[10,-18],[21,-36],[11,-18],[11,-18],[10,-18],[10,-19],[11,-18],[10,-18],[10,-18],[10,-18],[10,-18],[9,-18],[10,-19],[10,-18],[9,-18],[9,-19],[10,-18],[9,-19],[9,-19],[17,-37],[8,-19],[8,-19],[8,-19],[3,-7],[3,-8],[2,-7],[4,-16],[3,-8],[2,-9],[2,-8],[1,-9],[4,-18],[2,-9],[2,-9],[1,-10],[1,-9],[1,-9],[1,-10],[2,-9],[1,-19],[1,-10],[1,-10],[0,-10],[1,-10],[0,-10],[1,-10],[0,-11],[0,-50],[0,-10],[-1,-11],[0,-10],[-1,-10],[-1,-10],[0,-10],[-1,-11],[-1,-20],[-2,-10],[-1,-10],[-1,-10],[-1,-9],[-3,-20],[-3,-19],[-3,-19],[-2,-9],[-2,-9],[-2,-10],[-2,-9],[-2,-9],[-9,-34],[-5,-16],[-3,-8],[-2,-8],[-1,-1],[0,-3],[-1,-2],[0,-2],[-2,-3],[0,-1],[0,-1],[-1,-2],[-1,-3],[-1,-2],[0,-2],[0,-1],[-1,-2],[-1,-2],[-1,-4],[-1,-1],[-1,-2],[-1,-3],[0,-2],[-1,-3],[-1,-1],[-1,-1],[0,-2],[-2,-4],[-1,-1],[-1,-2],[0,-2],[-1,-1],[-1,-1],[0,-1],[-1,-1],[0,-1],[0,-2],[-1,-1],[-1,-1],[0,-1],[-1,-2],[-1,-3],[-2,-2],[0,-2],[-1,-2],[-3,-7],[-4,-7],[-3,-8],[-4,-7],[-3,-7],[-4,-7],[-5,-8],[-5,-7],[-4,-7],[-10,-14],[-22,-28],[-11,-14],[-7,-7],[-19,-20],[-7,-6],[-6,-7],[-14,-12],[-7,-6],[-7,-7],[-15,-12],[-7,-5],[-8,-6],[-7,-6],[-16,-11],[-8,-5],[-8,-5],[-7,-5],[-8,-5],[-9,-5],[-7,-4],[-8,-5],[-8,-4],[-8,-5],[-8,-4],[-17,-8],[-24,-10],[-8,-4],[-8,-3],[-8,-3],[-9,-2],[-15,-5],[-8,-3],[-8,-2],[-16,-4],[-15,-3],[-15,-2],[-8,0],[-57,-5],[-57,-3],[-57,0],[-56,1],[-56,4],[-56,6],[-55,8],[-54,9],[-54,12],[-54,13],[-53,15],[-53,17],[-53,18],[-52,20],[-53,22],[-51,23],[-52,24],[-51,26],[-52,27],[-51,28],[-51,29],[-51,31],[-50,32],[-51,32],[-51,34],[-50,35],[-50,35],[-51,36],[-50,36],[-51,37],[-50,38],[-51,38],[-50,39],[-51,39],[-51,40],[-51,39],[-51,40],[-103,82],[-52,40],[-52,41],[-52,40],[-53,40],[-53,40],[-52,40],[-54,39],[-54,40],[-54,38],[-55,39],[-55,37],[-55,38],[-56,37],[-57,35],[-57,35],[-58,34],[-58,34],[-58,32],[-59,32],[-60,30],[-60,29],[-61,28],[-62,26],[-62,26],[-63,24],[-13,5],[-12,5],[-40,13],[-13,4],[-13,4],[-13,4],[-13,4],[-26,7],[-14,3],[-14,3],[-13,4],[-13,3],[-27,6],[-14,3],[-13,3],[-13,3],[-13,2],[-14,3],[-54,10],[-14,2],[-27,5],[-27,4],[-28,5],[-27,4],[-27,5],[-14,2],[-13,2],[-14,3],[-27,5],[-14,2],[-14,2],[-27,5],[-13,3],[-14,3],[-13,2],[-14,3],[-13,3],[-14,3],[-13,3],[-27,6],[-27,7],[-27,7],[-13,4],[-13,4],[-13,4],[-14,5],[-13,4],[-72,23],[-71,24],[-71,24],[-70,24],[-70,25],[-69,24],[-68,24],[-67,25],[-68,24],[-66,25],[-66,25],[-65,26],[-64,26],[-64,26],[-64,26],[-62,27],[-62,27],[-61,27],[-121,56],[-59,28],[-59,29],[-58,30],[-58,30],[-56,30],[-57,31],[-56,32],[-54,32],[-54,33],[-54,34],[-53,34],[-53,36],[-52,36],[-51,36],[-50,37],[-50,38],[-49,39],[-48,40],[-48,41],[-47,41],[-47,43],[-45,43],[-46,44],[-44,46],[-44,46],[-43,48],[-43,48],[-42,50],[-41,50],[-41,52],[-39,53],[-40,54],[-38,56],[-38,57],[-38,57],[-36,59],[-36,61],[-36,61],[-34,63],[-34,64],[-34,66],[-32,67],[-32,69],[-32,70],[-2,4],[-1,2],[-2,3],[0,1],[-2,2],[-3,5],[-1,1],[0,1],[-1,1],[-2,3],[-1,1],[0,2],[-1,1],[-3,4],[-1,2],[-2,3],[-2,2],[-1,2],[-4,4],[-1,1],[-1,2],[-1,2],[-8,8],[-3,3],[-1,1],[-4,4],[-1,1],[-2,2],[-1,1],[-1,1],[-1,1],[-1,1],[-1,0],[-2,1],[-1,2],[-1,1],[-1,1],[-2,1],[-1,1],[-4,2],[0,1],[-6,3],[-1,0],[-3,2],[-1,0],[-2,1],[-2,0],[-2,1],[-1,0],[-2,0],[-1,1],[-1,0],[-2,1],[-1,0],[-1,0],[-2,1],[0,0],[-2,0],[-1,1],[-1,0],[-1,0],[-1,1],[-1,0],[-3,1],[-1,0],[-1,0],[-2,1],[-1,0],[-1,0],[-1,1],[-3,0],[-3,1],[-1,0],[-3,1]],[[462333,171744],[8,16],[9,17],[7,18],[8,19],[8,19],[8,20],[7,21],[8,21],[7,22],[8,22],[7,24],[8,23],[7,24],[7,24],[7,25],[14,51],[7,26],[7,27],[7,27],[7,27],[7,28],[7,28],[7,28],[6,29],[7,29],[7,29],[7,30],[7,31],[6,30],[7,30],[7,31],[7,31],[6,31],[7,31],[7,31],[6,31],[7,32],[6,31],[7,32],[7,32],[7,32],[7,31],[6,32],[7,33],[14,63],[7,31],[6,32],[7,31],[7,32],[7,31],[7,31],[7,31],[7,31],[7,30],[7,30],[8,31],[7,29],[7,30],[7,30],[8,29],[15,57],[10,39],[11,39],[11,40],[13,40],[12,42],[14,41],[13,43],[15,42],[15,44],[15,44],[16,44],[16,45],[17,46],[16,45],[17,47],[18,46],[18,47],[18,47],[18,48],[19,48],[19,49],[19,48],[19,49],[20,49],[19,49],[40,99],[19,50],[20,49],[20,50],[20,51],[40,100],[20,51],[19,50],[20,50],[19,50],[19,51],[19,50],[19,50],[19,51],[18,49],[18,50],[18,49],[17,50],[18,49],[16,49],[17,48],[15,49],[16,48],[15,48],[15,48],[14,47],[14,46],[13,47],[12,46],[13,45],[11,45],[11,45],[10,44],[10,44],[8,44],[8,42],[8,42],[2,17],[3,17],[6,34],[2,17],[3,17],[2,16],[2,17],[5,33],[2,16],[3,17],[1,16],[3,17],[2,16],[2,16],[1,16],[2,17],[2,16],[3,32],[3,32],[1,16],[3,32],[1,15],[1,16],[1,15],[2,16],[0,16],[2,31],[1,15],[0,15],[1,16],[1,15],[0,15],[0,15],[1,16],[0,15],[1,30],[0,60],[-1,29],[0,15],[-1,15],[0,15],[0,15],[-1,15],[-1,15],[0,15],[-1,14],[-1,15],[-1,15],[0,14],[-2,29],[-2,15],[-1,14]],[[463232,179282],[-17,26],[-17,25],[-17,26],[-35,51],[-18,26],[-18,26],[-18,26],[-19,26],[-18,26],[-19,25],[-19,26],[-19,27],[-19,26],[-20,26],[-39,53],[-21,26],[-20,27],[-20,26],[-20,27],[-21,27],[-21,27],[-21,27],[-21,27],[-22,27],[-22,27],[-21,27],[-45,55],[-22,28],[-23,28],[-23,28],[-46,56],[-23,28],[-23,28],[-24,29],[-24,28],[-48,58],[-48,58],[-25,29],[-50,59],[-50,59],[-26,30],[-25,30],[-26,31],[-26,30],[-27,31],[-26,30],[-26,31],[-27,31],[-27,31],[-27,32],[-27,31],[-28,32],[-27,32],[-28,32],[-27,32],[-28,32],[-54,63],[-53,63],[-53,63],[-53,63],[-53,64],[-53,63],[-53,64],[-52,63],[-52,63],[-105,127],[-52,63],[-53,63],[-52,63],[-53,63],[-53,62],[-52,62],[-53,62],[-53,62],[-53,61],[-53,61],[-54,60],[-54,60],[-55,59],[-54,59],[-55,58],[-55,58],[-56,57],[-56,57],[-56,56],[-57,55],[-57,54],[-58,53],[-58,53],[-59,52],[-60,51],[-60,50],[-60,50],[-61,49],[-62,47],[-62,46],[-63,46],[-64,44],[-64,43],[-66,42],[-66,41],[-66,40],[-68,38],[-69,38],[-69,36],[-70,34],[-72,34],[-72,32],[-73,30],[-73,29],[-76,28],[-75,26],[-77,24],[-78,23],[-80,22],[-80,19],[-82,19],[-82,16],[-84,15],[-4,0],[-6,1],[-6,2],[-4,1],[-9,1],[-7,1],[-3,1],[-9,2],[-10,1],[-3,1],[-13,2],[-3,1],[-6,1],[-3,1],[-13,2],[-3,1],[-6,1],[-4,1],[-12,2],[-7,2],[-6,1],[-6,2],[-13,2],[-6,2],[-3,1],[-4,0],[-6,2],[-7,1],[-6,2],[-7,2],[-7,1],[-3,1]],[[457657,184250],[-51,13],[-50,13],[-51,14],[-50,16],[-50,15],[-49,17],[-50,17],[-48,18],[-49,19],[-49,19],[-47,20],[-48,20],[-48,21],[-48,22],[-47,22],[-47,23],[-47,23],[-47,23],[-46,24],[-47,25],[-47,25],[-46,25],[-46,25],[-45,26],[-46,26],[-46,26],[-45,27],[-46,26],[-91,54],[-46,27],[-45,27],[-46,27],[-90,55],[-46,27],[-45,27],[-45,28],[-46,27],[-46,27],[-45,27],[-46,26],[-46,27],[-46,26],[-46,27],[-46,26],[-47,26],[-46,25],[-46,25],[-47,25],[-47,24],[-47,24],[-47,24],[-48,23],[-47,22],[-48,22],[-49,22],[-48,21],[-48,20],[-49,20],[-50,19],[-49,19],[-50,18],[-50,17],[-78,25],[-79,25],[-79,23],[-80,22],[-81,21],[-81,19],[-82,18],[-82,17],[-82,16],[-84,14],[-83,14],[-84,12],[-84,11],[-85,10],[-85,9],[-86,8],[-86,6],[-86,6],[-86,5],[-87,3],[-87,3],[-87,1],[-88,1],[-88,-1],[-87,-1],[-89,-2],[-88,-4],[-88,-4],[-89,-5],[-88,-6],[-89,-7],[-88,-8],[-89,-8],[-89,-10],[-88,-10],[-89,-11],[-89,-12],[-88,-13],[-89,-14],[-88,-14],[-89,-15],[-88,-16],[-88,-17],[-88,-17],[-88,-18],[-87,-20],[-87,-19],[-87,-20],[-87,-21],[-86,-21],[-86,-22],[-86,-23],[-85,-23],[-85,-24],[-85,-24],[-84,-24],[-84,-26],[-83,-26],[-83,-26],[-82,-27],[-82,-28],[-81,-27],[-81,-29],[-81,-28],[-66,-24],[-68,-25],[-67,-24],[-69,-24],[-69,-25],[-70,-24],[-70,-25],[-71,-25],[-71,-25],[-72,-26],[-73,-25],[-72,-26],[-74,-26],[-148,-53],[-75,-26],[-76,-27],[-76,-28],[-76,-27],[-77,-28],[-77,-29],[-77,-28],[-78,-29],[-77,-29],[-79,-30],[-78,-29],[-79,-31],[-80,-30],[-79,-31],[-80,-32],[-79,-32],[-80,-32],[-80,-32],[-161,-67],[-81,-34],[-81,-35],[-81,-36],[-81,-35],[-80,-36],[-81,-36],[-82,-37],[-81,-38],[-81,-38],[-81,-39],[-81,-39],[-82,-40],[-81,-40],[-81,-41],[-80,-42],[-81,-42],[-80,-43],[-81,-44],[-161,-89],[-79,-45],[-80,-46],[-80,-47],[-79,-48],[-79,-48],[-79,-49],[-79,-50],[-78,-50],[-78,-51],[-13,-9],[-13,-9],[-14,-9],[-28,-18],[-14,-9],[-15,-10],[-30,-20],[-16,-9],[-15,-10],[-17,-10],[-16,-10],[-33,-21],[-17,-10],[-18,-10],[-35,-21],[-18,-10],[-19,-10],[-18,-10],[-19,-10],[-38,-20],[-19,-10],[-20,-10],[-20,-9],[-20,-10],[-20,-9],[-20,-10],[-41,-18],[-42,-17],[-21,-9],[-22,-8],[-21,-8],[-22,-8],[-22,-7],[-22,-8],[-22,-7],[-23,-6],[-22,-7],[-23,-6],[-22,-6],[-23,-5],[-23,-6],[-23,-5],[-23,-4],[-24,-4],[-23,-4],[-23,-4],[-24,-3],[-24,-2],[-23,-3],[-24,-2],[-24,-1],[-25,-1],[-24,0],[-48,0],[-24,1],[-24,1],[-16,1],[-7,1],[-22,3],[-7,1],[-15,2],[-7,2],[-7,1],[-7,1],[-6,2],[-7,2],[-7,1],[-13,3],[-6,2],[-6,2],[-13,4],[-12,4],[-5,2],[-17,6],[-5,2],[-6,2],[-5,2],[-5,3],[-10,4],[-9,5],[-4,2],[-4,2],[-8,5],[-15,8],[-6,4],[-3,2],[-8,6],[-5,4],[-2,2],[-2,2],[-2,1],[-4,5],[-3,5],[-1,4],[0,52],[1,94],[0,94],[1,95],[3,189],[5,473],[0,94],[2,95],[1,94],[1,94],[3,284],[1,95],[1,94],[1,94],[1,95],[1,94],[1,95],[1,94],[1,95],[1,95],[2,94],[1,189],[1,94],[1,94],[2,95],[1,95],[1,94],[1,94],[1,95],[1,95],[1,94],[1,94],[3,284],[1,95],[1,94],[2,95],[1,94],[0,95],[2,189],[1,94],[1,94],[1,95],[2,95],[2,189],[1,94],[1,190],[1,94],[2,94],[1,95],[1,94],[2,189]],[[442719,188896],[539,-3],[540,-3],[540,-3],[540,-3],[1079,-6],[540,-3],[541,-3],[540,-3],[540,-3],[539,-3],[1080,-6],[540,-3],[540,-3],[539,-3],[1080,-6],[540,-3],[540,-3],[539,-3],[1080,-6],[540,-3],[541,-3],[539,-3],[1080,-6],[540,-3],[540,-3],[539,-3],[1080,-7],[1080,-6],[539,-3],[540,-3],[540,-3],[540,-3],[540,-3],[540,-3],[540,-3],[540,-3],[1080,-6],[539,-3],[540,-3],[540,-3],[1080,-6],[539,-3],[541,-3],[540,-3],[540,-3],[539,-3],[1080,-6],[540,-3],[540,-3],[540,-3],[1079,-6],[540,-3],[540,-3]],[[525967,233552],[1,-1],[2,-3],[0,-1],[2,-2],[0,-1],[2,-2],[1,-2],[1,-1],[0,-1],[2,-2],[1,-1],[1,-2],[1,-2],[2,-2],[1,-2],[0,-1],[2,-2],[1,-2],[2,-2],[1,-2],[1,-2],[1,-2],[2,-2],[1,-2],[2,-2],[0,-1],[1,-1],[1,-2],[1,-2],[2,-2],[1,-1],[1,-2],[1,-1],[1,-2],[3,-3],[0,-1],[1,-1],[1,-1],[0,-1],[1,-2],[2,-2],[1,-1],[1,-2],[2,-2],[11,-13],[3,-3],[5,-5],[2,-3],[6,-7],[3,-3],[27,-30],[8,-8],[4,-4],[21,-24],[4,-4],[5,-5],[9,-10],[5,-5],[5,-5],[9,-11],[5,-5],[10,-11],[5,-5],[5,-5],[10,-11],[17,-17],[5,-6],[10,-11],[6,-6],[5,-6],[6,-5],[6,-6],[5,-6],[5,-6],[17,-18],[5,-6],[6,-6],[110,-122],[100,-121],[92,-120],[83,-119],[75,-117],[66,-116],[59,-115],[51,-113],[43,-113],[36,-112],[30,-110],[22,-109],[16,-109],[10,-107],[3,-106],[-2,-105],[-8,-104],[-13,-105],[-18,-102],[-23,-102],[-28,-102],[-32,-100],[-36,-100],[-41,-99],[-43,-98],[-48,-98],[-51,-97],[-53,-97],[-56,-96],[-59,-96],[-62,-95],[-63,-94],[-65,-95],[-66,-94],[-67,-93],[-70,-93],[-69,-93],[-70,-93],[-71,-92],[-71,-92],[-71,-92],[-140,-183],[-69,-91],[-68,-91],[-67,-92],[-65,-91],[-64,-91],[-61,-92],[-59,-91],[-57,-92],[-55,-91],[-51,-92],[-48,-93],[-45,-92],[-41,-92],[-37,-93],[-33,-93],[-29,-94],[-24,-94],[-20,-94],[-14,-94],[-9,-95],[-3,-96],[1,-16],[0,-8],[2,-18],[1,-8],[1,-8],[2,-8],[2,-9],[1,-8],[3,-8],[2,-8],[3,-9],[5,-16],[6,-16],[3,-8],[11,-24],[8,-15],[5,-8],[4,-8],[5,-7],[4,-8],[5,-7],[5,-7],[10,-14],[11,-14],[5,-7],[12,-13],[6,-6],[12,-13],[19,-16],[6,-6],[7,-5],[6,-5],[7,-5],[6,-5],[7,-5],[8,-5],[6,-4],[7,-4],[7,-4],[15,-7],[8,-3],[14,-6],[15,-5],[8,-2],[15,-4],[8,-2],[7,-1],[23,-4],[23,-2],[23,-3],[46,-4],[23,-2],[24,-1],[24,-1],[24,-1],[24,0],[73,0],[24,0],[25,1],[25,0],[25,1],[49,2],[26,2],[25,1],[25,2],[26,1],[25,2],[25,2],[26,2],[25,2],[26,2],[25,2],[26,1],[25,2],[52,4],[25,2],[26,2],[25,1],[26,2],[25,2],[26,1],[26,1],[25,2],[25,1],[25,0],[51,2],[25,1],[50,0],[25,-1],[24,0],[25,-1],[49,-2],[24,-1],[48,-4],[23,-3],[24,-2],[24,-4],[23,-3],[23,-4],[23,-4],[22,-4],[23,-5],[7,-1],[8,-2],[23,-6],[15,-5],[8,-3],[9,-3],[8,-3],[8,-3],[16,-7],[17,-7],[8,-4],[9,-4],[9,-4],[8,-4],[8,-4],[9,-5],[8,-4],[9,-5],[8,-5],[17,-10],[9,-5],[17,-10],[9,-5],[8,-6],[8,-5],[9,-5],[8,-6],[8,-6],[9,-6],[8,-5],[8,-6],[8,-6],[9,-6],[7,-6],[8,-6],[8,-6],[24,-18],[15,-12],[14,-12],[8,-7],[7,-6],[7,-6],[20,-18],[7,-6],[7,-6],[5,-7],[13,-12],[6,-5],[6,-6],[5,-6],[69,-74],[66,-75],[65,-77],[62,-79],[60,-81],[58,-82],[56,-83],[54,-85],[52,-87],[51,-88],[50,-88],[47,-90],[46,-92],[45,-92],[43,-93],[42,-95],[42,-95],[39,-96],[40,-97],[37,-98],[37,-99],[36,-99],[36,-100],[35,-100],[34,-101],[33,-101],[34,-102],[32,-101],[33,-102],[32,-103],[32,-103],[32,-102],[32,-103],[32,-102],[33,-103],[32,-103],[33,-102],[33,-102],[33,-101],[34,-102],[34,-101],[36,-100],[36,-100],[36,-99],[38,-99],[38,-98],[40,-97],[40,-97],[42,-96],[43,-95],[45,-94],[45,-93],[47,-91],[49,-91],[50,-89],[52,-89],[54,-87],[55,-85],[58,-84],[59,-83],[61,-81],[64,-80],[65,-78],[68,-77],[5,-5],[12,-12],[5,-6],[7,-6],[5,-6],[7,-5],[12,-12],[14,-11],[14,-12],[8,-6],[21,-16],[8,-6],[8,-5],[7,-5],[9,-5],[7,-6],[8,-5],[9,-5],[8,-5],[8,-6],[8,-5],[9,-4],[8,-5],[8,-5],[26,-14],[17,-9],[9,-4],[9,-4],[8,-4],[10,-4],[17,-8],[17,-7],[18,-7],[9,-3],[8,-4],[9,-3],[8,-3],[9,-2],[8,-3],[18,-5],[16,-5],[17,-4],[8,-2],[8,-2],[9,-1],[7,-1],[8,-1],[8,-2],[8,-1],[16,-2],[32,-4],[16,-2],[17,-2],[16,-2],[16,-2],[17,-2],[16,-1],[16,-2],[17,-1],[16,-2],[17,-1],[16,-1],[16,-2],[34,-2],[32,-2],[17,-1],[17,-1],[16,0],[17,-1],[17,-1],[16,0],[17,-1],[16,0],[17,0],[16,-1],[99,0],[17,1],[17,0],[16,1],[16,0],[17,1],[17,0],[16,1],[17,1],[16,1],[17,1],[32,2],[17,1],[17,1],[16,1],[16,1],[17,1],[16,2],[17,1],[16,2],[16,1],[16,2],[17,2],[16,2],[32,4],[16,2],[33,4],[7,1],[8,2],[7,1],[8,1],[8,2],[8,2],[15,4],[8,2],[8,3],[7,2],[9,3],[7,3],[16,7],[9,3],[16,7],[8,4],[8,3],[8,4],[8,5],[8,4],[8,4],[8,4],[8,5],[7,5],[17,10],[7,5],[8,5],[8,5],[7,6],[16,11],[14,11],[7,6],[7,6],[15,12],[6,6],[7,6],[7,7],[6,6],[13,13],[6,7],[6,7],[12,13],[5,7],[6,7],[5,7],[5,7],[10,14],[5,7],[4,7],[5,7],[4,7],[4,8],[7,15],[23,46],[21,47],[21,48],[19,49],[19,49],[18,49],[18,51],[17,50],[16,51],[16,52],[15,52],[15,52],[14,53],[14,54],[13,53],[13,54],[26,108],[12,54],[12,54],[12,55],[12,54],[12,55],[24,109],[12,55],[12,54],[24,108],[13,54],[13,54],[13,54],[13,53],[15,53],[14,52],[14,52],[16,52],[16,51],[16,50],[17,50],[18,50],[18,49],[19,49],[20,47],[21,48],[22,46],[22,46],[23,44],[25,44],[25,43],[26,43],[28,42],[29,40],[30,40],[31,38],[32,38],[34,36],[35,35],[37,34],[38,33],[39,32],[41,30],[42,30],[44,28],[6,4],[8,4],[6,4],[8,3],[6,4],[8,3],[7,4],[8,3],[7,3],[8,3],[8,3],[7,3],[8,3],[8,2],[8,3],[8,2],[8,2],[9,2],[8,2],[8,2],[9,2],[8,1],[8,2],[9,1],[8,1],[9,1],[8,1],[17,2],[8,0],[9,1],[17,0],[9,0],[8,0],[17,0],[8,-1],[8,0],[9,-1],[8,-1],[8,-1],[8,-1],[15,-2],[8,-1],[8,-2],[8,-2],[7,-2],[8,-2],[14,-4],[7,-2],[7,-3],[21,-7],[12,-7],[7,-3],[5,-3],[12,-7],[11,-8],[5,-4],[10,-9],[5,-5],[10,-10],[9,-11],[5,-6],[4,-6],[5,-7],[9,-13],[4,-6],[12,-21],[4,-8],[4,-7],[7,-15],[11,-24],[3,-8],[12,-34],[3,-9],[3,-8],[3,-9],[5,-17],[5,-18],[5,-18],[4,-19],[3,-9],[5,-27],[2,-10],[2,-9],[1,-9],[1,-9],[3,-18],[2,-9],[1,-9],[2,-18],[1,-9],[1,-10],[0,-9],[1,-17],[1,-17],[0,-16],[2,-88],[3,-177],[0,-89],[0,-89],[0,-89],[-1,-89],[-2,-89],[-2,-89],[-2,-90],[-4,-90],[-4,-89],[-5,-89],[-5,-89],[-6,-89],[-7,-90],[-7,-89],[-9,-88],[-8,-89],[-10,-89],[-11,-88],[-11,-89],[-12,-88],[-13,-88],[-14,-87],[-15,-88],[-15,-87],[-17,-87],[-17,-86],[-18,-86],[-20,-86],[-20,-85],[-21,-86],[-23,-84],[-23,-84],[-25,-84],[-25,-83],[-27,-83],[-27,-83],[-29,-81],[-30,-81],[-31,-81],[-32,-80],[-33,-80],[-35,-79],[-36,-78],[-37,-78],[-38,-77],[-40,-76],[-40,-75],[-42,-75],[-44,-75],[-44,-73],[-47,-72],[-47,-72],[-49,-71],[-50,-70],[-52,-69],[-52,-69],[-55,-68],[-56,-66],[-58,-66],[-59,-64],[-60,-64],[-6,-6],[-12,-11],[-6,-5],[-6,-6],[-13,-11],[-12,-11],[-7,-5],[-7,-6],[-15,-10],[-7,-5],[-8,-6],[-7,-5],[-8,-5],[-8,-5],[-8,-5],[-7,-5],[-9,-5],[-8,-5],[-8,-5],[-8,-5],[-9,-5],[-8,-4],[-9,-5],[-8,-5],[-8,-5],[-9,-4],[-9,-5],[-8,-4],[-9,-4],[-8,-4],[-9,-5],[-9,-4],[-9,-4],[-9,-4],[-8,-3],[-9,-4],[-9,-4],[-9,-4],[-8,-3],[-9,-4],[-9,-3],[-17,-6],[-17,-7],[-17,-5],[-9,-3],[-8,-3],[-8,-3],[-9,-2],[-8,-3],[-8,-2],[-8,-2],[-8,-2],[-23,-6],[-8,-2],[-7,-1],[-53,-10],[-52,-11],[-52,-12],[-53,-12],[-51,-13],[-52,-14],[-52,-14],[-51,-15],[-51,-15],[-51,-15],[-51,-17],[-51,-17],[-50,-17],[-50,-18],[-51,-18],[-49,-18],[-50,-19],[-50,-19],[-50,-20],[-49,-20],[-50,-21],[-49,-21],[-99,-42],[-49,-21],[-49,-22],[-49,-22],[-49,-22],[-49,-22],[-49,-23],[-97,-45],[-49,-23],[-98,-46],[-97,-46],[-97,-46],[-49,-23],[-49,-23],[-49,-22],[-49,-23],[-48,-23],[-49,-23],[-49,-22],[-49,-23],[-98,-44],[-50,-21],[-49,-22],[-49,-21],[-50,-21],[-49,-21],[-50,-20],[-50,-20],[-49,-20],[-51,-19],[-50,-19],[-50,-18],[-51,-18],[-51,-18],[-50,-17],[-51,-17],[-20,-5],[-20,-5],[-19,-5],[-20,-4],[-19,-3],[-19,-3],[-20,-2],[-18,-2],[-19,-2],[-18,0],[-19,-1],[-18,0],[-18,0],[-36,2],[-19,2],[-18,2],[-17,3],[-18,3],[-17,3],[-17,3],[-18,4],[-17,4],[-34,9],[-17,6],[-17,5],[-34,12],[-17,6],[-17,6],[-16,7],[-17,7],[-17,6],[-17,7],[-16,7],[-16,8],[-17,7],[-17,8],[-16,8],[-16,7],[-33,16],[-49,24],[-16,9],[-33,16],[-33,17],[-32,16],[-17,8],[-17,7],[-16,8],[-17,8],[-17,8],[-16,7],[-17,8],[-50,21],[-17,7],[-7,3],[-14,5],[-8,3],[-8,2],[-15,5],[-8,2],[-8,2],[-8,2],[-9,1],[-8,2],[-9,2],[-17,3],[-9,2],[-9,1],[-9,1],[-10,1],[-9,1],[-9,1],[-9,1],[-10,1],[-9,1],[-10,1],[-9,0],[-10,1],[-10,0],[-9,0],[-10,1],[-58,0],[-10,-1],[-9,0],[-10,0],[-10,-1],[-10,0],[-19,-1],[-19,-2],[-9,-1],[-9,-1],[-36,-4],[-9,-1],[-9,-1],[-8,-2],[-9,-1],[-9,-1],[-8,-2],[-17,-3],[-8,-1],[-8,-2],[-7,-2],[-8,-1],[-7,-2],[-36,-9],[-35,-10],[-36,-10],[-35,-10],[-36,-11],[-35,-11],[-35,-11],[-35,-12],[-34,-12],[-35,-13],[-35,-12],[-34,-13],[-35,-13],[-34,-14],[-34,-13],[-34,-14],[-34,-14],[-34,-15],[-34,-14],[-33,-15],[-34,-14],[-34,-15],[-34,-15],[-67,-31],[-33,-15],[-34,-16],[-33,-15],[-34,-16],[-33,-16],[-34,-16],[-33,-16],[-34,-16],[-33,-15],[-34,-16],[-33,-15],[-34,-16],[-33,-15],[-34,-16],[-67,-30],[-33,-15],[-34,-16],[-34,-14],[-34,-15],[-33,-15],[-34,-14],[-34,-14],[-35,-14],[-34,-14],[-34,-14],[-34,-13],[-35,-13],[-34,-13],[-34,-13],[-35,-12],[-35,-12],[-35,-11],[-35,-11],[-35,-11],[-36,-11],[-71,-20],[-36,-10],[-17,-5],[-36,-9],[-17,-4],[-18,-4],[-18,-4],[-18,-3],[-18,-4],[-17,-4],[-18,-3],[-37,-6],[-18,-3],[-18,-3],[-18,-3],[-18,-3],[-36,-5],[-19,-3],[-36,-5],[-18,-3],[-19,-3],[-54,-7],[-18,-3],[-37,-5],[-36,-6],[-37,-5],[-36,-7],[-18,-3],[-18,-3],[-36,-7],[-18,-4],[-18,-4],[-18,-4],[-18,-4],[-18,-4],[-35,-9],[-18,-5],[-18,-5],[-17,-6],[-18,-5],[-17,-6],[-18,-6],[-17,-6],[-17,-6],[-17,-7],[-35,-14],[-16,-7],[-17,-8],[-17,-8],[-16,-9],[-17,-8],[-17,-9],[-16,-10],[-3,-1],[-1,-1],[-1,-1],[0,0],[-4,-2],[0,-1],[-2,-1],[0,0],[-4,-2],[-1,-1],[-1,-1],[-1,-1],[-3,-1],[-1,0],[0,-1],[-2,-1],[-1,0],[-1,-1],[-1,-1],[-2,-1],[-1,0],[-1,-1],[0,0],[-2,-1],[-1,0],[-1,-1],[-2,-2],[-2,-1],[-1,-1],[-1,-1],[-1,-1],[-1,0],[-1,-1],[-1,-1],[-2,-2]],[[523675,215147],[0,6],[-15,51],[-16,50],[-17,49],[-17,49],[-19,49],[-19,48],[-20,48],[-20,47],[-21,47],[-22,47],[-22,47],[-23,46],[-23,47],[-24,46],[-24,45],[-25,46],[-24,47],[-26,45],[-26,46],[-26,45],[-26,46],[-27,46],[-26,45],[-27,46],[-27,46],[-27,47],[-28,46],[-27,48],[-28,47],[-27,47],[-27,48],[-28,48],[-27,49],[-28,49],[-26,49],[-27,50],[-27,51],[-26,52],[-26,51],[-26,53],[-26,53],[-24,53],[-25,55],[-25,55],[-24,56],[-24,56],[-22,58],[-23,58],[-22,59],[-21,61],[-21,61],[-19,62],[-20,63],[-18,64],[-19,66],[-17,66],[-16,68],[-16,69],[-14,69],[-14,71],[-13,73],[-12,74],[-11,74],[-10,77],[-6,49],[-6,50],[-6,51],[-7,52],[-7,53],[-7,54],[-8,56],[-7,55],[-8,57],[-8,57],[-8,58],[-8,58],[-8,60],[-9,59],[-9,61],[-10,61],[-9,61],[-10,62],[-10,62],[-10,62],[-10,63],[-11,63],[-11,64],[-23,127],[-11,63],[-13,64],[-12,64],[-12,64],[-13,63],[-14,64],[-13,64],[-14,63],[-13,63],[-29,125],[-15,62],[-16,62],[-15,62],[-16,61],[-16,61],[-16,59],[-17,60],[-17,58],[-17,58],[-18,57],[-19,57],[-18,56],[-19,55],[-19,55],[-20,53],[-19,52],[-21,51],[-21,51],[-20,49],[-22,48],[-21,47],[-22,46],[-23,45],[-22,43],[-23,42],[-24,41],[-24,39],[-24,38],[-13,19],[-14,19],[-13,19],[-14,19],[-13,19],[-14,18],[-14,18],[-14,17],[-14,18],[-14,18],[-15,17],[-15,16],[-14,17],[-15,16],[-15,16],[-31,31],[-16,15],[-47,45],[-17,15],[-16,14],[-16,14],[-16,14],[-17,13],[-17,13],[-17,13],[-17,13],[-17,13],[-18,12],[-34,25],[-18,12],[-18,11],[-18,12],[-18,11],[-19,11],[-18,11],[-18,10],[-19,10],[-19,10],[-18,10],[-19,10],[-19,10],[-19,9],[-19,10],[-19,9],[-19,9],[-20,8],[-19,9],[-40,16],[-20,8],[-19,8],[-21,7],[-20,7],[-20,7],[-20,7],[-21,7],[-20,7],[-21,6],[-20,7],[-21,6],[-7,2],[-16,4],[-8,2],[-7,2],[-9,1],[-9,2],[-8,2],[-17,3],[-9,2],[-8,1],[-9,2],[-18,3],[-9,1],[-9,2],[-10,1],[-9,2],[-9,1],[-19,3],[-10,1],[-20,2],[-9,2],[-10,1],[-10,1],[-10,1],[-19,2],[-19,2],[-19,2],[-10,0],[-10,1],[-10,1],[-9,1],[-20,2],[-10,0],[-9,1],[-10,0],[-9,1],[-10,1],[-19,1],[-9,0],[-9,1],[-9,0],[-9,1],[-9,0],[-9,1],[-9,0],[-8,1],[-17,1],[-8,0],[-9,0],[-8,1],[-16,0],[-7,0],[-53,1],[-53,1],[-53,0],[-53,1],[-53,1],[-53,0],[-53,1],[-53,1],[-53,0],[-53,1],[-53,1],[-53,0],[-53,1],[-54,1],[-52,0],[-53,1],[-53,1],[-53,0],[-53,1],[-53,1],[-53,0],[-54,1],[-53,1],[-52,0],[-53,1],[-53,1],[-54,0],[-52,1],[-53,1],[-54,0],[-53,1],[-52,1],[-53,1],[-53,0],[-54,1],[-53,1],[-52,0],[-54,1],[-53,1],[-53,0],[-52,1],[-53,1],[-54,0],[-53,1],[-52,1],[-54,0],[-53,1],[-53,1],[-53,0],[-52,1],[-54,1],[-53,0],[-53,1],[-53,1],[-106,1],[-53,1],[-53,0],[-53,1],[-53,1],[-53,0],[-53,1],[-53,1],[-53,0]],[[501242,223314],[0,2],[0,1],[1,2],[0,2],[0,2],[1,1],[0,2],[0,2],[0,2],[0,1],[1,2],[0,2],[1,2],[0,1],[0,3],[1,1],[0,2],[1,2],[0,2],[1,1],[0,2],[0,2],[0,2],[1,3],[1,2],[0,1],[0,2],[2,5],[0,4],[2,6],[0,1],[1,2],[1,4],[2,7],[0,2],[1,4],[2,6],[0,1],[1,6],[0,2],[1,3],[0,3],[1,2],[7,34],[7,34],[7,33],[7,34],[7,34],[7,34],[7,34],[7,34],[7,33],[6,34],[7,34],[7,34],[6,35],[7,33],[6,34],[19,102],[13,68],[6,34],[6,34],[6,34],[12,68],[6,34],[6,35],[6,34],[5,34],[11,68],[12,68],[11,68],[5,34],[5,34],[5,34],[6,35],[5,34],[5,34],[5,35],[5,34],[5,34],[4,34],[5,35],[5,34],[5,34],[4,34],[5,35],[4,34],[9,68],[8,69],[12,104],[5,34],[4,35],[4,34],[3,34],[4,35],[4,34],[7,63],[7,63],[14,126],[8,63],[8,62],[8,63],[15,124],[8,62],[9,63],[8,62],[9,62],[9,62],[9,62],[9,62],[9,62],[9,62],[10,62],[9,62],[10,62],[10,62],[10,61],[10,62],[10,62],[21,123],[11,62],[11,61],[10,61],[11,62],[11,61],[12,62],[11,61],[11,61],[12,62],[12,61],[11,61],[12,62],[12,61],[12,61],[12,61],[13,62],[12,61],[12,62],[13,61],[13,61],[13,61],[12,62],[14,61],[13,61],[13,62],[13,61],[13,62],[14,61],[27,122],[27,123],[14,62],[14,61],[14,62],[14,61],[14,62],[8,31],[6,31],[7,30],[15,61],[7,31],[8,31],[7,31],[14,61],[15,61],[7,30],[8,30],[8,31],[15,60],[8,30],[8,30],[15,60],[25,91],[8,29],[8,30],[9,30],[8,30],[8,30],[9,30],[9,29],[9,30],[9,30],[8,29],[9,30],[9,30],[9,29],[10,30],[9,30],[9,30],[10,29],[9,30],[10,29],[10,30],[10,29],[10,30],[10,29],[10,30],[10,29],[11,29],[10,30],[11,29],[10,29],[11,30],[11,29],[11,29],[10,30],[34,87],[12,29],[12,30],[12,29],[11,29],[8,19],[7,19],[7,19],[7,19],[7,19],[7,19],[7,19],[7,19],[7,19],[6,19],[7,19],[7,19],[6,19],[7,19],[6,20],[13,38],[6,19],[6,19],[7,19],[5,19],[6,20],[6,19],[6,19],[6,19],[5,20],[6,19],[5,19],[5,19],[6,20],[5,19],[5,20],[4,19],[5,20],[5,19],[5,20],[4,19],[4,20],[5,19],[3,20],[4,20],[4,19],[4,20],[3,20],[4,19],[3,20],[3,20],[3,19],[3,20],[3,20],[2,19],[3,20],[2,20],[2,20],[2,19],[4,40],[1,20],[1,20],[2,40],[1,19],[1,20],[0,20]],[[503183,232708],[86,-1],[170,-3],[340,-4],[170,-3],[340,-4],[170,-3],[170,-2],[85,-1],[85,-2],[85,-1],[85,-1],[170,-2],[85,-1],[85,-2],[170,-2],[85,-1],[85,-1],[85,-1],[85,-2],[171,-2],[170,-3],[340,-4],[170,-3],[340,-4],[170,-3],[170,-2],[85,-1],[85,-2],[85,-1],[255,-3],[85,-1],[85,-2],[85,-1],[85,-1],[169,-2],[85,-1],[85,-2],[86,-1]],[[508625,232632],[179,-2],[180,-3],[180,-3],[180,-2],[180,-3],[180,-3],[179,-2],[360,-5],[179,-3],[180,-3],[360,-5],[179,-3],[180,-2],[360,-5],[179,-3],[180,-3],[359,-5],[180,-3],[179,-2],[360,-5],[180,-3],[179,-2],[360,-5],[180,-3],[179,-3],[360,-5],[179,-3],[180,-2],[360,-5],[359,-5],[180,-3],[180,-2],[179,-3],[180,-3],[180,-2],[179,-3],[180,-3],[179,-2],[180,-3],[180,-2],[180,-3],[179,-3],[360,-5],[180,-3],[179,-2],[360,-5],[179,-3],[180,-3],[360,-5],[180,-3],[180,-2],[179,-3],[87,40],[87,38],[87,39],[87,38],[87,37],[88,37],[88,37],[87,36],[88,35],[88,35],[88,34],[89,34],[88,33],[89,33],[89,32],[89,31],[89,30],[90,30],[89,30],[90,28],[89,28],[90,27],[90,27],[91,26],[90,25],[91,25],[90,23],[91,23],[91,22],[91,21],[91,20],[91,20],[92,18],[91,18],[92,17],[92,16],[92,15],[92,14],[93,14],[92,12],[92,12],[93,10],[93,10],[93,9],[93,7],[93,7],[93,6],[93,4],[94,4],[94,2],[93,2],[94,0],[94,-1],[95,-2],[94,-3],[94,-4],[95,-5],[94,-6],[95,-8],[95,-8],[94,-10],[96,-12],[95,-12],[95,-13]],[[402548,218686],[-204,-2],[-205,-2],[-204,-1],[-203,-2],[-204,-2],[-408,-3],[-204,-2],[-204,-1],[-204,-2],[-204,-2],[-204,-1],[-204,-2],[-204,-2],[-408,-3],[-204,-2],[-204,-1],[-204,-2],[-204,-2],[-204,-1],[-204,-2],[-204,-2],[-408,-3],[-204,-2],[-204,-1],[-204,-2],[-204,-2],[-204,-1],[-203,-2],[-204,-2],[-408,-3],[-204,-2],[-204,-1],[-204,-2],[-204,-2],[-204,-1],[-204,-2],[-204,-2],[-204,-1],[-204,-2],[-204,-2],[-204,-1],[-204,-2],[-204,-2],[-204,-1],[-204,-2],[-203,-2],[-205,-1],[-204,-2],[-204,-2],[-204,-1],[-204,-2],[-204,-2],[-204,-1],[-203,-2],[-204,-2],[-408,-3],[-204,-2],[-204,-1],[-204,-2]],[[370238,219682],[28,33],[26,33],[27,34],[26,33],[26,33],[27,34],[26,33],[51,65],[76,97],[50,64],[24,32],[25,31],[24,32],[24,31],[24,31],[23,30],[23,31],[23,31],[22,29],[23,30],[22,29],[22,30],[22,28],[21,29],[41,56],[21,27],[20,27],[19,27],[20,26],[19,26],[19,26],[18,25],[18,25],[18,24],[17,25],[17,23],[16,23],[16,23],[16,22],[15,21],[15,21],[15,21],[14,20],[13,19],[14,19],[13,19],[12,18],[12,17],[11,16],[11,16],[11,16],[10,15],[9,14],[9,14],[9,13],[7,12],[8,12],[7,11],[7,10],[63,99],[63,98],[62,98],[63,98],[62,97],[61,98],[61,97],[62,97],[121,194],[59,97],[60,97],[59,97],[59,97],[116,194],[57,97],[113,194],[56,98],[55,97],[56,99],[54,98],[54,98],[53,98],[53,99],[52,99],[51,99],[51,100],[51,100],[49,101],[50,100],[48,101],[48,102],[47,102],[47,103],[46,103],[45,103],[44,104],[44,105],[43,106],[42,105],[42,107],[41,107],[40,108],[39,109],[39,109],[38,110],[37,110],[36,112],[35,113],[34,113],[34,114],[33,115],[32,116],[30,117],[30,117],[30,119],[28,119],[27,121],[27,122],[25,122],[24,124],[24,125],[22,129],[21,130],[20,132],[18,134],[17,134],[16,137],[14,137],[13,139],[12,139],[10,142],[9,142],[9,143],[6,145],[6,145],[5,147],[4,147],[3,149],[2,149],[1,150],[0,152],[-1,152],[-1,152],[-3,154],[-3,154],[-4,154],[-5,156],[-5,156],[-6,156],[-7,157],[-7,158],[-8,158],[-9,158],[-9,160],[-10,159],[-10,159],[-10,160],[-11,160],[-11,160],[-11,161],[-12,160],[-11,161],[-13,161],[-12,161],[-13,160],[-13,162],[-13,160],[-13,161],[-13,160],[-13,160],[-13,160],[-12,160],[-14,160],[-12,159],[-13,159],[-12,158],[-13,158],[-12,158],[-12,157],[-11,157],[-12,156],[-11,156],[-10,154],[-10,154],[-10,154],[-2,34],[-3,67],[-2,33],[-1,33],[-2,33],[-1,33],[-2,65],[-3,96],[0,32],[-1,32],[0,32],[0,31],[0,31],[-1,31],[0,31],[0,62],[-1,31],[0,61],[0,31],[0,302],[-1,30],[0,30],[0,30],[-1,30],[0,29],[-1,30],[0,30],[0,29],[-1,30],[-1,30],[-2,59],[-1,30],[-1,30],[-1,30],[-2,29],[-1,30],[-2,30],[-2,30],[-1,30],[-3,30],[-2,30],[-3,30],[-2,30],[-5,61],[-3,31],[-7,61],[-7,62],[-7,64],[-9,65],[-9,66],[-10,68],[-12,69],[-12,70],[-12,71],[-14,73],[-14,73],[-15,74],[-16,76],[-16,77],[-17,77],[-17,78],[-18,79],[-19,80],[-19,81],[-20,81],[-20,83],[-20,83],[-21,83],[-21,84],[-22,85],[-22,85],[-22,86],[-23,87],[-23,86],[-23,88],[-23,87],[-23,88],[-24,88],[-24,89],[-23,88],[-24,89],[-48,178],[-23,89],[-24,90],[-24,89],[-23,89],[-24,90],[-23,89],[-23,88],[-24,89],[-23,88],[-22,89],[-22,88],[-22,88],[-22,87],[-21,87],[-21,87],[-20,86],[-20,86],[-19,85],[-19,84],[-19,84],[-18,83],[-17,84],[-17,82],[-17,81],[-15,80],[-15,79],[-14,79],[-29,178],[-26,176],[-23,175],[-21,174],[-17,173],[-15,173],[-12,171],[-10,170],[-7,169],[-5,169],[-3,167],[0,167],[2,166],[4,164],[6,164],[10,163],[10,161],[13,161],[14,161],[17,159],[18,158],[20,158],[22,157],[23,155],[25,155],[26,154],[29,153],[29,153],[31,152],[32,151],[33,150],[35,149],[35,149],[37,147],[37,148],[39,146],[40,145],[41,145],[41,144],[42,143],[42,143],[44,142],[44,141],[44,140],[45,140],[45,139],[46,138],[46,138],[46,137],[46,137],[47,135],[46,136],[47,134],[46,134],[46,133],[46,133],[46,132],[46,131],[45,131],[45,131],[44,129],[44,129],[44,129],[42,128],[42,130],[42,129],[40,130],[40,130],[39,130],[39,130],[37,131],[37,130],[37,130],[36,130],[35,131],[36,130],[34,130],[34,130],[34,131],[34,130],[34,130],[33,131],[33,130],[33,130],[33,130],[33,131],[33,130],[33,130],[34,130],[33,131],[33,129],[34,130],[34,130],[34,130],[35,130],[35,130],[35,129],[36,130],[36,129],[37,130],[38,129],[38,129],[39,129],[40,129],[41,129],[41,128],[42,129],[43,128],[44,128],[45,128],[46,128],[47,127],[48,128],[50,127],[50,127],[52,127],[53,127],[55,127],[55,126],[57,126],[58,126],[61,126],[61,125],[63,126],[65,125],[66,125],[68,124],[70,124],[31,55],[32,54],[32,53],[32,53],[33,53],[32,51],[34,52],[68,102],[34,51],[35,51],[35,50],[35,49],[36,50],[36,49],[36,48],[36,49],[37,48],[37,48],[37,49],[113,142],[38,48],[38,47],[38,47],[39,47],[38,47],[39,47],[39,46],[39,48],[39,47],[39,47],[39,47],[40,47],[39,47],[40,47],[39,47],[159,190],[40,48],[40,48],[40,48],[39,49],[40,49],[40,49],[39,49],[40,49],[39,50],[39,51],[40,51],[39,51],[39,51],[39,51],[39,52],[38,53],[39,52],[38,54],[38,54],[76,109],[38,55],[13,19],[12,19],[12,20],[13,19],[12,20],[12,20],[11,19],[12,20],[11,20],[34,60],[11,21],[11,20],[10,21],[11,21],[21,41],[10,21],[10,20],[10,21],[10,21],[10,21],[10,21],[10,21],[10,21],[10,21],[9,21],[10,21],[19,42],[9,21],[10,22],[19,42],[9,21],[29,63],[9,22],[10,21],[10,21],[9,21],[19,42],[10,21],[10,21],[10,21],[10,21],[10,21],[10,21],[10,21],[9,20],[11,21],[31,62],[11,20],[11,21],[11,20],[10,20],[11,21],[12,21],[11,20],[10,18],[11,17],[20,36],[11,18],[10,19],[11,18],[21,37],[11,18],[11,19],[21,37],[11,18],[11,19],[11,19],[11,19],[22,37],[12,18],[11,19],[11,19],[12,18],[23,37],[11,19],[12,18],[12,19],[12,18],[12,18],[12,18],[25,35],[13,18],[12,18],[38,52],[13,17],[13,17],[14,17],[13,17],[13,17],[14,16],[14,16],[14,16],[14,16],[14,16],[14,15],[14,15],[15,15],[15,15],[15,15],[15,14],[14,15],[16,14],[15,13],[16,14],[16,13],[16,13],[16,12],[16,13],[16,12],[17,12],[15,11],[17,11],[9,6],[18,11],[19,12],[9,5],[10,6],[10,6],[11,5],[10,6],[11,6],[21,11],[11,5],[11,6],[11,5],[12,5],[11,5],[12,5],[11,5],[23,9],[24,9],[12,4],[12,3],[23,7],[13,4],[11,2],[13,3],[11,2],[13,3],[11,2],[13,1],[11,2],[12,1],[12,0],[12,1],[23,0],[11,-1],[11,-1],[11,-1],[11,-2],[12,-2],[11,-2],[10,-3],[11,-3],[11,-4],[10,-4],[10,-5],[10,-5],[10,-5],[10,-6],[10,-7],[18,-14],[9,-8],[8,-8],[12,-12],[10,-13],[10,-13],[9,-13],[9,-13],[7,-14],[8,-14],[6,-14],[6,-14],[10,-29],[4,-16],[3,-15],[3,-15],[3,-16],[4,-32],[0,-17],[1,-16],[0,-16],[0,-16],[-1,-17],[-1,-17],[-1,-17],[-2,-17],[-5,-34],[-6,-34],[-4,-17],[-4,-17],[-4,-17],[-4,-17],[-5,-17],[-4,-18],[-6,-17],[-5,-17],[-5,-17],[-6,-16],[-5,-17],[-7,-17],[-11,-33],[-7,-16],[-6,-17],[-7,-16],[-6,-16],[-7,-16],[-13,-31],[-6,-16],[-7,-15],[-6,-15],[-7,-15],[-13,-29],[-6,-14],[-6,-13],[-6,-14],[-6,-13],[-5,-13],[-6,-13],[-5,-12],[-6,-12],[-7,-17],[-8,-18],[-8,-17],[-8,-17],[-8,-18],[-7,-17],[-16,-35],[-7,-18],[-16,-35],[-14,-35],[-8,-18],[-8,-18],[-14,-35],[-8,-18],[-7,-17],[-8,-18],[-7,-18],[-8,-17],[-7,-18],[-7,-18],[-14,-35],[-8,-18],[-14,-35],[-15,-36],[-14,-35],[-15,-36],[-7,-17],[-7,-18],[-14,-36],[-15,-35],[-14,-36],[-15,-35],[-14,-36],[-8,-18],[-7,-17],[-7,-18],[-8,-18],[-14,-35],[-7,-18],[-8,-18],[-7,-18],[-8,-17],[-7,-18],[-8,-18],[-14,-35],[-8,-18],[-7,-18],[-8,-17],[-5,-12],[-5,-12],[-5,-12],[-5,-12],[-5,-11],[-11,-25],[-5,-12],[-5,-12],[-5,-12],[-6,-13],[-16,-36],[-5,-12],[-11,-25],[-6,-12],[-10,-25],[-6,-12],[-6,-13],[-5,-12],[-6,-12],[-5,-13],[-6,-12],[-5,-13],[-6,-13],[-16,-37],[-10,-25],[-5,-13],[-6,-13],[-10,-25],[-5,-12],[-5,-13],[-5,-13],[-5,-12],[-5,-13],[-5,-13],[-9,-25],[-4,-13],[-5,-13],[-9,-25],[-4,-13],[-4,-12],[-4,-13],[-4,-13],[-4,-13],[-4,-12],[-3,-13],[-4,-13],[-3,-13],[-4,-12],[-3,-13],[-3,-12],[-3,-13],[-3,-13],[-3,-12],[-6,-32],[-9,-48],[-4,-16],[-3,-16],[-3,-16],[-3,-16],[-7,-32],[-16,-80],[-6,-32],[-3,-16],[-6,-32],[-3,-17],[-6,-32],[-3,-16],[-2,-16],[-4,-16],[-2,-16],[-3,-16],[-2,-17],[-3,-16],[-3,-16],[-2,-16],[-3,-16],[-2,-16],[-3,-16],[-2,-16],[-5,-33],[-4,-32],[-4,-33],[-2,-17],[-2,-16],[-1,-16],[-2,-16],[-2,-17],[-3,-33],[-1,-16],[-2,-17],[-1,-16],[-1,-16],[-1,-17],[-4,-66],[0,-16],[-1,-17],[-1,-33],[0,-16],[0,-16],[0,-16],[0,-49],[0,-16],[0,-16],[1,-16],[1,-16],[1,-16],[1,-16],[0,-16],[1,-16],[2,-17],[4,-48],[2,-16],[1,-16],[5,-48],[2,-16],[4,-32],[4,-32],[4,-32],[11,-80],[3,-16],[1,-16],[2,-16],[5,-32],[5,-48],[2,-16],[4,-32],[1,-16],[2,-16],[2,-32],[2,-16],[2,-32],[2,-32],[1,-17],[1,-16],[1,-16],[0,-16],[0,-16],[0,-16],[0,-16],[0,-16],[0,-17],[0,-16],[-1,-5],[0,-5],[0,-6],[-1,-7],[-1,-6],[-1,-14],[-1,-8],[0,-8],[-1,-8],[-1,-8],[-1,-8],[0,-9],[-1,-9],[-1,-9],[-1,-9],[-2,-19],[-1,-10],[0,-10],[-2,-20],[-1,-20],[0,-10],[-1,-11],[0,-10],[0,-21],[-1,-10],[0,-10],[0,-11],[1,-10],[0,-10],[0,-11],[1,-10],[1,-10],[0,-9],[1,-10],[1,-10],[1,-9],[2,-9],[1,-10],[2,-8],[4,-17],[2,-8],[6,-16],[3,-8],[3,-7],[3,-6],[4,-7],[3,-6],[4,-6],[4,-6],[5,-5],[5,-5],[5,-4],[5,-4],[6,-3],[6,-4],[12,-5],[9,-2],[10,-1],[9,-1],[10,1],[9,2],[10,2],[10,3],[10,4],[10,4],[11,5],[10,6],[10,7],[11,7],[10,7],[11,9],[10,9],[11,9],[11,10],[10,11],[11,10],[11,12],[10,11],[11,13],[10,12],[11,13],[11,13],[10,14],[11,13],[10,14],[11,14],[20,29],[10,14],[11,15],[10,15],[10,14],[10,16],[19,29],[9,15],[10,14],[18,29],[9,14],[26,42],[7,13],[16,26],[7,13],[15,24],[7,11],[6,11],[7,10],[5,10],[6,10],[6,9],[5,8],[5,8],[4,7],[5,7],[4,6],[8,12],[7,12],[8,12],[14,25],[8,12],[8,13],[15,26],[8,12],[7,13],[8,14],[8,13],[8,13],[15,27],[8,14],[8,13],[8,14],[16,27],[8,13],[16,27],[9,14],[8,13],[8,14],[9,14],[8,14],[8,13],[9,14],[8,13],[10,13],[8,13],[9,14],[9,13],[18,26],[9,12],[9,13],[9,13],[9,12],[9,13],[10,12],[10,12],[10,12],[9,11],[10,12],[10,11],[10,12],[11,11],[10,11],[10,11],[11,11],[10,10],[11,10],[11,10],[11,9],[11,10],[22,18],[11,8],[12,9],[12,8],[16,10],[16,10],[16,10],[17,8],[16,8],[16,8],[16,7],[17,6],[17,5],[16,5],[16,5],[17,4],[16,3],[16,2],[17,2],[15,2],[16,1],[32,0],[16,-1],[16,-1],[16,-2],[16,-2],[15,-3],[15,-3],[15,-4],[16,-4],[15,-5],[15,-6],[14,-5],[14,-7],[14,-6],[14,-7],[14,-8],[14,-8],[14,-9],[13,-9],[13,-9],[13,-10],[13,-10],[12,-11],[12,-11],[12,-11],[12,-12],[11,-12],[11,-13],[11,-13],[10,-14],[10,-14],[10,-14],[9,-15],[10,-14],[8,-15],[9,-16],[8,-15],[8,-16],[7,-16],[7,-17],[7,-17],[6,-18],[6,-17],[6,-18],[5,-18],[5,-18],[9,-41],[3,-21],[4,-20],[3,-21],[3,-21],[2,-21],[2,-21],[2,-22],[1,-21],[1,-43],[1,-22],[0,-43],[-1,-22],[0,-22],[-1,-22],[-1,-21],[-3,-66],[-2,-44],[-2,-22],[-2,-44],[-2,-22],[-1,-22],[-1,-22],[-1,-22],[-2,-44],[-1,-22],[-1,-22],[0,-22],[-1,-21],[0,-43],[1,-22],[0,-21],[1,-21],[1,-22],[2,-21],[1,-21],[2,-20],[3,-21],[3,-21],[3,-20],[3,-21],[5,-20],[5,-20],[4,-20],[6,-20],[13,-39],[7,-19],[7,-20],[9,-19],[9,-19],[9,-18],[10,-19],[11,-18],[12,-18],[2,-2],[2,-2],[2,-2],[4,-1],[3,-2],[4,-1],[4,-1],[4,-1],[10,-1],[6,0],[18,0],[14,1],[14,1],[7,1],[8,1],[15,2],[8,1],[17,3],[8,2],[9,1],[8,2],[9,2],[9,2],[8,2],[18,4],[9,2],[8,2],[18,5],[17,4],[17,5],[16,4],[23,7],[8,2],[14,4],[14,4],[6,2],[12,4],[6,2],[5,2],[5,1],[9,3],[4,2],[3,1],[3,1],[3,1],[2,1],[15,6],[7,4],[7,3],[22,10],[20,11],[8,4],[6,3],[7,4],[6,4],[28,17],[6,4],[7,4],[6,4],[7,5],[25,18],[6,4],[6,5],[7,5],[6,5],[6,5],[6,5],[12,10],[5,5],[6,5],[6,5],[12,11],[12,10],[5,6],[6,5],[5,6],[6,5],[6,6],[5,6],[6,5],[6,6],[11,11],[5,6],[5,6],[5,6],[6,6],[5,6],[5,5],[5,6],[5,6],[6,6],[10,12],[5,6],[5,7],[14,18],[14,19],[27,37],[26,38],[13,19],[12,19],[13,20],[12,20],[12,20],[12,20],[11,20],[11,21],[23,41],[11,21],[11,20],[10,21],[11,21],[10,22],[10,21],[10,21],[10,22],[9,22],[10,21],[9,22],[9,22],[9,22],[9,23],[8,22],[9,22],[8,22],[9,23],[7,22],[9,23],[8,23],[7,23],[8,22],[7,23],[8,23],[7,23],[7,22],[7,23],[7,23],[7,23],[7,23],[12,46],[7,22],[5,23],[13,46],[6,22],[6,23],[5,23],[6,23],[6,23],[5,23],[5,22],[6,23],[5,23],[5,22],[5,22],[12,52],[10,51],[11,51],[9,51],[10,51],[17,102],[8,52],[7,51],[7,51],[12,102],[6,51],[10,103],[4,51],[4,52],[4,51],[3,51],[4,51],[2,52],[3,51],[2,51],[2,51],[1,52],[2,102],[1,52],[1,51],[0,154],[-1,51],[0,51],[-1,51],[-1,52],[-1,52],[-1,51],[-1,51],[-3,103],[-4,103],[-1,52],[-4,103],[-2,52],[-2,51],[-2,52],[-2,52],[-2,51],[-2,52],[-2,52],[-2,52],[-3,52],[-1,52],[-2,52],[-1,51],[-2,52],[-2,52],[-1,52],[-2,52],[-1,52],[-1,52],[-1,23],[0,24],[-1,23],[-1,23],[0,23],[-1,47],[-1,23],[0,24],[0,23],[-1,24],[0,23],[-1,47],[0,24],[-1,23],[0,24],[0,94],[-1,25],[0,94],[1,24],[0,47],[0,24],[1,23],[0,24],[1,47],[0,24],[1,23],[0,24],[1,24],[0,23],[3,71],[1,24],[1,24],[1,23],[1,24],[1,24],[1,23],[3,47],[1,24],[2,23],[2,24],[1,23],[2,24],[2,23],[3,47],[2,23],[2,24],[5,47],[4,46],[3,26],[1,9],[1,9],[2,8],[1,9],[3,19],[3,18],[2,9],[4,19],[2,10],[5,20],[2,9],[2,10],[5,20],[5,19],[6,20],[6,20],[3,9],[6,20],[3,10],[8,20],[3,9],[3,10],[4,10],[4,9],[4,10],[3,9],[4,10],[4,9],[4,9],[4,10],[8,18],[8,17],[5,9],[4,8],[10,17],[4,9],[9,16],[5,8],[10,15],[5,7],[14,21],[5,7],[6,6],[5,7],[37,43],[19,20],[19,20],[20,20],[20,19],[20,18],[21,18],[21,18],[20,17],[22,17],[21,16],[22,15],[21,16],[22,15],[23,14],[22,14],[22,14],[23,14],[23,13],[22,13],[23,13],[23,12],[23,12],[23,13],[46,23],[24,11],[24,11],[23,11],[23,11],[23,11],[24,10],[69,32],[22,10],[23,10],[23,10],[23,11],[22,10],[22,10],[23,10],[22,11],[21,10],[22,10],[22,11],[21,11],[21,11],[21,11],[20,11],[41,23],[20,11],[20,12],[37,25],[19,12],[18,13],[18,13],[17,14],[17,14],[17,14],[16,15],[67,65],[65,66],[61,67],[58,67],[56,69],[53,69],[50,70],[48,72],[45,71],[43,73],[41,73],[38,73],[37,75],[34,74],[32,76],[31,76],[29,76],[27,76],[26,77],[24,78],[22,77],[21,79],[19,78],[19,78],[18,79],[15,79],[16,79],[14,79],[13,78],[13,79],[12,79],[11,79],[22,157],[10,79],[10,78],[10,78],[19,155],[9,77],[19,153],[10,76],[11,75],[11,75],[11,74],[12,75],[12,73],[14,72],[14,72],[15,71],[17,70],[17,70],[18,69],[20,68],[21,67],[22,66],[24,65],[25,64],[27,63],[29,62],[30,62],[32,60],[35,58],[12,21],[8,15],[8,15],[4,8],[4,8],[16,32],[3,8],[4,9],[4,8],[7,17],[4,9],[4,8],[3,9],[4,9],[3,9],[4,9],[4,9],[3,9],[3,10],[6,18],[7,19],[3,9],[3,9],[3,10],[3,9],[3,9],[3,10],[2,9],[3,10],[2,9],[3,10],[2,9],[3,9],[2,10],[2,9],[2,9],[3,10],[1,9],[2,9],[2,9],[2,10],[2,9],[2,9],[1,9],[1,9],[2,9],[1,8],[1,9],[1,9],[2,17],[2,17],[0,8],[5,66],[3,33],[3,33],[4,32],[4,33],[4,33],[5,33],[5,32],[5,33],[6,32],[6,33],[7,32],[7,32],[7,33],[7,32],[9,32],[8,31],[8,32],[9,32],[9,31],[10,32],[10,31],[11,32],[11,31],[10,31],[12,30],[11,31],[13,30],[25,60],[13,30],[14,30],[14,30],[14,29],[29,58],[15,29],[15,29],[16,28],[16,28],[16,28],[17,28],[17,28],[17,27],[18,27],[18,26],[18,27],[19,26],[19,26],[39,51],[19,25],[20,25],[21,25],[21,24],[21,24],[21,24],[22,23],[22,24],[23,23],[23,22],[22,22],[24,22],[6,5],[5,5],[6,5],[6,5],[6,5],[5,4],[7,5],[6,4],[6,5],[5,5],[6,5],[13,9],[6,4],[6,4],[6,4],[6,5],[6,4],[6,4],[13,8],[6,4],[6,4],[5,4],[6,4],[7,3],[6,4],[11,7],[6,3],[6,4],[5,3],[6,3],[6,3],[5,4],[6,3],[5,2],[11,6],[10,5],[5,3],[10,5],[5,2],[10,4],[9,4],[4,2],[4,2],[5,1],[8,3],[4,2],[14,4],[4,1],[3,0],[3,1],[3,0],[2,1],[2,0],[97,0],[33,0],[34,-1],[34,-2],[33,-3],[33,-3],[32,-5],[32,-5],[33,-6],[31,-6],[32,-7],[31,-8],[30,-9],[31,-9],[30,-9],[31,-11],[29,-11],[30,-11],[30,-12],[29,-13],[29,-13],[28,-13],[29,-14],[28,-14],[28,-15],[29,-15],[28,-15],[27,-15],[28,-16],[27,-16],[27,-17],[28,-17],[27,-17],[27,-17],[26,-18],[27,-17],[26,-18],[27,-17],[26,-18],[26,-18],[27,-18],[26,-18],[26,-18],[25,-18],[26,-18],[26,-17],[26,-18],[51,-35],[26,-17],[26,-18],[26,-17],[50,-33],[26,-16],[26,-16],[26,-15],[25,-15],[26,-15],[26,-15],[26,-14],[25,-14],[26,-14],[26,-13],[26,-12],[41,-20],[41,-19],[42,-19],[41,-18],[42,-18],[83,-34],[42,-16],[42,-15],[42,-16],[42,-14],[42,-15],[42,-14],[42,-13],[42,-13],[43,-13],[42,-13],[43,-12],[42,-11],[43,-12],[43,-11],[43,-11],[43,-10],[44,-11],[43,-10],[43,-10],[44,-10],[43,-9],[44,-9],[44,-10],[44,-9],[44,-8],[44,-9],[44,-9],[44,-9],[45,-8],[44,-8],[44,-9],[90,-16],[45,-8],[45,-8],[46,-8],[45,-9],[45,-8],[46,-9],[45,-8],[46,-9],[46,-8],[46,-9],[47,-9],[46,-9],[46,-9],[46,-9],[47,-10],[47,-10],[47,-10],[47,-10],[48,-11],[47,-10],[47,-11],[48,-12],[47,-11],[48,-12],[66,-17],[66,-17],[66,-16],[66,-17],[68,-17],[67,-17],[68,-16],[68,-17],[68,-17],[69,-17],[69,-17],[70,-18],[139,-35],[70,-18],[141,-36],[71,-18],[71,-19],[72,-18],[71,-19],[144,-39],[72,-20],[73,-20],[72,-20],[73,-21],[73,-21],[73,-21],[73,-22],[73,-22],[73,-22],[73,-23],[74,-23],[74,-24],[73,-24],[74,-24],[73,-26],[74,-25],[74,-26],[73,-27],[74,-26],[73,-28],[74,-27],[74,-29],[73,-29],[74,-30],[73,-30],[147,-62],[146,-65],[73,-33],[73,-34],[73,-35],[72,-35],[72,-36],[72,-37],[73,-37],[71,-38],[72,-39],[71,-40],[72,-40],[71,-41],[43,-26],[42,-26],[43,-26],[84,-54],[41,-28],[42,-28],[82,-57],[41,-29],[41,-29],[40,-30],[40,-30],[41,-31],[40,-31],[40,-31],[40,-32],[39,-32],[40,-32],[40,-33],[39,-33],[40,-33],[39,-34],[39,-34],[40,-34],[39,-34],[39,-35],[40,-35],[39,-36],[39,-35],[40,-36],[78,-72],[40,-36],[39,-37],[80,-74],[40,-38],[39,-37],[81,-76],[41,-38],[40,-39],[41,-38],[41,-39],[41,-39],[41,-39],[42,-40],[41,-39],[42,-40],[42,-39],[85,-80],[43,-40],[87,-80],[44,-40],[44,-41],[44,-40],[45,-41],[45,-41],[46,-41],[46,-41],[46,-41],[117,-103],[116,-102],[116,-100],[115,-100],[115,-99],[113,-97],[113,-97],[112,-95],[110,-95],[110,-94],[109,-94],[108,-92],[107,-92],[104,-92],[104,-91],[103,-90],[100,-90],[100,-89],[98,-89],[96,-89],[94,-89],[93,-88],[91,-88],[89,-88],[86,-88],[85,-88],[83,-88],[80,-88],[78,-88],[76,-89],[73,-89],[71,-89],[69,-90],[66,-89],[63,-91],[61,-91],[57,-91],[56,-92],[52,-92],[49,-94],[46,-94],[43,-95],[40,-95],[37,-97],[34,-98],[30,-98],[26,-100],[23,-101],[20,-102],[16,-104],[13,-104],[8,-106],[5,-107],[1,-108],[-3,-110],[-6,-112],[-11,-113],[-15,-115],[-20,-116],[-23,-118],[-27,-120],[-32,-121],[-36,-124],[-42,-125],[-34,-104],[-34,-101],[-32,-101],[-31,-99],[-30,-98],[-28,-97],[-27,-96],[-26,-94],[-24,-94],[-24,-92],[-22,-92],[-22,-91],[-20,-90],[-19,-89],[-18,-88],[-17,-89],[-16,-87],[-15,-86],[-14,-86],[-13,-85],[-12,-85],[-12,-85],[-11,-84],[-9,-83],[-10,-84],[-8,-83],[-7,-82],[-7,-83],[-6,-83],[-6,-82],[-4,-82],[-4,-82],[-4,-82],[-3,-83],[-2,-82],[-2,-83],[-2,-83],[-1,-83],[0,-83],[0,-168],[0,-85],[1,-85],[2,-85],[1,-86],[2,-87],[4,-175],[3,-89],[2,-89],[3,-91],[3,-91],[3,-92],[3,-93],[3,-94],[3,-94],[4,-97],[2,-97],[3,-98],[3,-100],[3,-101],[2,-102],[3,-104],[2,-104],[1,-58],[1,-57],[2,-56],[2,-113],[2,-55],[1,-55],[2,-55],[2,-55],[1,-54],[1,-54],[2,-53],[2,-54],[1,-53],[2,-53],[1,-52],[2,-52],[1,-52],[2,-51],[1,-51],[2,-51],[1,-52],[2,-50],[1,-50],[1,-50],[1,-50],[2,-49],[0,-50],[1,-49],[1,-48],[0,-49],[1,-49],[1,-48],[0,-48],[0,-143],[0,-47],[-1,-48],[0,-47],[-1,-47],[-1,-46],[-1,-48],[-3,-93],[-2,-46],[-2,-46],[-2,-46],[-2,-46],[-3,-46],[-3,-46],[-2,-46],[-4,-45],[-3,-46],[-4,-46],[-4,-45],[-5,-46],[-4,-45],[-5,-45],[-11,-91],[-6,-45],[-13,-92],[-21,-139],[-23,-140],[-25,-141],[-28,-141],[-30,-142],[-32,-142],[-35,-143],[-36,-144],[-38,-144],[-41,-144],[-42,-145],[-44,-145],[-46,-146],[-49,-147],[-50,-146],[-51,-147],[-53,-147],[-55,-148],[-57,-148],[-58,-148],[-59,-149],[-60,-149],[-63,-150],[-63,-150],[-65,-149],[-66,-150],[-67,-151],[-69,-151],[-69,-150],[-71,-151],[-72,-151],[-72,-151],[-73,-151],[-75,-152],[-75,-151],[-76,-152],[-77,-152],[-77,-151],[-78,-152],[-79,-152],[-79,-152],[-80,-152],[-161,-303],[-81,-152],[-81,-151],[-81,-152],[-82,-151],[-82,-151],[-82,-151],[-83,-151],[-81,-150],[-82,-150],[-82,-151],[-82,-150],[-82,-150],[-82,-150],[-81,-149],[-81,-149],[-81,-149],[-81,-148],[-79,-148],[-80,-148],[-79,-147],[-17,-32],[-17,-32],[-17,-31],[-16,-31],[-17,-32],[-16,-31],[-17,-30],[-31,-62],[-16,-31],[-16,-30],[-15,-31],[-15,-30],[-15,-30],[-15,-31],[-14,-29],[-14,-30],[-15,-30],[-13,-29],[-14,-30],[-13,-29],[-13,-30],[-26,-58],[-12,-29],[-12,-29],[-11,-29],[-12,-29],[-10,-29],[-11,-28],[-11,-29],[-10,-28],[-10,-29],[-10,-28],[-9,-28],[-8,-28],[-9,-29],[-8,-28],[-8,-27],[-7,-28],[-8,-28],[-6,-28],[-6,-27],[-6,-28],[-5,-28],[-5,-27],[-5,-28],[-4,-28],[-4,-27],[-3,-28],[-3,-27],[-2,-27],[-2,-28],[-1,-27],[-2,-27],[0,-27],[0,-28],[0,-27],[1,-27],[1,-27],[2,-27],[3,-27],[6,-54],[1,-8],[2,-8],[1,-8],[4,-16],[1,-9],[5,-17],[3,-8],[4,-17],[3,-9],[3,-9],[6,-17],[3,-9],[4,-9],[3,-9],[4,-9],[4,-9],[7,-18],[4,-9],[4,-9],[4,-9],[5,-9],[4,-9],[9,-18],[5,-8],[4,-9],[10,-18],[5,-9],[5,-8],[4,-9],[10,-17],[6,-9],[5,-8],[5,-8],[5,-9],[5,-8],[6,-8],[5,-8],[10,-16],[11,-15],[17,-22],[16,-21],[11,-14],[11,-13],[5,-6],[5,-6],[5,-7],[5,-6],[6,-5],[11,-10],[11,-10],[6,-5],[13,-9],[13,-9],[7,-4],[7,-4],[7,-4],[8,-4],[7,-4],[16,-7],[8,-4],[7,-3],[8,-3],[9,-3],[8,-4],[8,-2],[9,-3],[8,-3],[9,-3],[17,-5],[8,-2],[9,-2],[9,-2],[18,-4],[9,-2],[9,-2],[18,-3],[9,-1],[9,-2],[28,-3],[9,-1],[9,-1],[9,0],[9,-1],[9,0],[9,-1],[9,0],[9,-1],[35,0],[9,1],[8,0],[8,0],[9,1],[8,1],[9,0],[7,1],[9,1],[7,1],[8,1],[8,1],[138,25],[135,28],[134,32],[131,35],[128,40],[127,43],[124,46],[123,50],[120,53],[118,56],[116,60],[115,62],[112,66],[111,69],[109,72],[106,74],[105,77],[104,80],[101,82],[100,86],[98,87],[97,90],[95,92],[94,94],[92,96],[90,99],[89,101],[88,102],[87,104],[85,105],[84,108],[82,109],[81,111],[80,112],[79,113],[78,115],[77,116],[75,117],[74,119],[73,119],[73,120],[72,121],[70,122],[70,122],[69,123],[69,123],[67,124],[67,125],[66,124],[66,125],[129,251],[64,125],[63,125],[62,125],[63,124],[124,248],[61,124],[61,123],[60,123],[60,121],[60,122],[61,120],[3,7],[4,7],[4,7],[4,8],[4,7],[5,7],[4,8],[4,7],[5,8],[10,15],[5,8],[5,7],[5,8],[6,7],[6,8],[6,7],[5,8],[6,7],[6,8],[6,7],[6,8],[19,22],[7,8],[6,7],[6,7],[21,21],[14,14],[14,13],[21,20],[8,6],[15,12],[7,6],[8,5],[14,11],[8,6],[8,5],[14,10],[16,9],[15,8],[7,4],[16,7],[7,3],[8,4],[7,2],[15,5],[15,4],[7,2],[24,4],[23,4],[24,4],[23,3],[24,2],[24,2],[24,0],[23,1],[24,-1],[23,-1],[24,-1],[48,-5],[47,-7],[23,-5],[24,-5],[23,-5],[23,-6],[24,-7],[23,-7],[23,-8],[23,-8],[24,-8],[23,-9],[23,-10],[23,-10],[23,-10],[22,-11],[23,-11],[23,-11],[22,-12],[22,-13],[22,-12],[22,-13],[22,-14],[22,-14],[22,-14],[21,-14],[22,-15],[21,-15],[21,-16],[21,-15],[21,-16],[21,-17],[20,-16],[21,-17],[20,-17],[20,-18],[19,-17],[20,-18],[19,-18],[20,-18],[18,-18],[19,-19],[18,-19],[19,-19],[18,-19],[18,-19],[17,-20],[18,-19],[17,-20],[17,-19],[16,-20],[5,-6],[5,-6],[5,-7],[11,-12],[6,-6],[5,-7],[12,-14],[12,-13],[11,-14],[26,-28],[6,-7],[7,-7],[6,-8],[13,-14],[7,-7],[27,-30],[15,-15],[13,-15],[15,-14],[6,-8],[7,-7],[15,-15],[6,-7],[8,-8],[14,-14],[7,-7],[7,-7],[7,-7],[7,-7],[7,-6],[7,-7],[7,-7],[14,-13],[7,-7],[7,-6],[6,-6],[7,-6],[6,-6],[7,-6],[13,-12],[7,-6],[6,-5],[13,-11],[6,-5],[6,-5],[90,-80],[87,-82],[84,-84],[81,-86],[78,-88],[76,-89],[73,-91],[69,-92],[68,-94],[64,-96],[63,-98],[59,-98],[58,-100],[55,-101],[53,-102],[50,-104],[49,-105],[46,-106],[44,-107],[42,-109],[40,-109],[39,-109],[37,-111],[34,-112],[33,-113],[31,-113],[29,-114],[29,-114],[26,-115],[25,-116],[24,-116],[22,-116],[21,-118],[19,-117],[18,-117],[18,-118],[16,-118],[16,-118],[14,-117],[13,-118],[13,-118],[11,-118],[11,-118],[11,-118],[9,-117],[9,-118],[8,-116],[8,-117],[8,-116],[7,-115],[8,-115],[6,-115],[6,-113],[6,-113],[6,-113],[7,-111],[6,-111],[6,-110],[7,-109],[6,-108],[7,-106],[7,-106],[8,-104],[8,-104],[10,-117],[12,-118],[14,-116],[15,-118],[18,-116],[18,-116],[20,-116],[21,-116],[22,-116],[24,-115],[26,-115],[26,-116],[27,-115],[29,-114],[30,-115],[31,-114],[32,-115],[33,-114],[34,-114],[34,-114],[36,-114],[37,-113],[37,-114],[38,-113],[38,-114],[39,-114],[40,-113],[40,-113],[41,-113],[41,-114],[42,-113],[42,-113],[43,-113],[42,-113],[43,-113],[43,-113],[43,-113],[43,-113],[44,-113],[43,-113],[43,-113],[43,-113],[43,-114],[43,-113],[43,-114],[43,-113],[84,-228],[41,-114],[42,-113],[40,-114],[40,-115],[40,-114],[39,-114],[39,-115],[37,-115],[37,-115],[36,-114],[36,-115],[34,-116],[34,-116],[32,-115],[32,-116],[31,-117],[1,-4],[1,-3],[1,-4],[2,-8],[2,-5],[2,-12],[1,-4],[1,-4],[4,-18],[2,-8],[1,-9],[1,-5],[1,-5],[1,-5],[0,-4],[2,-9],[1,-9],[2,-10],[0,-5],[0,-5],[2,-10],[1,-5],[0,-4],[2,-10],[0,-5],[3,-25],[1,-5],[2,-25],[0,-5],[1,-10],[1,-10],[0,-5],[2,-15],[0,-10],[1,-5],[0,-10],[1,-10],[1,-11],[0,-5],[1,-11],[0,-5],[1,-5],[1,-17],[0,-10],[1,-5],[0,-5],[0,-16],[1,-5],[0,-5],[0,-6],[0,-50],[-1,-10],[0,-20],[0,-5],[-1,-5],[0,-5],[0,-5],[-1,-5],[0,-4],[0,-5],[-1,-5],[0,-4],[0,-5],[-1,-10],[0,-4],[0,-5],[-2,-13],[0,-5],[-1,-8],[-1,-9],[0,-4],[-1,-4],[0,-4],[-1,-5],[0,-4],[-5,-30],[-6,-31],[-5,-30],[-5,-31],[-6,-30],[-6,-30],[-6,-30],[-12,-61],[-7,-30],[-6,-30],[-7,-30],[-7,-30],[-7,-30],[-8,-30],[-7,-30],[-15,-59],[-8,-30],[-8,-29],[-8,-30],[-9,-29],[-8,-30],[-9,-29],[-8,-29],[-9,-30],[-9,-29],[-9,-29],[-10,-30],[-9,-29],[-7,-23],[-2,-6],[-9,-29],[-9,-29],[-10,-30],[-10,-29],[-10,-29],[-9,-29],[-10,-29],[-10,-29],[-10,-29],[-10,-29],[-31,-87],[-11,-29],[-10,-28],[-11,-29],[-10,-29],[-10,-29],[-9,-21],[-2,-8],[-4,-9],[-7,-20],[-11,-29],[-10,-29],[-11,-28],[-11,-29],[-10,-29],[-10,-29],[-11,-29],[-11,-28],[-11,-29],[-11,-29],[-11,-29],[-11,-28],[-10,-30],[-9,-23],[-8,-24],[-8,-24],[-8,-24],[-8,-24],[-14,-49],[-7,-25],[-7,-25],[-6,-26],[-6,-25],[-6,-26],[-6,-25],[-6,-26],[-5,-26],[-6,-26],[-11,-52],[-5,-27],[-10,-53],[-11,-52],[-10,-53],[-5,-26],[-5,-27],[-6,-26],[-5,-26],[-5,-26],[-5,-26],[-6,-26],[-6,-26],[-6,-26],[-6,-26],[-6,-25],[-7,-26],[-6,-26],[-7,-25],[-15,-50],[-7,-25],[-8,-25],[-9,-24],[-8,-24],[-9,-24],[-9,-24],[-10,-23],[-10,-23],[-10,-24],[-11,-22],[-11,-23],[-11,-22],[-12,-22],[-25,-43],[-13,-20],[-14,-21],[-15,-20],[-15,-20],[-15,-20],[-16,-19],[-17,-18],[-17,-18],[-2,-3],[-1,-1],[-1,-2],[-1,-1],[-2,-2],[-1,-1],[-1,-2],[-2,-3],[-2,-2],[-1,-2],[-1,-1],[-2,-1],[-1,-3],[-2,-1],[-2,-3],[-1,-1],[-1,-2],[-1,-1],[-2,-2],[-1,-2],[-4,-5],[-2,-1],[-2,-2],[-1,-1],[-11,-12],[-3,-2],[-2,-2],[-2,-2],[-2,-2],[-2,-1],[-1,-2],[-2,-1],[-1,-1],[-1,-1],[-1,-1],[-1,-1],[-1,-1],[-2,-1],[0,-1],[-17,-13],[-16,-13],[-16,-13],[-17,-12],[-17,-12],[-16,-11],[-18,-11],[-17,-10],[-17,-10],[-18,-10],[-17,-10],[-18,-9],[-18,-9],[-18,-9],[-18,-8],[-36,-16],[-18,-8],[-18,-7],[-38,-14],[-37,-13],[-19,-7],[-19,-6],[-19,-6],[-18,-6],[-19,-5],[-19,-6],[-20,-5],[-38,-11],[-19,-6],[-19,-5],[-19,-5],[-19,-5],[-19,-5],[-20,-5],[-19,-6],[-19,-5],[-19,-5],[-19,-5],[-20,-6],[-19,-5],[-19,-6],[-57,-16],[-57,-18],[-19,-6],[-18,-7],[-19,-6],[-56,-21],[-18,-8],[-18,-7],[-19,-8],[-18,-8],[-18,-9],[-18,-9],[-18,-9],[-20,-10],[-19,-10],[-19,-10],[-20,-10],[-19,-10],[-20,-10],[-20,-10],[-19,-11],[-19,-10],[-20,-10],[-19,-11],[-19,-11],[-19,-11],[-19,-10],[-19,-11],[-19,-11],[-20,-11],[-38,-23],[-18,-11],[-19,-12],[-19,-11],[-19,-12],[-18,-11],[-19,-12],[-37,-23],[-19,-12],[-37,-24],[-18,-12],[-18,-13],[-18,-13],[-19,-12],[-18,-12],[-18,-13],[-18,-13],[-18,-12],[-36,-26],[-35,-26],[-18,-13],[-17,-14],[-18,-13],[-18,-14],[-17,-13],[-18,-14],[-17,-13],[-17,-14],[-17,-14],[-18,-14],[-17,-14],[-17,-14],[-16,-15],[-17,-14],[-18,-14],[-16,-14],[-17,-15],[-16,-15],[-17,-15],[-17,-14],[-16,-15],[-16,-15],[-35,-33],[-34,-32],[-33,-33],[-34,-34],[-32,-33],[-64,-68],[-32,-35],[-31,-35],[-31,-35],[-30,-35],[-30,-36],[-29,-36],[-30,-37],[-29,-37],[-28,-38],[-56,-75],[-27,-38],[-28,-38],[-26,-39],[-27,-38],[-26,-40],[-25,-39],[-26,-40],[-25,-39],[-24,-41],[-48,-81],[-24,-41],[-23,-41],[-23,-42],[-23,-41],[-44,-84],[-22,-42],[-21,-43],[-22,-42],[-41,-86],[-21,-44],[-19,-43],[-20,-44],[-19,-44],[-38,-88],[-18,-44],[-19,-44],[-18,-45],[-18,-45],[-17,-44],[-17,-46],[-17,-45],[-17,-45],[-17,-45],[-16,-46],[-16,-45],[-16,-46],[-15,-45],[-15,-46],[-30,-92],[-15,-47],[-14,-46],[-9,-29],[-9,-29],[-9,-28],[-9,-29],[-9,-28],[-9,-29],[-8,-29],[-9,-29],[-9,-28],[-9,-29],[-8,-29],[-8,-29],[-9,-28],[-8,-29],[-8,-30],[-17,-58],[-8,-28],[-8,-29],[-7,-29],[-9,-29],[-7,-29],[-8,-29],[-16,-58],[-7,-29],[-8,-29],[-7,-30],[-8,-29],[-7,-29],[-8,-29],[-14,-59],[-8,-29],[-7,-30],[-14,-58],[-7,-29],[-7,-30],[-7,-29],[-7,-29],[-7,-29],[-7,-30],[-7,-29],[-7,-29],[-6,-29],[-7,-30],[-13,-59],[-7,-30],[-6,-29],[-13,-58],[-6,-30],[-7,-29],[-19,-89],[-6,-29],[-6,-29],[-7,-30],[-12,-59],[-6,-29],[-4,-19],[-2,-10],[-5,-19],[-1,-9],[-5,-19],[-2,-9],[-2,-9],[-3,-10],[-2,-9],[-3,-9],[-2,-9],[-2,-10],[-3,-9],[-5,-18],[-3,-9],[-2,-9],[-3,-9],[-3,-9],[-3,-9],[-3,-9],[-2,-9],[-3,-9],[-4,-9],[-2,-9],[-10,-27],[-6,-18],[-3,-9],[-4,-9],[-3,-8],[-3,-9],[-3,-9],[-4,-9],[-4,-9],[-3,-9],[-7,-17],[-4,-9],[-3,-9],[-4,-8],[-4,-9],[-4,-9],[-3,-8],[-4,-9],[-4,-9],[-4,-8],[-4,-9],[-4,-9],[-8,-17],[-8,-17],[-4,-9],[-8,-17],[-5,-9],[-4,-8],[-4,-9],[-8,-14],[-7,-14],[-8,-14],[-7,-14],[-8,-14],[-7,-14],[-9,-14],[-7,-13],[-8,-14],[-9,-14],[-8,-14],[-8,-13],[-8,-14],[-9,-13],[-8,-14],[-9,-13],[-17,-27],[-9,-14],[-8,-13],[-9,-13],[-9,-13],[-9,-14],[-9,-13],[-9,-13],[-9,-13],[-10,-12],[-9,-13],[-9,-13],[-10,-13],[-9,-12],[-10,-13],[-10,-13],[-9,-13],[-10,-13],[-10,-12],[-9,-12],[-10,-13],[-10,-12],[-10,-12],[-10,-12],[-10,-12],[-10,-12],[-10,-12],[-10,-12],[-10,-11],[-10,-12],[-10,-12],[-31,-34],[-10,-12],[-11,-11],[-10,-11],[-10,-11],[-11,-11],[-10,-11],[-11,-11],[-11,-11],[-20,-21],[-22,-21],[-10,-11],[-18,-17],[-19,-16],[-18,-16],[-19,-16],[-18,-16],[-19,-16],[-19,-16],[-19,-15],[-19,-15],[-20,-15],[-19,-15],[-19,-15],[-20,-14],[-19,-15],[-20,-14],[-40,-28],[-19,-13],[-21,-14],[-20,-14],[-20,-14],[-20,-13],[-20,-13],[-21,-13],[-20,-14],[-20,-13],[-21,-13],[-20,-13],[-20,-13],[-21,-13],[-20,-13],[-21,-13],[-21,-13],[-20,-13],[-20,-14],[-21,-13],[-40,-26],[-21,-13],[-20,-13],[-20,-13],[-21,-14],[-20,-13],[-20,-14],[-20,-13],[-20,-15],[-20,-13],[-40,-28],[-19,-14],[-20,-15],[-20,-14],[-19,-15],[-19,-15],[-20,-15],[-37,-30],[-19,-15],[-19,-16],[-19,-16],[-18,-16],[-19,-16],[-18,-16],[-18,-17],[-12,-12],[-12,-12],[-23,-23],[-12,-12],[-12,-12],[-11,-12],[-12,-12],[-12,-13],[-11,-12],[-11,-12],[-11,-13],[-23,-25],[-10,-13],[-11,-12],[-11,-13],[-44,-53],[-20,-26],[-11,-13],[-11,-14],[-10,-13],[-21,-27],[-10,-14],[-10,-13],[-10,-14],[-10,-14],[-10,-14],[-10,-13],[-10,-14],[-9,-14],[-10,-14],[-29,-42],[-10,-14],[-9,-15],[-10,-14],[-9,-14],[-9,-14],[-9,-15],[-10,-14],[-9,-15],[-9,-14],[-9,-15],[-27,-44],[-9,-15],[-9,-14],[-8,-15],[-9,-14],[-9,-15],[-9,-15],[-17,-29],[-8,-15],[-8,-15],[-9,-14],[-26,-45],[-26,-45],[-26,-46],[-26,-45],[-26,-45],[-25,-46],[-25,-46],[-25,-46],[-25,-47],[-49,-93],[-24,-46],[-24,-47],[-24,-47],[-24,-47],[-23,-48],[-69,-143],[-23,-48],[-22,-48],[-22,-48],[-45,-97],[-21,-48],[-43,-97],[-21,-50],[-20,-49],[-42,-98],[-20,-49],[-20,-49],[-20,-49],[-19,-50],[-20,-49],[-19,-50],[-19,-51],[-18,-49],[-37,-100],[-18,-50],[-18,-50],[-18,-50],[-17,-51],[-17,-50],[-17,-50],[-34,-102],[-16,-50],[-31,-101],[-16,-51],[-16,-51],[-15,-50],[-15,-51],[-14,-51],[-29,-102],[-14,-51],[-14,-51],[-13,-50],[-13,-51],[-13,-51],[-4,-16],[-13,-50],[-4,-16],[-3,-17],[-4,-16],[-4,-17],[-4,-16],[-8,-34],[-4,-16],[-3,-17],[-4,-16],[-4,-17],[-4,-16],[-3,-17],[-4,-16],[-4,-17],[-4,-16],[-3,-17],[-4,-16],[-3,-17],[-4,-16],[-3,-17],[-4,-16],[-3,-17],[-4,-16],[-4,-17],[-6,-33],[-4,-16],[-3,-17],[-7,-33],[-3,-17],[-4,-16],[-3,-17],[-16,-83],[-3,-17],[-3,-17],[-3,-17],[-16,-82],[-3,-17],[-3,-17],[-3,-17],[-3,-16],[-3,-17],[-2,-16],[-3,-17],[-3,-17],[-3,-17],[-3,-16],[-3,-17],[-2,-17],[-3,-17],[-4,-27],[-3,-13],[-2,-13],[-2,-14],[-3,-13],[-2,-13],[-7,-40],[-3,-13],[-9,-52],[-2,-13],[-4,-26],[-7,-37],[-2,-13],[-3,-13],[-1,-12],[-2,-13],[-5,-25],[-3,-25],[-3,-12],[-1,-13],[-2,-12],[-2,-12],[-4,-25],[-2,-12],[-1,-12],[-2,-13],[-1,-12],[-2,-12],[-3,-24],[-2,-12],[-1,-12],[-2,-12],[0,-12],[-3,-25],[-1,-12],[-1,-12],[-5,-60],[-1,-11],[0,-12],[-1,-12],[-1,-12],[0,-11],[-1,-12],[0,-12],[0,-12],[0,-11]],[[362553,268686],[-2,1],[-2,2],[-2,3],[-3,2],[-3,3],[-4,2],[-4,4],[-4,3],[-4,3],[-5,4],[-4,4],[-6,4],[-11,9],[-5,4],[-13,10],[-7,5],[-6,5],[-7,5],[-7,6],[-7,5],[-7,6],[-15,12],[-15,11],[-15,12],[-9,6],[-8,6],[-15,11],[-16,12],[-8,6],[-8,6],[-15,11],[-7,6],[-15,11],[-7,6],[-7,5],[-7,5],[-6,5],[-7,5],[-6,5],[-6,5],[-6,4],[-6,4],[-11,8],[-4,4],[-5,3],[-8,7],[-7,5],[-4,3],[-2,2],[-3,1],[-3,3],[-7,7],[-7,7],[-7,6],[-14,14],[-13,13],[-14,14],[-6,7],[-8,6],[-6,7],[-7,7],[-7,6],[-7,7],[-7,7],[-7,6],[-7,7],[-13,13],[-7,7],[-7,7],[-7,6],[-14,14],[-7,7],[-7,6],[-13,14],[-14,13],[-13,14],[-7,7],[-7,6],[-13,14],[-7,7],[-7,6],[-14,14],[-7,7],[-7,6],[-7,7],[-13,13],[-7,7],[-14,14],[-6,7],[-8,6],[-6,7],[-7,7],[-7,6],[-7,7],[-14,14],[-13,13],[-14,14],[-7,6],[-7,7],[-7,7],[-6,5],[-10,11],[-6,6],[-5,6],[-12,13],[-5,6],[-6,7],[-6,6],[-6,7],[-10,14],[-6,8],[-5,7],[-6,7],[-6,8],[-6,8],[-5,7],[-5,8],[-17,24],[-10,17],[-5,8],[-5,8],[-10,17],[-6,9],[-5,9],[-10,17],[-5,9],[-4,8],[-5,9],[-5,9],[-5,9],[-4,9],[-9,17],[-4,9],[-5,9],[-8,17],[-8,18],[-8,17],[-4,9],[-3,9],[-4,8],[-3,9],[-4,8],[-6,17],[-3,8],[-4,9],[-8,24],[-2,7],[-3,8],[-2,8],[-11,39],[-12,39],[-12,39],[-13,39],[-13,39],[-13,39],[-14,38],[-13,39],[-15,39],[-14,39],[-15,39],[-15,38],[-15,39],[-15,38],[-16,39],[-32,77],[-16,38],[-17,39],[-16,38],[-18,39],[-33,78],[-17,39],[-17,38],[-18,39],[-17,39],[-18,39],[-18,39],[-17,39],[-18,39],[-88,198],[-34,80],[-18,40],[-17,40],[-17,40],[-17,41],[-17,41],[-17,41],[-17,41],[-16,41],[-16,42],[-16,42],[-16,41],[-16,42],[-15,42],[-15,43],[-15,42],[-14,43],[-15,43],[-14,44],[-13,43],[-14,44],[-13,44],[-12,45],[-12,44],[-13,45],[-11,45],[-11,45],[-22,90],[-19,89],[-20,91],[-18,91],[-18,92],[-17,92],[-17,92],[-16,93],[-15,93],[-14,94],[-14,93],[-13,95],[-26,189],[-11,95],[-12,95],[-11,95],[-11,95],[-10,96],[-11,96],[-10,96],[-9,96],[-9,96],[-9,96],[-9,95],[-18,192],[-9,96],[-8,96],[-9,96],[-9,95],[-9,96],[-9,95],[-9,95],[-9,95],[-10,94],[-9,95],[-10,93],[-10,94],[-11,94],[-10,93],[-11,92],[-12,92],[-12,92],[-12,92],[-13,90],[-13,91],[-14,89],[-14,89],[-15,89],[-16,88],[-16,88],[-17,86],[-18,86],[-18,85],[-20,85],[-19,85],[-22,83],[-21,82],[-23,82],[-23,81],[-25,80],[-26,79],[-27,78],[-20,56],[-20,55],[-22,54],[-21,53],[-23,52],[-22,51],[-23,50],[-24,49],[-24,48],[-25,47],[-24,46],[-26,45],[-26,45],[-26,43],[-26,43],[-27,42],[-27,42],[-27,41],[-28,39],[-28,39],[-29,38],[-29,38],[-29,37],[-30,37],[-30,35],[-30,35],[-31,35],[-31,34],[-31,33],[-31,33],[-32,32],[-32,32],[-32,32],[-32,30],[-33,31],[-33,30],[-33,29],[-33,30],[-34,29],[-33,28],[-34,29],[-34,27],[-34,28],[-34,27],[-35,27],[-35,27],[-69,53],[-35,27],[-35,26],[-36,26],[-35,26],[-35,26],[-36,25],[-36,26],[-35,25],[-36,26],[-35,25],[-36,26],[-35,25],[-36,26],[-36,26],[-35,25],[-36,26],[-69,50],[-138,100],[-69,49],[-69,49],[-69,49],[-69,49],[-70,48],[-69,48],[-69,49],[-69,47],[-69,48],[-69,47],[-69,47],[-69,46],[-69,46],[-69,46],[-69,45],[-69,45],[-68,44],[-69,44],[-137,86],[-68,42],[-68,42],[-68,41],[-69,41],[-67,39],[-68,40],[-67,38],[-68,38],[-67,37],[-68,37],[-67,35],[-67,35],[-66,35],[-66,34],[-66,32],[-66,32],[-67,31],[-65,30],[-66,29],[-65,29],[-65,27],[-65,27],[-64,25],[-65,25],[-64,23],[-63,23],[-64,21],[-63,21],[-63,19],[-63,19],[-62,17],[-62,16],[-62,15],[-61,14],[-61,12],[-61,12],[-60,10],[-61,9],[-60,8],[-59,6],[-59,5],[-7,0],[-8,1],[-8,1],[-16,2],[-15,2],[-18,2],[-8,1],[-8,1],[-9,1],[-9,1],[-9,2],[-8,1],[-9,2],[-18,3],[-10,1],[-9,2],[-9,2],[-9,2],[-9,2],[-9,2],[-29,6],[-9,2],[-9,2],[-9,2],[-29,7],[-9,3],[-10,2],[-9,3],[-9,2],[-18,5],[-9,3],[-9,3],[-9,3],[-9,3],[-9,3],[-9,3],[-9,3],[-17,6],[-8,3],[-9,3],[-8,3],[-17,7],[-8,3],[-8,4],[-23,10],[-7,4],[-15,7],[-7,4],[-13,8],[-111,60],[-111,61],[-110,60],[-111,60],[-110,60],[-111,59],[-110,59],[-110,59],[-111,58],[-110,58],[-111,58],[-111,57],[-110,58],[-111,57],[-110,57],[-112,56],[-111,56],[-111,57],[-111,56],[-111,56],[-113,56],[-111,56],[-113,55],[-112,55],[-113,55],[-113,56],[-113,55],[-114,55],[-114,55],[-114,54],[-115,55],[-115,55],[-116,55],[-115,55],[-117,54],[-116,55],[-117,55],[-118,55],[-118,55],[-119,56],[-120,55],[-119,55],[-121,55],[-120,55],[-122,56],[-122,55],[-123,56],[-123,56],[-124,56],[-125,56],[-126,57],[-126,56],[-127,57],[-127,57],[-129,58],[-129,57],[-130,58],[-131,58],[-131,59],[-133,58],[-133,59],[-134,59],[-135,60],[-136,60],[-48,21],[-50,21],[-49,22],[-50,20],[-49,22],[-51,20],[-50,21],[-50,21],[-51,20],[-51,21],[-50,20],[-51,20],[-51,20],[-51,20],[-51,20],[-102,40],[-51,20],[-51,20],[-50,19],[-51,20],[-51,19],[-50,20],[-151,58],[-49,20],[-50,19],[-50,19],[-49,20],[-49,19],[-49,20],[-48,19],[-48,20],[-48,19],[-48,19],[-47,19],[-47,20],[-46,19],[-46,20],[-90,39],[-45,19],[-44,20],[-44,20],[-43,20],[-42,20],[-42,20],[-42,20],[-40,20],[-41,20],[-40,20],[-38,21],[-39,20],[-37,21],[-37,21],[-37,21],[-35,21],[-35,21],[-34,21],[-33,22],[-33,21],[-32,22],[-30,22],[-51,37],[-51,38],[-50,38],[-50,40],[-49,40],[-49,41],[-48,42],[-47,44],[-47,43],[-47,44],[-46,45],[-45,46],[-46,46],[-45,46],[-44,48],[-44,48],[-43,48],[-44,50],[-42,50],[-43,50],[-42,51],[-41,51],[-41,52],[-41,53],[-40,53],[-40,53],[-40,53],[-39,55],[-40,54],[-38,55],[-39,55],[-38,55],[-37,56],[-38,56],[-37,57],[-37,56],[-36,57],[-37,58],[-36,57],[-35,58],[-36,58],[-35,58],[-36,58],[-35,59],[-34,58],[-34,59],[-35,59],[-33,59],[-34,59],[-34,59],[-33,58],[-33,59],[-33,59],[-33,59],[-33,59],[-65,118],[-33,59],[-32,59],[-32,58],[-32,58],[-32,59],[-32,58],[-32,57],[-3,7],[-8,14],[-9,14],[-5,8],[-14,22],[-5,8],[-4,8],[-5,8],[-5,7],[-5,8],[-6,9],[-10,16],[-11,17],[-10,16],[-12,17],[-11,17],[-12,17],[-12,17],[-5,9],[-18,25],[-6,9],[-23,34],[-12,17],[-6,8],[-6,8],[-5,9],[-12,16],[-5,9],[-12,16],[-11,16],[-6,8],[-5,7],[-6,8],[-11,15],[-10,15],[-5,7],[-5,7],[-15,21],[-5,6],[-5,7],[-22,28],[-21,29],[-22,29],[-22,30],[-22,29],[-21,30],[-21,31],[-22,30],[-21,31],[-22,31],[-21,31],[-22,32],[-21,32],[-22,32],[-21,32],[-21,32],[-20,32],[-43,65],[-21,33],[-20,33],[-21,33],[-21,34],[-20,33],[-20,33],[-21,34],[-20,34],[-20,33],[-20,34],[-20,34],[-20,34],[-19,34],[-20,34],[-19,34],[-20,34],[-19,34],[-19,34],[-19,34],[-18,34],[-19,34],[-18,34],[-19,35],[-18,34],[-18,33],[-53,101],[-34,67],[-17,33],[-17,33],[-17,33],[-17,33],[-16,33],[-16,32],[-16,33],[-15,32],[-16,33],[-15,32],[-15,31],[-15,32],[-15,31],[-14,31],[-14,31]],[[338295,293759],[11,10],[25,19],[12,9],[11,10],[12,10],[13,9],[11,10],[12,10],[12,10],[12,10],[24,20],[11,10],[12,10],[24,20],[11,10],[12,10],[12,10],[12,10],[11,11],[24,21],[11,10],[12,11],[11,10],[12,11],[11,11],[12,11],[11,10],[12,11],[11,10],[11,11],[12,11],[11,11],[12,11],[34,33],[11,11],[11,11],[12,11],[11,11],[11,11],[11,11],[11,12],[12,11],[11,12],[11,11],[11,12],[11,11],[11,12],[11,12],[11,11],[11,12],[11,12],[11,12],[11,11],[11,12],[11,12],[11,12],[11,12],[24,26],[12,14],[12,13],[13,15],[13,13],[13,13],[13,14],[13,13],[13,14],[13,13],[13,13],[28,26],[13,13],[13,12],[14,13],[13,13],[14,13],[14,12],[27,25],[14,13],[14,12],[14,13],[14,12],[14,12],[14,13],[14,12],[14,12],[28,24],[29,25],[14,12],[15,12],[14,12],[14,12],[15,11],[14,12],[29,24],[29,24],[14,12],[15,12],[29,23],[14,12],[15,12],[14,11],[15,12],[15,12],[14,12],[15,11],[14,12],[29,24],[15,11],[14,12],[15,12],[14,12],[14,12],[15,12],[14,11],[11,9],[10,8],[11,10],[11,10],[12,10],[12,11],[12,11],[12,12],[13,12],[13,13],[13,12],[14,14],[13,13],[14,14],[15,15],[14,14],[14,15],[14,15],[15,15],[15,16],[16,16],[15,15],[31,32],[15,16],[16,16],[16,17],[31,32],[17,16],[16,16],[15,16],[17,16],[31,32],[17,16],[31,31],[16,15],[16,15],[16,14],[16,15],[16,14],[15,14],[16,14],[15,13],[15,13],[15,12],[16,12],[14,12],[14,11],[15,11],[14,10],[14,11],[14,9],[14,9],[14,8],[13,7],[13,7],[12,7],[13,5],[12,5],[12,4],[11,4],[72,21],[71,20],[71,18],[71,18],[70,16],[69,16],[70,15],[69,14],[69,14],[69,12],[68,12],[68,12],[67,11],[67,10],[67,10],[67,9],[67,9],[66,8],[66,8],[66,8],[65,7],[66,7],[65,7],[65,7],[64,6],[65,7],[65,6],[64,7],[64,6],[64,7],[64,6],[63,7],[64,7],[63,7],[64,7],[63,8],[63,7],[126,17],[63,9],[63,10],[63,10],[63,11],[63,11],[63,11],[62,12],[63,13],[63,14],[63,15],[63,15],[62,17],[63,17],[64,18],[62,19],[63,19],[63,21],[64,22],[63,23],[63,25],[64,25],[63,27],[65,28],[63,29],[65,31],[69,34],[68,35],[69,37],[68,36],[68,36],[68,38],[67,38],[67,38],[67,39],[67,40],[66,39],[67,41],[66,41],[66,41],[66,43],[66,42],[65,43],[66,44],[65,44],[65,44],[66,45],[65,45],[65,46],[66,46],[65,46],[65,47],[66,48],[65,47],[66,48],[66,49],[65,48],[66,49],[66,50],[67,50],[66,50],[66,51],[67,50],[67,51],[67,52],[67,52],[68,52],[68,52],[69,53],[68,52],[69,53],[69,54],[69,54],[140,108],[142,109],[72,54],[72,55],[73,55],[72,56],[74,55],[74,56],[75,55],[75,56],[75,56],[77,56],[76,56],[77,57],[79,57],[79,57],[80,58],[80,59],[82,59],[82,60],[83,61],[83,61],[84,62],[84,63],[85,63],[85,63],[86,64],[87,65],[86,64],[87,66],[88,66],[87,67],[88,66],[88,67],[89,68],[88,68],[89,68],[89,69],[89,69],[89,69],[89,70],[89,70],[267,212],[90,71],[88,71],[89,71],[88,72],[88,71],[88,72],[87,73],[87,72],[88,73],[86,72],[86,73],[85,72],[85,73],[85,73],[84,73],[84,73],[83,73],[82,73],[82,73],[81,72],[81,73],[79,73],[79,73],[78,72],[77,72],[76,73],[76,72],[74,72],[74,72],[72,72],[72,71],[71,71],[69,71],[69,71],[41,43],[40,43],[40,44],[39,44],[38,45],[38,44],[37,45],[37,45],[37,45],[71,91],[36,46],[69,91],[35,46],[34,46],[33,46],[34,46],[33,46],[34,45],[33,46],[33,46],[33,45],[33,45],[34,45],[33,45],[33,44],[67,88],[34,44],[33,43],[34,43],[35,42],[35,43],[34,41],[36,41],[35,41],[37,40],[36,40],[37,39],[38,38],[38,38],[39,37],[39,37],[40,35],[40,36],[42,35],[42,33],[43,33],[43,32],[44,31],[45,31],[46,29],[47,29],[48,27],[48,27],[50,26],[51,24],[52,24],[53,23],[54,21],[56,21],[56,20],[57,18],[8,2],[7,2],[8,2],[15,4],[8,1],[15,2],[9,0],[8,1],[7,0],[16,0],[17,-1],[8,0],[16,-2],[8,-1],[8,-2],[7,-2],[9,-2],[8,-1],[8,-2],[8,-2],[7,-3],[8,-2],[8,-3],[8,-3],[8,-3],[8,-3],[7,-3],[8,-4],[7,-3],[8,-4],[14,-8],[8,-5],[6,-4],[8,-4],[7,-5],[6,-5],[7,-5],[6,-5],[7,-5],[6,-5],[6,-5],[7,-6],[5,-6],[12,-11],[6,-6],[5,-6],[5,-7],[5,-6],[5,-6],[5,-7],[4,-7],[5,-7],[12,-21],[4,-7],[3,-7],[15,-34],[13,-34],[14,-34],[12,-35],[11,-35],[10,-35],[10,-35],[10,-35],[9,-36],[8,-36],[7,-36],[13,-73],[5,-37],[4,-36],[5,-37],[4,-37],[3,-37],[2,-38],[2,-37],[2,-38],[1,-38],[0,-38],[1,-38],[-1,-38],[-1,-76],[-2,-38],[-1,-39],[-3,-38],[-2,-39],[-3,-38],[-3,-39],[-4,-39],[-4,-39],[-4,-39],[-4,-39],[-9,-77],[-10,-78],[-11,-78],[-6,-39],[-6,-39],[-12,-77],[-5,-40],[-6,-39],[-13,-77],[-6,-39],[-6,-38],[-6,-39],[-6,-38],[-6,-38],[-6,-39],[-12,-76],[-11,-76],[-6,-38],[-5,-38],[-5,-37],[-1,-8],[-1,-8],[-1,-9],[-1,-8],[-2,-9],[-2,-9],[-1,-9],[-4,-18],[-1,-9],[-4,-18],[-7,-29],[-2,-9],[-3,-10],[-2,-9],[-2,-10],[-3,-10],[-3,-9],[-2,-10],[-3,-10],[-3,-10],[-3,-9],[-2,-10],[-3,-10],[-4,-10],[-2,-10],[-4,-10],[-3,-9],[-3,-10],[-4,-9],[-6,-19],[-4,-10],[-3,-10],[-4,-10],[-4,-9],[-4,-10],[-3,-9],[-4,-9],[-4,-10],[-4,-9],[-4,-9],[-8,-17],[-4,-9],[-12,-25],[-5,-9],[-4,-8],[-4,-8],[-4,-8],[-5,-8],[-4,-8],[-9,-15],[-5,-7],[-9,-14],[-5,-7],[-4,-6],[-53,-73],[-54,-71],[-56,-70],[-58,-69],[-59,-68],[-60,-67],[-62,-67],[-63,-65],[-64,-65],[-66,-64],[-66,-64],[-68,-63],[-69,-62],[-69,-61],[-69,-61],[-71,-61],[-71,-60],[-72,-60],[-72,-59],[-72,-60],[-74,-59],[-73,-58],[-73,-59],[-74,-58],[-74,-58],[-73,-59],[-73,-58],[-74,-59],[-73,-59],[-73,-59],[-144,-118],[-72,-59],[-71,-60],[-70,-61],[-70,-60],[-69,-62],[-68,-62],[-67,-62],[-66,-63],[-65,-64],[-64,-64],[-63,-65],[-61,-66],[-60,-67],[-58,-68],[-57,-68],[-56,-70],[-53,-70],[-53,-72],[-50,-73],[-49,-74],[-46,-75],[-45,-77],[-43,-77],[-40,-80],[-39,-80],[-35,-83],[-34,-83],[-32,-85],[-28,-86],[-26,-89],[-24,-89],[-21,-92],[-4,-16],[-1,-8],[-1,-8],[-1,-8],[-1,-9],[-1,-8],[0,-9],[0,-8],[-1,-9],[0,-17],[1,-9],[1,-17],[2,-18],[1,-9],[1,-8],[1,-9],[4,-18],[2,-9],[1,-9],[3,-8],[2,-9],[3,-9],[2,-9],[3,-8],[3,-9],[3,-9],[9,-25],[4,-8],[3,-9],[4,-8],[8,-16],[8,-16],[5,-7],[4,-8],[5,-8],[4,-8],[5,-7],[5,-7],[10,-14],[5,-7],[5,-7],[6,-7],[4,-6],[6,-6],[6,-7],[6,-5],[11,-11],[12,-11],[13,-10],[6,-5],[6,-4],[6,-4],[10,-7],[11,-7],[10,-6],[11,-7],[5,-3],[5,-3],[5,-3],[5,-4],[11,-6],[6,-3],[10,-6],[11,-6],[6,-3],[5,-2],[5,-3],[6,-3],[10,-6],[6,-3],[11,-5],[6,-3],[10,-5],[6,-2],[16,-8],[6,-2],[10,-5],[12,-4],[11,-5],[11,-4],[6,-2],[6,-2],[10,-4],[12,-4],[6,-2],[5,-2],[6,-1],[6,-2],[5,-2],[6,-2],[6,-1],[5,-2],[12,-3],[11,-3],[6,-2],[7,-2],[8,-1],[7,-2],[9,-2],[7,-1],[9,-1],[8,-2],[9,-1],[8,-1],[9,0],[8,-1],[9,-1],[9,0],[10,-1],[18,-1],[47,0],[19,1],[10,0],[9,1],[10,0],[9,1],[10,0],[10,1],[10,1],[40,4],[9,1],[20,2],[10,1],[9,2],[10,1],[10,1],[9,1],[10,2],[10,1],[19,3],[9,2],[18,3],[9,1],[28,5],[8,1],[9,2],[8,2],[9,2],[8,1],[16,3],[8,2],[15,3],[8,1],[124,24],[122,22],[122,18],[120,16],[121,13],[118,10],[118,7],[117,4],[116,2],[116,0],[114,-4],[113,-6],[113,-8],[111,-11],[111,-13],[110,-16],[110,-18],[108,-20],[108,-22],[107,-25],[106,-27],[105,-29],[105,-32],[103,-33],[103,-35],[103,-38],[102,-40],[101,-41],[100,-44],[100,-45],[99,-47],[98,-49],[98,-50],[97,-53],[97,-54],[96,-55],[95,-58],[95,-59],[94,-60],[94,-62],[93,-64],[92,-64],[92,-66],[92,-68],[91,-69],[90,-70],[91,-71],[89,-73],[89,-73],[89,-75],[88,-76],[88,-77],[87,-78],[88,-79],[86,-80],[87,-80],[86,-82],[86,-82],[85,-84],[85,-84],[84,-84],[85,-85],[84,-86],[83,-87],[28,-28],[27,-29],[28,-28],[27,-28],[27,-28],[28,-29],[28,-28],[54,-56],[27,-29],[28,-28],[27,-28],[28,-29],[27,-28],[28,-28],[28,-28],[28,-28],[28,-29],[28,-28],[56,-56],[29,-28],[28,-28],[58,-56],[29,-28],[29,-27],[29,-28],[30,-28],[30,-27],[30,-28],[30,-27],[30,-27],[31,-28],[31,-28],[31,-27],[32,-27],[32,-27],[32,-27],[32,-27],[33,-27],[33,-26],[33,-27],[34,-27],[34,-26],[34,-26],[34,-27],[35,-26],[35,-26],[37,-26],[35,-25],[37,-26],[37,-26],[75,-51],[39,-25],[38,-26],[39,-25],[40,-24],[40,-25],[41,-25],[41,-25],[41,-24],[42,-24],[60,-35],[61,-36],[59,-35],[59,-36],[59,-36],[58,-37],[58,-37],[57,-37],[57,-37],[57,-37],[56,-38],[56,-38],[110,-76],[55,-38],[54,-38],[54,-39],[53,-39],[54,-39],[53,-39],[53,-39],[52,-40],[52,-39],[52,-40],[52,-40],[51,-40],[52,-40],[51,-40],[51,-40],[51,-41],[50,-40],[51,-41],[50,-41],[100,-81],[50,-41],[50,-41],[49,-41],[50,-41],[50,-41],[50,-41],[49,-41],[50,-40],[49,-42],[50,-41],[49,-41],[50,-41],[49,-41],[50,-41],[49,-40],[50,-41],[50,-41],[50,-41],[50,-40],[100,-81],[101,-82],[51,-40],[51,-40],[51,-40],[52,-40],[51,-40],[52,-40],[12,-9],[7,-5],[7,-4],[7,-5],[14,-9],[7,-4],[8,-5],[7,-4],[8,-5],[8,-4],[8,-4],[8,-4],[8,-5],[16,-8],[9,-4],[8,-4],[8,-4],[8,-4],[9,-4],[9,-4],[8,-3],[9,-4],[9,-4],[8,-4],[19,-7],[8,-3],[18,-7],[9,-3],[9,-3],[9,-3],[9,-3],[9,-3],[9,-3],[10,-3],[18,-5],[9,-2],[8,-3],[18,-5],[18,-4],[9,-2],[9,-2],[8,-2],[9,-2],[8,-1],[9,-2],[9,-1],[8,-1],[16,-2],[18,-2],[7,-1],[8,-1],[8,0],[8,-1],[8,0],[72,0],[10,1],[146,0],[10,1],[112,0],[8,-1],[9,0],[17,0],[9,-1],[9,0],[8,-1],[9,0],[10,-1],[9,0],[9,-1],[10,0],[9,-1],[29,-3],[9,-1],[19,-2],[10,-1],[9,-1],[10,-2],[10,-1],[10,-2],[9,-1],[10,-2],[19,-3],[10,-2],[10,-1],[28,-6],[10,-2],[9,-3],[9,-2],[9,-2],[10,-3],[9,-2],[9,-3],[8,-3],[9,-2],[9,-3],[17,-6],[8,-3],[9,-3],[8,-3],[31,-14],[8,-4],[7,-4],[7,-4],[7,-4],[7,-4],[6,-5],[6,-4],[7,-5],[8,-5],[15,-11],[7,-6],[14,-11],[15,-12],[13,-12],[15,-12],[13,-12],[14,-13],[7,-6],[7,-7],[7,-6],[13,-13],[7,-7],[7,-7],[6,-6],[14,-13],[13,-14],[7,-7],[7,-7],[13,-14],[6,-7],[7,-6],[14,-14],[6,-7],[7,-7],[13,-14],[7,-7],[6,-6],[7,-7],[21,-21],[13,-14],[14,-13],[20,-21],[7,-7],[13,-14],[8,-7],[6,-6],[8,-7],[6,-6],[22,-20],[6,-5],[6,-5],[7,-4],[12,-10],[14,-9],[14,-9],[15,-9],[15,-8],[8,-4],[8,-4],[8,-4],[8,-4],[9,-4],[8,-4],[26,-10],[8,-4],[18,-6],[9,-3],[9,-4],[9,-3],[9,-3],[10,-2],[9,-3],[9,-3],[9,-2],[9,-3],[9,-2],[10,-3],[9,-2],[10,-2],[9,-2],[18,-4],[19,-3],[9,-1],[9,-1],[10,-2],[9,-1],[27,-3],[9,0],[9,-1],[9,0],[9,-1],[8,0],[9,0],[9,0],[8,0],[8,0],[24,2],[8,0],[8,1],[7,1],[3,0],[8,1],[3,0],[8,1],[18,3],[7,1],[11,1],[4,1],[7,1],[4,1],[4,0],[7,2],[4,1],[4,0],[7,2],[7,1],[7,2],[8,1],[7,2],[4,1],[7,2],[4,0],[14,4],[7,1],[15,4],[4,1],[7,2],[3,0],[15,4],[3,1],[4,1],[3,1],[4,0],[11,3],[7,2],[8,3],[7,2],[8,3],[7,3],[7,3],[8,3],[16,7],[7,4],[15,8],[15,9],[15,10],[15,10],[14,11],[8,6],[7,5],[7,6],[22,18],[7,6],[8,7],[20,19],[7,7],[7,7],[13,14],[13,14],[7,7],[12,14],[7,8],[5,7],[7,8],[6,7],[6,7],[11,15],[6,7],[6,8],[5,7],[10,15],[10,15],[5,8],[5,7],[9,15],[4,7],[5,8],[4,7],[4,7],[4,7],[7,13],[7,12],[7,12],[7,11],[7,12],[8,12],[8,12],[15,23],[8,12],[15,23],[8,11],[8,11],[8,12],[8,11],[8,11],[9,11],[8,11],[17,22],[8,11],[9,10],[8,11],[9,12],[9,10],[8,10],[9,10],[10,11],[9,10],[9,9],[9,10],[9,10],[19,19],[10,9],[9,10],[10,9],[10,9],[9,9],[10,9],[11,9],[10,8],[10,9],[11,8],[31,24],[11,8],[10,8],[10,7],[11,7],[11,8],[11,7],[12,6],[11,7],[11,7],[11,6],[12,6],[11,7],[12,6],[24,11],[12,5],[6,3],[8,4],[7,2],[7,3],[8,3],[15,5],[17,4],[16,4],[8,2],[9,2],[9,1],[8,1],[27,3],[9,1],[9,0],[9,1],[10,0],[9,0],[9,1],[10,0],[9,-1],[10,0],[19,-1],[9,0],[10,-1],[28,-3],[10,-1],[9,-1],[10,-2],[19,-3],[9,-2],[9,-1],[9,-2],[9,-3],[10,-2],[9,-2],[18,-5],[17,-5],[8,-3],[9,-3],[8,-3],[8,-3],[9,-3],[8,-3],[8,-3],[15,-7],[7,-4],[8,-4],[7,-4],[7,-3],[7,-4],[7,-4],[12,-7],[12,-8],[13,-7],[12,-7],[12,-7],[12,-8],[12,-7],[12,-8],[12,-8],[12,-8],[12,-7],[23,-16],[13,-8],[11,-9],[24,-16],[12,-8],[23,-17],[12,-9],[23,-17],[12,-8],[12,-9],[11,-8],[12,-9],[11,-9],[12,-9],[11,-8],[12,-9],[12,-9],[11,-9],[24,-17],[22,-18],[12,-9],[11,-9],[12,-9],[11,-8],[12,-9],[11,-9],[12,-8],[12,-9],[11,-9],[11,-8],[12,-9],[12,-8],[11,-9],[11,-8],[12,-8],[12,-9],[11,-8],[11,-8],[12,-9],[24,-16],[35,-24],[11,-7],[12,-8],[12,-8],[6,-4],[7,-4],[7,-5],[14,-8],[8,-4],[8,-4],[7,-4],[8,-4],[8,-4],[16,-8],[9,-4],[8,-4],[17,-7],[9,-3],[17,-7],[18,-7],[18,-6],[10,-3],[9,-3],[9,-3],[9,-3],[19,-5],[10,-3],[9,-3],[9,-2],[9,-2],[19,-5],[19,-4],[10,-2],[19,-4],[19,-3],[9,-2],[10,-1],[9,-2],[9,-1],[9,-1],[27,-3],[9,0],[9,-1],[9,0],[9,0],[9,-1],[17,0],[8,1],[9,0],[8,0],[8,1],[8,0],[8,1],[7,1],[39,5],[38,6],[37,7],[38,8],[37,9],[36,10],[37,11],[35,12],[36,13],[35,14],[35,15],[35,16],[34,16],[35,17],[34,19],[33,18],[33,20],[33,20],[33,22],[33,21],[32,23],[32,23],[31,23],[32,25],[31,25],[31,25],[31,26],[31,26],[30,27],[31,27],[30,28],[30,28],[29,29],[59,58],[30,29],[29,30],[29,30],[29,30],[28,31],[29,30],[57,63],[56,62],[56,63],[56,63],[28,32],[28,31],[27,31],[28,31],[27,31],[27,31],[28,31],[28,31],[27,31],[27,30],[28,30],[28,30],[27,29],[27,30],[28,28],[5,6],[6,6],[18,18],[12,12],[7,7],[6,6],[14,12],[6,7],[8,6],[6,6],[8,6],[14,13],[15,12],[7,7],[7,6],[8,6],[16,13],[15,12],[8,7],[8,6],[7,6],[17,12],[16,12],[16,12],[8,6],[9,6],[8,5],[8,6],[16,11],[8,6],[8,5],[8,5],[9,5],[8,6],[8,5],[15,10],[8,5],[9,5],[15,9],[8,5],[8,4],[15,8],[8,4],[7,4],[8,4],[29,14],[72,31],[73,29],[74,27],[75,24],[76,22],[77,21],[78,18],[79,16],[79,15],[81,12],[81,11],[81,9],[83,8],[83,6],[84,5],[85,3],[85,1],[86,1],[87,-1],[86,-1],[88,-3],[88,-4],[88,-5],[89,-6],[89,-7],[89,-7],[90,-8],[90,-9],[91,-9],[90,-10],[91,-10],[183,-21],[91,-11],[91,-11],[92,-12],[91,-11],[92,-11],[91,-11],[92,-11],[91,-11],[92,-10],[91,-11],[91,-9],[91,-9],[91,-9],[90,-8],[91,-7],[90,-7],[89,-5],[89,-5],[89,-4],[89,-3],[88,-2],[87,0],[87,0],[87,2],[86,3],[86,5],[84,6],[85,8],[83,9],[83,11],[82,13],[63,11],[63,12],[61,12],[60,13],[60,14],[59,14],[58,15],[58,16],[56,16],[57,16],[55,17],[55,18],[54,17],[54,18],[54,19],[52,18],[52,19],[52,19],[102,39],[50,19],[50,20],[50,19],[49,20],[98,39],[48,20],[48,20],[48,19],[47,19],[48,19],[47,18],[47,18],[47,18],[47,18],[47,17],[46,17],[47,16],[46,16],[47,16],[47,15],[46,14],[47,14],[47,13],[47,12],[47,12],[47,11],[48,10],[47,9],[48,9],[48,8],[49,6],[48,6],[49,5],[50,3],[49,3],[51,2],[50,0],[51,0],[51,-2],[52,-3],[53,-4],[53,-5],[53,-7],[13,-2],[13,-2],[13,-3],[13,-3],[14,-3],[27,-7],[13,-3],[13,-4],[13,-5],[14,-4],[27,-9],[13,-5],[14,-4],[13,-5],[13,-5],[28,-11],[14,-6],[13,-5],[14,-6],[14,-6],[13,-5],[14,-6],[14,-6],[14,-6],[14,-6],[14,-6],[14,-5],[14,-6],[28,-12],[28,-11],[14,-6],[14,-5],[14,-6],[14,-5],[14,-6],[14,-5],[15,-5],[14,-5],[14,-5],[14,-5],[29,-9],[15,-4],[14,-4],[14,-4],[58,-14],[29,-5],[15,-2],[15,-2],[14,-2],[15,-2],[14,-1],[15,-1],[15,-1],[15,0],[52,0],[54,2],[55,3],[57,5],[58,6],[60,7],[61,9],[63,9],[63,11],[65,11],[66,12],[67,13],[68,13],[69,14],[69,14],[71,14],[71,15],[72,15],[73,15],[72,15],[74,14],[74,15],[74,14],[75,14],[75,13],[75,13],[75,11],[75,12],[75,10],[74,9],[75,9],[75,7],[74,6],[73,4],[74,4],[73,1],[72,0],[72,-1],[71,-5],[71,-5],[69,-7],[69,-9],[68,-12],[67,-13],[65,-16],[65,-19],[64,-21],[62,-23],[61,-27],[59,-29],[58,-31],[57,-35],[55,-38],[54,-41],[51,-45],[50,-48],[49,-51],[46,-55],[44,-58],[43,-62],[40,-66],[38,-69],[36,-74],[34,-78],[12,-30],[11,-31],[10,-31],[9,-31],[9,-32],[9,-32],[7,-33],[7,-34],[6,-34],[6,-34],[6,-35],[5,-35],[8,-71],[3,-36],[4,-37],[6,-74],[3,-38],[2,-37],[3,-38],[4,-77],[4,-77],[4,-79],[5,-78],[2,-40],[2,-40],[7,-80],[3,-39],[3,-40],[5,-40],[4,-40],[5,-40],[5,-40],[6,-40],[7,-40],[6,-40],[8,-39],[8,-40],[9,-39],[10,-40],[10,-39],[11,-39],[12,-39],[12,-39],[14,-38],[14,-39],[15,-38],[16,-37],[18,-38],[18,-38],[19,-37],[21,-36],[21,-36],[23,-36],[24,-36],[25,-35],[27,-35],[27,-34],[5,-7],[12,-12],[5,-6],[6,-7],[6,-6],[6,-6],[13,-13],[6,-6],[14,-13],[7,-6],[7,-6],[7,-7],[14,-12],[15,-13],[15,-12],[8,-6],[15,-13],[8,-6],[8,-6],[8,-6],[8,-6],[7,-6],[17,-12],[16,-11],[16,-12],[9,-6],[8,-5],[9,-6],[16,-11],[8,-5],[8,-6],[9,-5],[8,-5],[8,-5],[9,-5],[8,-5],[16,-10],[24,-13],[8,-5],[8,-4],[8,-4],[8,-4],[8,-4],[7,-4],[8,-4],[8,-4],[7,-3],[8,-4],[14,-7],[44,-18],[44,-18],[44,-18],[44,-16],[45,-16],[45,-14],[46,-14],[45,-13],[46,-12],[46,-11],[46,-11],[47,-10],[47,-9],[47,-8],[47,-8],[47,-7],[47,-7],[48,-6],[48,-5],[48,-5],[48,-4],[97,-7],[49,-2],[48,-2],[50,-2],[49,-1],[49,-1],[49,-1],[50,0],[49,0],[50,1],[50,1],[50,1],[49,1],[51,2],[100,4],[50,2],[50,2],[51,3],[50,3],[50,2],[51,3],[51,3],[50,3],[50,3],[51,3],[51,4],[50,3],[51,3],[51,2],[50,3],[50,3],[51,2],[50,3],[51,2],[50,2],[50,2],[50,1],[51,1],[49,1],[51,1],[49,1],[23,0],[3,-1],[7,0],[3,0],[27,0],[3,-1],[3,0],[3,0],[17,0],[3,-1],[3,0],[3,0],[11,0],[6,-1],[13,0],[3,-1],[4,0],[20,0],[6,-1],[14,0],[3,-1],[6,0],[3,0],[20,0],[3,0],[6,0],[4,1],[19,0],[4,-1],[6,0],[4,0],[26,0],[3,-1],[3,0],[3,0],[10,0],[3,-1],[4,0],[13,0],[3,-1],[3,0],[14,0],[6,-1],[6,0],[6,-1],[8,0],[6,-1],[6,0],[7,-1],[7,0],[6,-1],[7,0],[6,-1],[7,0],[7,-1],[3,0],[41,-3],[41,-2],[42,-3],[41,-4],[40,-3],[42,-4],[41,-5],[40,-4],[41,-5],[41,-6],[40,-5],[41,-7],[80,-14],[40,-7],[41,-8],[39,-9],[40,-9],[40,-10],[39,-10],[40,-10],[39,-12],[40,-11],[39,-12],[39,-13],[39,-13],[38,-14],[39,-15],[39,-15],[38,-16],[38,-16],[38,-17],[39,-17],[37,-19],[38,-19],[38,-19],[37,-21],[37,-20],[38,-22],[36,-22],[37,-24],[37,-23],[36,-25],[37,-25],[36,-26],[35,-28],[36,-27],[36,-29],[36,-29],[34,-30],[35,-31],[36,-32],[34,-33],[35,-33],[34,-35],[34,-35],[35,-37],[33,-37],[34,-38],[33,-38],[33,-41],[33,-41],[33,-42],[33,-42],[24,-34],[24,-33],[23,-34],[23,-34],[22,-34],[21,-35],[21,-35],[20,-35],[20,-36],[19,-35],[19,-36],[18,-37],[17,-36],[17,-37],[17,-37],[16,-37],[15,-37],[15,-38],[14,-37],[14,-38],[28,-76],[12,-39],[12,-39],[12,-39],[12,-38],[11,-39],[11,-39],[10,-40],[10,-39],[10,-39],[9,-40],[8,-40],[9,-39],[8,-40],[8,-40],[8,-41],[7,-40],[8,-40],[6,-40],[7,-40],[6,-41],[6,-40],[7,-40],[16,-122],[10,-81],[9,-81],[4,-41],[5,-40],[4,-40],[5,-41],[3,-40],[4,-40],[8,-80],[4,-40],[3,-41],[4,-40],[3,-39],[4,-40],[2,-30],[2,-29],[1,-29],[1,-29],[0,-29],[0,-28],[-1,-28],[0,-28],[-2,-28],[-2,-27],[-1,-28],[-3,-27],[-3,-27],[-3,-27],[-3,-27],[-3,-26],[-4,-27],[-8,-52],[-9,-51],[-5,-25],[-5,-25],[-5,-25],[-5,-25],[-5,-25],[-5,-24],[-6,-25],[-5,-24],[-6,-24],[-5,-24],[-6,-24],[-5,-24],[-5,-23],[-5,-23],[-5,-24],[-5,-23],[-5,-22],[-5,-23],[-5,-23],[-4,-23],[-4,-22],[-4,-22],[-4,-22],[-4,-22],[-3,-22],[-3,-22],[-3,-22],[-2,-21],[-2,-22],[-2,-21],[-1,-21],[-1,-21],[-1,-44],[0,-20],[1,-21],[1,-21],[2,-20],[2,-21],[3,-20],[3,-21],[4,-20],[5,-20],[8,-35],[10,-35],[11,-34],[11,-33],[12,-34],[13,-33],[14,-32],[15,-32],[16,-33],[16,-31],[17,-31],[18,-31],[18,-31],[19,-30],[20,-30],[20,-30],[21,-30],[21,-30],[23,-29],[22,-29],[23,-29],[48,-58],[25,-28],[51,-58],[26,-28],[26,-28],[27,-28],[27,-29],[55,-57],[28,-28],[29,-29],[28,-28],[29,-29],[29,-29],[29,-29],[29,-29],[30,-29],[90,-89],[30,-30],[30,-30],[30,-30],[31,-31],[60,-62],[30,-31],[30,-32],[31,-32],[30,-33],[29,-33],[30,-33],[30,-34],[29,-34],[29,-35],[29,-35],[29,-36],[28,-36],[29,-36],[28,-37],[27,-38],[5,-6],[4,-7],[5,-7],[4,-7],[5,-7],[4,-7],[4,-7],[3,-8],[4,-7],[3,-8],[4,-8],[10,-24],[3,-9],[5,-17],[6,-17],[4,-18],[2,-8],[3,-9],[1,-9],[2,-9],[2,-9],[1,-9],[2,-9],[2,-10],[1,-9],[1,-9],[2,-19],[1,-18],[0,-10],[0,-9],[1,-18],[-1,-10],[0,-9],[0,-9],[-1,-18],[-1,-9],[-2,-17],[-1,-9],[-2,-9],[-2,-17],[-2,-9],[-3,-8],[-1,-9],[-3,-8],[-2,-8],[-3,-8],[-2,-8],[-3,-8],[-2,-8],[-10,-22],[-3,-7],[-45,-85],[-47,-80],[-48,-77],[-49,-71],[-51,-67],[-53,-62],[-55,-59],[-55,-54],[-57,-50],[-58,-46],[-60,-42],[-61,-39],[-62,-35],[-63,-31],[-65,-27],[-65,-25],[-67,-21],[-67,-18],[-69,-14],[-69,-12],[-70,-8],[-71,-6],[-73,-3],[-72,-1],[-73,2],[-74,5],[-75,7],[-76,9],[-75,11],[-76,14],[-77,15],[-77,17],[-78,20],[-78,20],[-78,23],[-78,24],[-78,25],[-79,27],[-80,28],[-78,29],[-79,30],[-79,32],[-79,32],[-79,32],[-157,67],[-157,69],[-77,35],[-78,36],[-76,35],[-77,35],[-76,36],[-76,35],[-75,35],[-74,34],[-74,34],[-73,34],[-73,33],[-71,32],[-71,31],[-70,30],[-69,29],[-69,28],[-7,3],[-7,3],[-7,2],[-8,3],[-8,2],[-7,2],[-8,2],[-8,2],[-8,2],[-17,3],[-8,1],[-8,1],[-8,1],[-9,1],[-8,1],[-9,0],[-8,1],[-18,1],[-34,0],[-18,-1],[-8,-1],[-18,-2],[-17,-2],[-18,-2],[-9,-2],[-9,-1],[-9,-2],[-8,-2],[-9,-2],[-8,-2],[-9,-2],[-8,-2],[-9,-3],[-8,-2],[-9,-3],[-8,-3],[-16,-5],[-15,-7],[-8,-4],[-16,-7],[-7,-3],[-8,-4],[-7,-4],[-14,-8],[-7,-5],[-7,-4],[-6,-5],[-7,-4],[-6,-5],[-7,-5],[-6,-5],[-48,-41],[-47,-43],[-43,-42],[-42,-42],[-41,-42],[-38,-43],[-36,-43],[-35,-42],[-33,-42],[-32,-42],[-30,-41],[-29,-42],[-27,-41],[-26,-41],[-25,-41],[-24,-41],[-23,-40],[-21,-40],[-22,-40],[-21,-39],[-19,-39],[-19,-38],[-19,-38],[-18,-37],[-19,-37],[-17,-36],[-18,-36],[-17,-35],[-18,-34],[-17,-34],[-18,-32],[-18,-33],[-19,-32],[-18,-30],[-19,-30],[-20,-29],[-20,-28],[-22,-27],[-21,-26],[-23,-25],[-24,-25],[-25,-23],[-26,-22],[-27,-21],[-28,-20],[-30,-19],[-32,-18],[-33,-16],[-35,-16],[-36,-14],[-37,-13],[-41,-11],[-42,-11],[-44,-8],[-46,-8],[-48,-6],[-51,-5],[-53,-3],[-55,-2],[-58,0],[-61,1],[-63,3],[-66,5],[-69,6],[-4,0],[-3,0],[-4,1],[-4,0],[-4,1],[-8,1],[-8,1],[-12,1],[-4,1],[-8,1],[-7,2],[-8,1],[-8,2],[-9,1],[-12,3],[-3,1],[-13,3],[-4,1],[-12,3],[-4,2],[-8,2],[-4,1],[-12,3],[-4,2],[-4,1],[-5,1],[-4,2],[-8,3],[-8,2],[-9,3],[-4,2],[-4,1],[-12,5],[-4,2],[-12,4],[-4,2],[-4,2],[-4,2],[-5,1],[-27,11],[-27,11],[-27,12],[-27,12],[-28,13],[-28,14],[-28,14],[-28,15],[-29,15],[-29,16],[-29,17],[-30,16],[-29,18],[-30,18],[-29,18],[-31,19],[-30,19],[-30,19],[-30,20],[-31,21],[-31,20],[-31,21],[-31,22],[-31,22],[-31,22],[-32,22],[-31,22],[-32,22],[-31,23],[-32,23],[-32,24],[-32,23],[-31,23],[-33,24],[-31,23],[-32,24],[-32,24],[-65,48],[-31,24],[-32,24],[-32,24],[-33,24],[-32,24],[-31,24],[-32,23],[-32,24],[-32,24],[-32,23],[-32,24],[-31,23],[-32,22],[-63,46],[-94,66],[-30,22],[-31,21],[-31,21],[-30,20],[-61,40],[-29,20],[-7,4],[-6,4],[-14,9],[-21,14],[-8,4],[-7,4],[-16,9],[-7,4],[-9,4],[-16,9],[-16,8],[-17,9],[-9,4],[-8,4],[-18,8],[-18,8],[-8,4],[-27,12],[-10,4],[-9,4],[-9,4],[-9,4],[-9,3],[-10,4],[-18,7],[-9,4],[-9,3],[-27,11],[-9,3],[-18,7],[-9,3],[-9,3],[-17,6],[-8,3],[-9,3],[-9,2],[-8,3],[-8,3],[-8,3],[-9,2],[-8,3],[-15,5],[-8,2],[-7,2],[-8,2],[-7,3],[-8,2],[-63,18],[-126,35],[-62,18],[-63,18],[-63,17],[-63,18],[-62,18],[-125,35],[-62,18],[-62,17],[-62,18],[-62,18],[-63,17],[-62,18],[-62,17],[-62,17],[-62,18],[-62,17],[-63,17],[-62,17],[-63,17],[-62,16],[-63,17],[-63,16],[-62,15],[-63,16],[-64,16],[-63,15],[-63,15],[-128,30],[-63,14],[-65,15],[-64,13],[-64,14],[-65,13],[-65,13],[-65,13],[-131,25],[-66,12],[-67,11],[-66,11],[-67,11],[-68,11],[-67,10],[-68,9],[-68,10],[-69,9],[-69,8],[-69,8],[-70,8],[-70,7],[-70,6],[-71,7],[-72,6],[-72,5],[-72,5],[-73,4],[-73,4],[-74,4],[-74,2],[-53,2],[-53,1],[-53,1],[-53,1],[-105,0],[-106,-2],[-53,-2],[-52,-2],[-53,-2],[-52,-2],[-105,-6],[-52,-4],[-52,-3],[-52,-4],[-52,-4],[-104,-11],[-52,-5],[-52,-5],[-52,-5],[-51,-6],[-51,-6],[-52,-5],[-51,-7],[-102,-12],[-102,-13],[-101,-14],[-51,-6],[-50,-7],[-50,-7],[-51,-7],[-50,-7],[-50,-7],[-99,-14],[-50,-6],[-49,-7],[-50,-7],[-49,-7],[-49,-6],[-49,-7],[-49,-6],[-49,-7],[-96,-12],[-48,-6],[-48,-5],[-49,-6],[-48,-5],[-47,-5],[-48,-5],[-47,-5],[-47,-4],[-47,-5],[-47,-4],[-47,-3],[-46,-3],[-46,-3],[-44,-3],[-43,-2],[-43,-2],[-43,-2],[-85,-2],[-42,0],[-43,0],[-84,0],[-42,0],[-42,1],[-42,1],[-83,3],[-41,2],[-41,2],[-41,2],[-41,2],[-81,4],[-41,3],[-40,2],[-41,3],[-39,2],[-40,3],[-40,2],[-79,5],[-39,2],[-38,3],[-39,2],[-39,2],[-77,4],[-76,3],[-37,1],[-38,2],[-74,2],[-36,0],[-109,0],[-36,0],[-71,-2],[-36,-2],[-35,-2],[-35,-2],[-34,-2],[-34,-3],[-35,-4],[-33,-4],[-34,-4],[-33,-5],[-66,-11],[-33,-7],[-32,-7],[-32,-7],[-32,-8],[-31,-9],[-59,-17],[-59,-19],[-58,-20],[-57,-21],[-57,-22],[-56,-23],[-56,-24],[-55,-25],[-55,-27],[-55,-27],[-53,-28],[-53,-29],[-53,-30],[-53,-31],[-52,-31],[-51,-32],[-51,-34],[-51,-33],[-50,-35],[-50,-36],[-50,-36],[-49,-37],[-48,-37],[-49,-38],[-48,-40],[-47,-39],[-47,-40],[-47,-41],[-47,-41],[-46,-41],[-46,-42],[-46,-43],[-45,-43],[-45,-43],[-45,-44],[-45,-45],[-44,-44],[-44,-45],[-44,-46],[-43,-45],[-43,-46],[-44,-46],[-43,-46],[-42,-47],[-85,-94],[-42,-47],[-84,-94],[-42,-48],[-41,-47],[-42,-47],[-41,-48],[-82,-95],[-41,-47],[-41,-48],[-41,-47],[-41,-47],[-82,-94],[-81,-93],[-40,-46],[-21,-25],[-22,-24],[-44,-49],[-43,-49],[-22,-24],[-43,-50],[-22,-24],[-21,-24],[-23,-25],[-22,-24],[-21,-24],[-23,-25],[-44,-48],[-22,-24],[-22,-24],[-22,-24],[-23,-24],[-22,-24],[-22,-24],[-23,-24],[-22,-23],[-23,-24],[-23,-24],[-23,-24],[-22,-23],[-23,-23],[-23,-24],[-23,-23],[-23,-23],[-23,-23],[-23,-23],[-24,-22],[-23,-23],[-23,-23],[-24,-23],[-24,-22],[-23,-22],[-24,-22],[-24,-22],[-24,-22],[-24,-22],[-24,-22],[-24,-21],[-24,-22],[-25,-21],[-24,-22],[-25,-21],[-24,-21],[-25,-20],[-75,-62],[-76,-60],[-25,-20],[-26,-19],[-25,-20],[-26,-19],[-26,-19],[-11,-8],[-11,-7],[-10,-8],[-11,-8],[-11,-7],[-11,-8],[-22,-15],[-11,-7],[-11,-7],[-11,-8],[-22,-14],[-22,-14],[-23,-14],[-11,-7],[-11,-7],[-12,-6],[-11,-7],[-22,-14],[-12,-6],[-11,-7],[-11,-7],[-23,-13],[-11,-7],[-23,-13],[-22,-14],[-12,-7],[-11,-6],[-22,-14],[-22,-13],[-23,-14],[-10,-7],[-12,-7],[-11,-7],[-11,-7],[-11,-7],[-11,-7],[-20,-14],[-11,-8],[-11,-7],[-10,-7],[-11,-8],[-11,-8],[-10,-7],[-10,-8],[-11,-8],[-21,-16],[-10,-8],[-10,-8],[-10,-8],[-9,-9],[-10,-8],[-11,-10],[-21,-21],[-10,-11],[-11,-11],[-11,-12],[-10,-13],[-11,-13],[-11,-13],[-11,-13],[-11,-14],[-11,-14],[-11,-14],[-11,-14],[-23,-29],[-11,-15],[-12,-15],[-11,-15],[-24,-30],[-12,-15],[-12,-15],[-12,-14],[-12,-15],[-12,-14],[-13,-14],[-25,-28],[-25,-27],[-13,-13],[-14,-13],[-13,-12],[-13,-12],[-13,-12],[-14,-11],[-13,-10],[-14,-10],[-14,-10],[-14,-9],[-14,-9],[-15,-7],[-14,-8],[-15,-6],[-15,-6],[-14,-5],[-16,-5],[-15,-4],[-15,-2],[-16,-3],[-16,-1],[-15,0],[-16,0],[-17,2],[-16,2],[-16,4],[-17,4],[-17,5],[-17,7],[-17,8],[-18,9],[-17,10],[-18,11],[-35,25],[-33,27],[-29,28],[-27,29],[-23,30],[-21,32],[-18,33],[-17,34],[-13,35],[-12,37],[-9,37],[-7,38],[-6,39],[-3,40],[-2,40],[0,42],[1,42],[3,43],[4,43],[5,44],[7,45],[7,45],[8,46],[9,45],[10,47],[10,46],[10,47],[11,47],[11,47],[11,47],[11,47],[12,47],[11,48],[10,47],[10,47],[10,47],[9,47],[8,47],[8,46],[6,45],[6,46],[4,44],[3,45],[1,44],[0,44],[-1,42],[-3,42],[-5,42],[-7,40],[-9,40],[-11,39],[-13,38],[-16,37],[-18,36],[-21,35],[-23,35],[-26,33],[-29,32],[-32,30],[-35,29],[-38,28],[-41,27],[-45,25],[-48,24],[-13,4],[-13,4],[-12,2],[-14,1],[-14,0],[-14,-1],[-14,-2],[-15,-4],[-14,-4],[-15,-5],[-16,-6],[-16,-7],[-16,-8],[-16,-9],[-16,-9],[-17,-11],[-16,-11],[-17,-12],[-16,-12],[-18,-13],[-17,-13],[-16,-14],[-17,-15],[-17,-15],[-18,-16],[-17,-16],[-17,-17],[-17,-16],[-17,-18],[-17,-18],[-17,-18],[-16,-18],[-17,-18],[-16,-18],[-17,-19],[-16,-19],[-16,-19],[-16,-18],[-31,-38],[-15,-19],[-15,-19],[-15,-18],[-14,-19],[-14,-18],[-13,-18],[-13,-18],[-13,-17],[-13,-18],[-12,-17],[-12,-16],[-11,-16],[-11,-16],[-11,-15],[-10,-15],[-9,-14],[-9,-13],[-9,-13],[-7,-13],[-8,-12],[-6,-11],[-7,-10],[-5,-10],[-5,-8],[-9,-17],[-9,-18],[-8,-18],[-9,-18],[-8,-18],[-8,-18],[-7,-19],[-8,-19],[-7,-19],[-7,-19],[-7,-20],[-7,-19],[-6,-20],[-13,-40],[-13,-41],[-6,-21],[-6,-20],[-11,-42],[-6,-21],[-5,-21],[-6,-21],[-6,-22],[-5,-21],[-6,-21],[-11,-42],[-10,-43],[-12,-42],[-11,-42],[-6,-21],[-6,-21],[-6,-20],[-6,-21],[-6,-21],[-6,-20],[-7,-21],[-6,-20],[-7,-20],[-6,-20],[-8,-20],[-14,-39],[-8,-20],[-8,-19],[-7,-18],[-8,-19],[-9,-18],[-9,-18],[-8,-18],[-9,-18],[-10,-17],[-9,-17],[-10,-17],[-10,-17],[-11,-16],[-11,-16],[-11,-15],[-12,-16],[-18,-22],[-19,-21],[-19,-20],[-19,-18],[-19,-16],[-19,-15],[-19,-13],[-19,-12],[-18,-10],[-19,-9],[-19,-8],[-19,-6],[-18,-5],[-19,-4],[-19,-3],[-18,-2],[-19,0],[-19,1],[-18,2],[-18,3],[-18,4],[-18,6],[-18,6],[-18,6],[-19,8],[-17,9],[-18,9],[-17,10],[-18,11],[-17,12],[-17,12],[-18,13],[-17,13],[-17,14],[-16,15],[-17,15],[-16,16],[-17,16],[-15,16],[-16,17],[-16,17],[-15,17],[-16,18],[-15,18],[-15,18],[-14,18],[-15,19],[-14,18],[-14,18],[-28,37],[-14,19],[-13,18],[-13,18],[-13,19],[-25,35],[-12,18],[-12,17],[-11,17],[-11,16],[-12,16],[-10,16],[-10,15],[-13,18],[-12,18],[-13,17],[-12,18],[-25,35],[-13,17],[-13,17],[-13,17],[-13,17],[-13,17],[-13,16],[-13,17],[-13,16],[-14,16],[-13,16],[-13,15],[-14,15],[-14,16],[-27,30],[-14,15],[-14,14],[-15,15],[-14,14],[-14,14],[-15,13],[-15,13],[-14,14],[-15,13],[-15,12],[-15,13],[-16,12],[-15,12],[-16,12],[-31,23],[-16,11],[-16,11],[-16,10],[-16,10],[-17,10],[-17,10],[-16,10],[-17,9],[-17,9],[-17,9],[-35,17],[-18,8],[-18,7],[-18,7],[-18,7],[-18,7],[-19,6],[-19,6],[-19,6],[-19,6],[-19,5],[-19,5],[-20,4],[-20,4],[-20,4],[-20,4],[-7,1],[-16,2],[-15,1],[-8,1],[-24,0],[-8,-1],[-8,0],[-8,-1],[-9,-1],[-8,-1],[-8,-2],[-17,-3],[-8,-2],[-9,-2],[-8,-2],[-8,-3],[-9,-2],[-8,-3],[-17,-5],[-17,-7],[-8,-3],[-8,-4],[-16,-7],[-9,-4],[-8,-4],[-9,-5],[-8,-4],[-15,-9],[-8,-5],[-8,-4],[-15,-10],[-8,-6],[-7,-5],[-8,-5],[-22,-17],[-6,-5],[-7,-6],[-14,-12],[-19,-18],[-6,-6],[-6,-7],[-12,-13],[-10,-13],[-15,-19],[-5,-7],[-42,-62],[-42,-62],[-40,-64],[-39,-65],[-38,-65],[-38,-67],[-37,-67],[-35,-69],[-35,-69],[-35,-70],[-33,-71],[-33,-72],[-32,-72],[-31,-73],[-31,-74],[-30,-74],[-29,-75],[-29,-76],[-27,-76],[-28,-77],[-27,-77],[-25,-78],[-26,-78],[-25,-78],[-24,-79],[-24,-79],[-24,-79],[-23,-79],[-23,-80],[-22,-80],[-42,-160],[-21,-80],[-20,-80],[-20,-81],[-20,-80],[-19,-80],[-20,-80],[-18,-80],[-19,-79],[-18,-79],[-35,-159],[-18,-78],[-17,-78],[-17,-78],[-17,-77],[-16,-77],[-17,-77],[-16,-76],[-17,-76],[-16,-74],[-17,-75],[-16,-73],[-15,-73],[-17,-73],[-16,-71],[-16,-71],[-16,-69],[-16,-69],[-17,-68],[-16,-68],[-17,-66],[-16,-66],[-14,-51],[-15,-52],[-16,-52],[-16,-53],[-18,-53],[-18,-53],[-19,-54],[-20,-55],[-21,-54],[-21,-55],[-23,-55],[-23,-56],[-24,-57],[-24,-56],[-25,-57],[-26,-57],[-27,-57],[-27,-58],[-27,-58],[-29,-58],[-29,-59],[-30,-58],[-30,-59],[-30,-60],[-32,-60],[-31,-60],[-32,-60],[-33,-60],[-33,-60],[-67,-121],[-34,-61],[-35,-62],[-34,-61],[-36,-61],[-35,-62],[-36,-62],[-36,-61],[-37,-62],[-36,-62],[-37,-63],[-37,-62],[-38,-63],[-38,-62],[-38,-62],[-75,-125],[-38,-63],[-38,-63],[-38,-62],[-38,-63],[-39,-63],[-38,-62],[-38,-63],[-39,-62],[-38,-63],[-38,-63],[-77,-125],[-37,-62],[-38,-62],[-38,-62],[-75,-124],[-18,-30],[-17,-30],[-18,-29],[-17,-30],[-18,-29],[-18,-30],[-17,-30],[-18,-29],[-17,-30],[-17,-29],[-18,-30],[-17,-29],[-17,-30],[-18,-29],[-18,-30],[-17,-29],[-17,-30],[-18,-30],[-17,-30],[-17,-29],[-18,-30],[-17,-30],[-17,-29],[-18,-30],[-17,-29],[-17,-30],[-18,-30],[-17,-29],[-17,-30],[-18,-29],[-17,-30],[-17,-29],[-17,-30],[-17,-29],[-18,-30],[-17,-30],[-17,-29],[-18,-30],[-17,-30],[-17,-29],[-18,-30],[-17,-29],[-18,-30],[-17,-29],[-18,-29],[-17,-30],[-18,-29],[-17,-30],[-17,-29],[-18,-30],[-17,-29],[-18,-30],[-18,-29],[-17,-30],[-18,-29],[-18,-29],[-17,-30],[-18,-29],[-17,-30],[-36,-58],[-18,-29],[-17,-29],[-19,-29],[-2,-4],[-7,-10],[-1,-4],[-9,-14],[-5,-7],[-2,-4],[-13,-21],[-5,-7],[-2,-4],[-2,-3],[-3,-4],[-9,-14],[-5,-7],[-2,-3],[-5,-7],[-11,-18],[-2,-4],[-9,-14],[-3,-3],[-2,-4],[-7,-11],[-3,-3],[-9,-14],[-2,-4],[-2,-4],[-11,-17],[-2,-4],[-9,-14]],[[347448,313766],[-15,0],[-14,1],[-13,0],[-13,1],[-13,1],[-11,2],[-10,2],[-10,2],[-8,2],[-8,3],[-6,3],[-6,3],[-4,4],[-4,4],[-2,4],[-1,5],[-1,40],[1,20],[1,20],[2,20],[2,20],[2,19],[3,20],[4,20],[4,19],[4,20],[5,19],[11,38],[13,38],[6,19],[15,37],[7,19],[9,18],[8,19],[9,18],[9,19],[9,18],[10,18],[9,18],[10,18],[11,18],[20,35],[11,18],[10,18],[34,52],[11,17],[12,18],[11,17],[12,17],[12,17],[12,16],[12,17],[11,17],[12,17],[12,16],[11,17],[12,16],[12,17],[11,16],[12,16],[11,16],[11,17],[12,16],[11,16],[11,16],[11,16],[10,15],[11,16],[10,16],[20,31],[10,15],[9,15],[12,20],[12,20],[11,21],[11,20],[11,20],[10,21],[10,20],[10,21],[10,20],[9,21],[18,41],[9,21],[8,20],[9,21],[16,42],[8,21],[7,21],[8,21],[7,21],[7,21],[7,21],[7,21],[6,21],[7,21],[7,21],[12,43],[6,21],[6,22],[6,21],[6,22],[6,21],[5,22],[6,21],[6,22],[6,21],[10,44],[6,22],[5,21],[6,22],[11,44],[6,21],[5,22],[11,44],[6,21],[6,22],[5,22],[6,22],[12,44],[6,22],[6,22],[6,22],[6,22],[7,22],[7,22],[6,22],[7,22],[7,22],[15,48],[16,48],[16,48],[17,48],[17,48],[18,48],[18,48],[19,48],[19,49],[20,47],[21,48],[20,47],[44,95],[22,47],[23,47],[24,47],[48,93],[25,47],[25,47],[26,46],[52,91],[27,45],[28,45],[28,44],[28,45],[58,88],[30,44],[30,43],[30,42],[31,43],[31,42],[32,42],[32,41],[32,41],[33,41],[33,40],[34,39],[34,40],[34,39],[35,38],[35,38],[35,37],[36,37],[36,36],[36,36],[36,35],[38,35],[37,34],[38,34],[38,33],[38,32],[38,32],[39,31],[39,31],[40,30],[40,29],[40,29],[40,28],[41,27],[41,26],[43,27],[44,26],[44,25],[43,24],[44,23],[44,21],[45,21],[44,20],[44,19],[45,18],[44,17],[45,17],[45,16],[45,15],[45,14],[45,13],[45,13],[45,12],[46,11],[45,11],[46,10],[46,10],[46,9],[45,8],[46,8],[46,8],[46,7],[47,6],[46,6],[46,6],[47,6],[46,5],[47,5],[46,4],[46,5],[47,4],[47,3],[93,7],[94,7],[47,3],[47,3],[94,7],[47,3],[47,3],[188,14],[47,4],[47,4],[47,5],[48,4],[47,5],[47,5],[47,6],[48,5],[94,13],[47,7],[47,8],[47,8],[8,1],[7,1],[8,2],[15,2],[8,1],[8,0],[8,1],[8,0],[42,0],[8,0],[9,-1],[8,-1],[9,0],[9,-1],[8,-2],[9,-1],[8,-1],[8,-1],[9,-2],[9,-2],[8,-2],[17,-4],[16,-5],[9,-3],[16,-5],[8,-3],[8,-4],[8,-3],[15,-7],[8,-3],[7,-4],[8,-4],[7,-5],[7,-4],[14,-9],[6,-5],[13,-10],[6,-5],[12,-11],[10,-12],[6,-5],[5,-7],[4,-6],[9,-13],[9,-14],[3,-7],[3,-7],[7,-15],[3,-11],[2,-6],[4,-11],[3,-12],[4,-12],[1,-5],[2,-6],[2,-6],[1,-6],[3,-12],[4,-12],[2,-12],[1,-6],[2,-6],[1,-6],[4,-18],[0,-6],[2,-6],[1,-7],[1,-6],[1,-6],[3,-18],[1,-7],[0,-6],[2,-12],[2,-13],[0,-6],[2,-13],[0,-6],[1,-13],[1,-6],[1,-7],[1,-19],[0,-6],[1,-13],[0,-7],[1,-13],[0,-12],[0,-7],[0,-6],[1,-7],[0,-35],[-1,-9],[0,-8],[-1,-17],[-1,-9],[0,-9],[-4,-36],[-1,-10],[-3,-19],[-1,-9],[-1,-10],[-2,-9],[-2,-10],[-1,-10],[-2,-9],[-4,-20],[-4,-20],[-3,-10],[-2,-10],[-2,-10],[-2,-10],[-3,-10],[-5,-20],[-3,-10],[-3,-9],[-3,-10],[-6,-20],[-3,-9],[-6,-19],[-4,-10],[-6,-19],[-7,-19],[-7,-18],[-4,-9],[-4,-9],[-3,-8],[-4,-9],[-4,-9],[-4,-8],[-8,-17],[-8,-16],[-4,-7],[-4,-8],[-4,-7],[-4,-8],[-5,-7],[-4,-7],[-4,-7],[-33,-53],[-35,-53],[-34,-53],[-37,-51],[-36,-51],[-37,-50],[-38,-49],[-39,-49],[-39,-48],[-40,-47],[-41,-46],[-41,-46],[-43,-45],[-42,-46],[-43,-44],[-44,-43],[-45,-43],[-44,-43],[-46,-42],[-46,-41],[-46,-41],[-47,-40],[-47,-40],[-48,-40],[-49,-39],[-48,-38],[-49,-39],[-50,-37],[-49,-38],[-50,-36],[-50,-37],[-51,-36],[-51,-35],[-51,-36],[-51,-35],[-52,-34],[-52,-35],[-52,-34],[-52,-34],[-105,-67],[-157,-97],[-53,-33],[-53,-32],[-53,-31],[-53,-32],[-53,-32],[-53,-31],[-52,-31],[-53,-31],[-105,-63],[-53,-30],[-52,-31],[-104,-61],[-52,-31],[-52,-30],[-51,-31],[-51,-30],[-51,-31],[-51,-30],[-29,-18],[-29,-17],[-29,-18],[-28,-18],[-29,-17],[-28,-18],[-27,-18],[-28,-18],[-28,-18],[-26,-18],[-27,-19],[-27,-18],[-26,-18],[-52,-37],[-26,-18],[-50,-37],[-26,-19],[-24,-19],[-25,-19],[-25,-20],[-24,-19],[-24,-19],[-24,-20],[-24,-20],[-23,-19],[-24,-20],[-23,-21],[-24,-20],[-23,-20],[-23,-21],[-23,-21],[-23,-20],[-22,-22],[-23,-21],[-23,-22],[-88,-88],[-22,-22],[-22,-23],[-44,-46],[-22,-23],[-22,-23],[-21,-24],[-21,-24],[-22,-25],[-22,-24],[-21,-25],[-21,-25],[-22,-25],[-21,-25],[-21,-26],[-22,-26],[-21,-26],[-22,-27],[-21,-27],[-21,-27],[-22,-27],[-21,-27],[-22,-28],[-9,-13],[-19,-24],[-18,-24],[-9,-12],[-9,-12],[-9,-12],[-9,-13],[-10,-12],[-9,-12],[-9,-12],[-9,-12],[-10,-12],[-9,-12],[-10,-12],[-9,-12],[-10,-12],[-9,-12],[-9,-11],[-9,-12],[-10,-12],[-9,-12],[-10,-11],[-10,-12],[-19,-23],[-10,-12],[-10,-11],[-10,-11],[-10,-11],[-10,-11],[-10,-11],[-10,-11],[-10,-11],[-11,-11],[-21,-21],[-10,-10],[-11,-10],[-10,-11],[-11,-10],[-11,-9],[-11,-10],[-12,-10],[-11,-10],[-11,-9],[-11,-9],[-12,-9],[-12,-9],[-12,-9],[-12,-9],[-24,-17],[-12,-8],[-25,-16],[-13,-8],[-13,-7],[-13,-8],[-26,-14],[-13,-6],[-14,-7],[-4,-2],[-6,-2],[-7,-2],[-8,-3],[-8,-2],[-10,-3],[-10,-2],[-12,-3],[-12,-3],[-13,-3],[-14,-3],[-14,-3],[-16,-3],[-15,-4],[-16,-3],[-35,-7],[-18,-3],[-18,-4],[-38,-7],[-20,-3],[-19,-4],[-20,-3],[-21,-3],[-21,-4],[-20,-3],[-21,-3],[-20,-3],[-22,-3],[-21,-3],[-21,-3],[-21,-3],[-20,-3],[-21,-2],[-21,-3],[-20,-2],[-20,-2],[-20,-2],[-19,-2],[-19,-2],[-37,-2],[-18,-1],[-17,-1],[-17,0],[-16,-1],[-16,0]],[[317895,295213],[-25,-31],[-24,-31],[-48,-63],[-23,-32],[-24,-31],[-23,-32],[-23,-32],[-23,-32],[-23,-32],[-23,-33],[-23,-32],[-22,-33],[-22,-33],[-22,-32],[-22,-33],[-21,-33],[-22,-34],[-21,-33],[-21,-33],[-42,-67],[-20,-34],[-20,-34],[-21,-34],[-20,-35],[-20,-34],[-19,-34],[-19,-35],[-20,-34],[-19,-35],[-38,-70],[-18,-35],[-19,-35],[-18,-35],[-18,-36],[-18,-36],[-17,-36],[-18,-35],[-17,-36],[-17,-36],[-17,-37],[-16,-36],[-17,-36],[-16,-36],[-16,-37],[-32,-74],[-15,-36],[-16,-38],[-15,-37],[-14,-37],[-15,-38],[-14,-37],[-15,-38],[-14,-38],[-14,-37],[-27,-76],[-13,-38],[-13,-39],[-13,-38],[-13,-39],[-28,-87],[-27,-87],[-25,-87],[-24,-86],[-23,-87],[-22,-87],[-21,-86],[-19,-86],[-18,-86],[-17,-87],[-16,-86],[-15,-87],[-13,-86],[-13,-86],[-12,-86],[-11,-86],[-11,-86],[-9,-86],[-9,-86],[-7,-86],[-8,-86],[-6,-85],[-6,-86],[-6,-86],[-5,-86],[-4,-86],[-7,-171],[-4,-86],[-2,-86],[-2,-86],[-2,-85],[-2,-86],[-2,-86],[-1,-86],[-1,-86],[-2,-85],[-1,-172],[-1,-87],[-1,-86],[-2,-86],[-1,-86],[-1,-86],[-1,-86],[-2,-86],[-2,-87],[-4,-172],[-4,-86],[-3,-87],[-4,-87],[-4,-86],[-4,-87],[-6,-87],[-6,-87],[-6,-87],[-7,-87],[-8,-87],[-8,-87],[-10,-88],[-10,-87],[-11,-88],[-11,-87],[-11,-79],[-13,-79],[-14,-77],[-14,-76],[-15,-77],[-18,-74],[-17,-75],[-19,-73],[-20,-72],[-21,-72],[-22,-71],[-23,-72],[-24,-70],[-25,-70],[-27,-69],[-27,-68],[-29,-68],[-30,-68],[-30,-68],[-31,-67],[-33,-67],[-34,-67],[-35,-66],[-36,-66],[-37,-67],[-38,-65],[-40,-66],[-40,-66],[-41,-66],[-43,-66],[-43,-65],[-45,-66],[-45,-66],[-47,-67],[-48,-66],[-49,-67],[-50,-67],[-51,-67],[-52,-67],[-53,-68],[-54,-68],[-56,-69],[-56,-69],[-58,-69],[-58,-70],[-60,-71],[-61,-71],[-62,-72],[-63,-73],[-64,-73],[-64,-74],[-67,-75],[-67,-75],[-69,-76],[-69,-78],[-142,-157],[-73,-80],[-74,-81],[-75,-82],[-76,-83],[-77,-84],[-78,-86],[-79,-86],[-6,-6],[-5,-6],[-5,-5],[-6,-6],[-6,-7],[-6,-6],[-6,-6],[-6,-7],[-6,-7],[-6,-6],[-12,-14],[-6,-7],[-13,-14],[-31,-38],[-13,-16],[-6,-7],[-7,-8],[-38,-48],[-6,-9],[-13,-16],[-12,-17],[-6,-8],[-7,-8],[-6,-9],[-6,-8],[-12,-16],[-5,-9],[-6,-8],[-12,-16],[-5,-9],[-22,-32],[-10,-16],[-6,-8],[-9,-15],[-10,-16],[-4,-7],[-4,-8],[-9,-15],[-4,-7],[-4,-7],[-4,-7],[-38,-69],[-36,-69],[-36,-70],[-35,-70],[-33,-71],[-33,-71],[-32,-71],[-30,-72],[-30,-72],[-29,-73],[-28,-73],[-27,-73],[-27,-74],[-25,-74],[-24,-74],[-24,-75],[-23,-75],[-22,-75],[-22,-76],[-20,-76],[-20,-76],[-19,-76],[-18,-76],[-18,-78],[-34,-154],[-15,-77],[-15,-77],[-14,-78],[-14,-78],[-13,-78],[-14,-78],[-12,-79],[-12,-78],[-10,-78],[-11,-78],[-10,-79],[-10,-79],[-18,-157],[-8,-78],[-8,-79],[-14,-157],[-7,-79],[-7,-78],[-6,-78],[-6,-79],[-5,-78],[-6,-78],[-5,-78],[-4,-78],[-9,-155],[-4,-78],[-4,-77],[-4,-77],[-4,-77],[-3,-77],[-3,-76],[-6,-153],[-7,-151],[-3,-90],[-8,-180],[-9,-180],[-5,-89],[-5,-89],[-5,-88],[-5,-90],[-5,-88],[-6,-88],[-6,-88],[-5,-87],[-7,-88],[-6,-88],[-13,-173],[-7,-86],[-7,-87],[-14,-172],[-8,-86],[-8,-86],[-15,-171],[-9,-85],[-8,-85],[-8,-85],[-9,-84],[-8,-84],[-9,-85],[-10,-84],[-9,-84],[-19,-167],[-9,-84],[-10,-83],[-10,-84],[-11,-83],[-21,-166],[-10,-82],[-11,-83],[-11,-82],[-11,-83],[-11,-82],[-12,-81],[-11,-82],[-12,-82],[-11,-82],[-12,-82],[-12,-81],[-12,-81],[-12,-82],[-38,-243],[-13,-81],[-13,-80],[-13,-81],[-13,-81],[-13,-80],[-14,-81],[-14,-80],[-23,-139],[-24,-139],[-23,-140],[-23,-139],[-22,-139],[-22,-140],[-20,-139],[-21,-139],[-20,-139],[-19,-140],[-19,-140],[-18,-139],[-17,-140],[-17,-139],[-15,-140],[-15,-139],[-14,-139],[-12,-139],[-13,-139],[-11,-139],[-9,-139],[-10,-138],[-7,-139],[-7,-138],[-5,-138],[-5,-138],[-3,-138],[-2,-138],[0,-137],[1,-137],[1,-137],[4,-137],[5,-136],[6,-136],[8,-136],[10,-136],[11,-135],[12,-135],[15,-134],[16,-135],[18,-134],[19,-134],[21,-133],[24,-132],[25,-133],[27,-132],[28,-132],[31,-131],[33,-131],[35,-130],[37,-130],[39,-129],[41,-129],[43,-129],[45,-128],[48,-127],[50,-126],[52,-127],[55,-126],[57,-125],[59,-125],[62,-123],[65,-124],[67,-122],[49,-87],[52,-87],[52,-86],[55,-86],[56,-86],[58,-85],[59,-85],[61,-86],[63,-84],[64,-85],[65,-84],[67,-84],[68,-85],[69,-83],[71,-84],[72,-84],[73,-83],[75,-84],[75,-83],[77,-84],[77,-83],[79,-83],[79,-83],[81,-84],[81,-84],[82,-83],[83,-83],[84,-84],[85,-83],[85,-84],[86,-84],[87,-84],[87,-83],[88,-85],[177,-169],[89,-85],[90,-85],[90,-85],[91,-86],[90,-86],[92,-86],[90,-87],[92,-87],[91,-87],[92,-87],[92,-88],[92,-88],[92,-89],[91,-90],[92,-89],[92,-90],[91,-90],[92,-92],[91,-91],[91,-92],[90,-92],[90,-93],[90,-94],[90,-94],[89,-94],[88,-96],[88,-95],[88,-97],[35,-40],[36,-40],[36,-40],[36,-40],[36,-40],[36,-40],[36,-41],[107,-121],[36,-41],[36,-41],[36,-41],[36,-41],[36,-41],[72,-82],[71,-83],[37,-41],[35,-41],[36,-41],[36,-42],[36,-41],[35,-42],[36,-42],[35,-41],[36,-42],[36,-42],[35,-42],[35,-41],[71,-84],[70,-84],[35,-42],[35,-43],[35,-42],[70,-84],[34,-42],[35,-42],[34,-42],[35,-42],[34,-42],[34,-43],[34,-42],[34,-42],[34,-42],[34,-42],[33,-43],[33,-42],[34,-42],[33,-42],[33,-42],[33,-42],[33,-42],[33,-42],[32,-42],[33,-43],[32,-42],[64,-84],[31,-42],[27,-34],[25,-34],[26,-35],[26,-35],[25,-35],[26,-35],[25,-36],[51,-72],[25,-36],[26,-36],[25,-37],[25,-36],[26,-37],[25,-37],[76,-111],[75,-111],[25,-37],[25,-37],[25,-37],[24,-37],[25,-36],[25,-37],[25,-37],[24,-36],[25,-37],[25,-36],[25,-36],[24,-36],[25,-36],[25,-35],[24,-36],[25,-35],[24,-35],[24,-35],[25,-34],[25,-34],[48,-67],[25,-33],[24,-32],[24,-33],[25,-32],[24,-31],[25,-31],[24,-31],[24,-31],[24,-30],[25,-29],[24,-29],[24,-28],[25,-28],[24,-27],[24,-27],[24,-26],[24,-25],[25,-25],[24,-25],[24,-24],[24,-23],[50,-46],[50,-45],[51,-44],[52,-44],[51,-42],[52,-41],[52,-41],[53,-39],[52,-39],[54,-38],[54,-37],[53,-36],[54,-35],[54,-35],[55,-35],[55,-33],[55,-34],[55,-32],[55,-32],[55,-31],[112,-61],[55,-30],[56,-30],[56,-29],[56,-29],[56,-28],[57,-29],[56,-28],[56,-27],[56,-28],[56,-27],[56,-27],[112,-54],[56,-27],[56,-27],[55,-27],[56,-27],[55,-27],[56,-26],[55,-28],[55,-27],[55,-27],[54,-28],[54,-28],[54,-28],[54,-28],[54,-29],[53,-29],[53,-30],[53,-29],[52,-30],[52,-31],[52,-31],[51,-31],[50,-32],[51,-33],[50,-33],[49,-34],[50,-34],[49,-36],[47,-36],[48,-36],[60,-48],[60,-48],[59,-50],[59,-50],[58,-51],[58,-51],[57,-53],[57,-53],[57,-54],[56,-55],[56,-56],[56,-56],[54,-57],[55,-58],[54,-59],[53,-59],[53,-59],[52,-61],[52,-61],[52,-62],[51,-62],[50,-63],[50,-64],[50,-64],[49,-65],[48,-65],[48,-66],[47,-66],[47,-67],[46,-67],[46,-68],[44,-68],[45,-69],[44,-69],[43,-70],[42,-70],[42,-70],[42,-70],[40,-71],[40,-71],[40,-72],[38,-73],[39,-72],[37,-72],[37,-73],[36,-73],[35,-73],[35,-74],[34,-74],[34,-74],[32,-74],[32,-74],[31,-75],[31,-75],[30,-75],[29,-75],[28,-75],[28,-75],[26,-75],[26,-75],[26,-76],[24,-75],[24,-76],[23,-75],[11,-38],[10,-37],[11,-38],[11,-38],[10,-37],[10,-38],[10,-38],[9,-38],[10,-38],[9,-38],[9,-37],[9,-38],[9,-38],[17,-76],[16,-76],[8,-38],[7,-39],[15,-76],[14,-77],[7,-38],[7,-38],[6,-39],[13,-77],[5,-38],[12,-77],[6,-39],[6,-38],[5,-39],[5,-39],[10,-77],[4,-39],[5,-38],[4,-39],[5,-39],[4,-38],[4,-39],[4,-39],[4,-39],[4,-38],[3,-39],[8,-78],[3,-39],[3,-39],[3,-39],[2,-39],[4,-39],[3,-39],[2,-39],[2,-38],[3,-39],[4,-79],[2,-39],[5,-78],[2,-39],[0,-10],[0,-9],[0,-10],[0,-9],[1,-10],[0,-9],[0,-9],[1,-10],[0,-9],[0,-19],[1,-9],[0,-10],[0,-9],[1,-9],[0,-10],[0,-9],[1,-10],[0,-9],[0,-19],[0,-9],[1,-10],[0,-9],[0,-10],[1,-9],[0,-9],[0,-10],[1,-9],[0,-19],[1,-20],[0,-19],[0,-9],[1,-10],[0,-19],[0,-9],[0,-10],[0,-38],[1,-10],[0,-9],[0,-19],[1,-10],[0,-9],[0,-39],[1,-10],[0,-9],[0,-68]],[[276054,243873],[0,99],[-1,99],[0,100],[-2,199],[-1,100],[-2,99],[-2,101],[-2,100],[-2,99],[-3,100],[-9,301],[-4,100],[-4,100],[-4,100],[-4,100],[-4,100],[-5,101],[-10,200],[-5,101],[-6,100],[-12,200],[-6,100],[-12,200],[-7,100],[-7,100],[-21,301],[-7,99],[-8,100],[-8,100],[-8,100],[-8,99],[-8,100],[-8,99],[-17,199],[-9,99],[-9,99],[-9,99],[-9,100],[-9,99],[-9,98],[-28,296],[-10,98],[-10,99],[-9,98],[-10,97],[-10,99],[-10,97],[-10,98],[-10,97],[-10,97],[-21,194],[-10,97],[-10,94],[-9,96],[-9,96],[-8,98],[-8,99],[-7,99],[-7,100],[-6,101],[-6,102],[-6,102],[-5,104],[-4,104],[-4,105],[-4,105],[-4,105],[-3,106],[-2,107],[-3,107],[-2,107],[-3,216],[-1,109],[-1,109],[0,108],[-1,109],[1,109],[0,110],[1,109],[0,109],[1,109],[1,109],[3,219],[4,217],[1,108],[3,108],[2,108],[2,107],[3,107],[3,107],[2,106],[3,105],[3,105],[2,104],[3,104],[3,103],[3,102],[3,101],[3,101],[3,100],[2,99],[3,98],[3,97],[3,97],[2,95],[2,94],[3,93],[2,92],[2,90],[2,90],[2,88],[2,87],[1,86],[6,279],[7,281],[7,282],[8,284],[8,285],[8,286],[9,287],[9,289],[8,289],[9,290],[8,291],[9,292],[8,293],[8,293],[7,294],[7,294],[7,295],[4,294],[5,295],[4,295],[3,296],[2,295],[1,295],[-1,294],[-1,295],[-3,294],[-5,294],[-6,293],[-8,293],[-10,292],[-11,292],[-13,290],[-16,290],[-17,289],[-19,288],[-22,286],[-24,285],[-26,285],[-29,282],[-31,282],[-34,279],[-36,279],[-40,276],[-43,275],[-45,273],[-49,271],[-51,269],[-55,267],[-59,266],[-62,262],[-65,261],[-69,258],[-72,256],[-76,252],[-80,251],[-84,248],[-88,245],[-92,242],[-96,240],[-101,236],[-104,234],[-110,230],[-114,227],[-118,223],[-35,65],[-34,64],[-33,63],[-33,63],[-32,63],[-31,62],[-31,61],[-29,61],[-29,61],[-28,60],[-27,60],[-27,61],[-26,59],[-25,59],[-25,59],[-24,59],[-23,58],[-22,58],[-21,59],[-22,58],[-20,58],[-20,58],[-18,58],[-19,58],[-17,58],[-17,58],[-16,57],[-16,58],[-15,59],[-14,58],[-14,58],[-12,58],[-12,58],[-12,59],[-11,59],[-10,60],[-10,60],[-9,59],[-9,60],[-8,61],[-7,61],[-6,61],[-7,61],[-5,62],[-5,63],[-4,63],[-3,64],[-3,63],[-3,65],[-1,65],[-2,65],[-1,67],[0,67],[1,67],[1,69],[1,68],[3,70],[2,70],[4,72],[3,72],[5,72],[4,74],[6,75],[6,75],[4,45],[4,45],[4,45],[5,45],[10,90],[6,45],[5,45],[6,45],[13,89],[7,45],[7,45],[7,44],[7,46],[8,44],[7,45],[8,45],[8,44],[8,45],[9,44],[9,45],[8,44],[9,45],[9,44],[9,45],[9,45],[9,44],[9,44],[10,45],[9,44],[10,45],[10,44],[10,45],[9,44],[10,44],[10,44],[10,45],[10,45],[10,44],[10,44],[10,45],[10,44],[10,44],[10,45],[10,44],[10,45],[10,44],[9,44],[10,45],[9,44],[10,45],[9,44],[10,44],[9,45],[9,44],[9,44],[9,45],[9,44],[9,45],[8,45],[9,44],[9,44],[7,45]],[[273470,281357],[2,7],[1,8],[2,8],[2,7],[1,8],[2,8],[1,7],[4,23],[2,8],[1,7],[2,8],[1,8],[2,7],[3,15],[1,8],[2,8],[1,8],[2,7],[1,8],[2,7],[2,16],[4,23],[2,7],[2,15],[2,8],[1,8],[1,8],[2,7],[4,23],[1,8],[1,8],[2,8],[2,15],[1,7],[1,8],[3,15],[2,16],[3,15],[1,7],[1,8],[1,7],[1,8],[2,16],[3,15],[2,15],[2,15],[1,8],[8,57],[7,58],[7,57],[7,58],[6,58],[6,58],[6,58],[6,58],[5,58],[5,58],[5,58],[4,58],[8,116],[4,58],[3,58],[7,116],[2,59],[3,58],[2,58],[3,58],[3,117],[3,116],[1,58],[2,116],[0,59],[1,58],[0,116],[-1,58],[0,59],[0,58],[-1,58],[-1,58],[-1,58],[-1,59],[-1,58],[-2,58],[-1,58],[-4,116],[-1,58],[-3,58],[-4,117],[-3,58],[-2,57],[-2,58],[-3,58],[-6,116],[-3,58],[-6,116],[-9,173],[-4,58],[-3,57],[-4,58],[-9,132],[-4,66],[-5,66],[-5,66],[-5,66],[-5,66],[-10,133],[-6,66],[-6,66],[-5,66],[-6,67],[-12,133],[-19,200],[-7,66],[-7,67],[-6,67],[-7,67],[-7,68],[-7,67],[-7,67],[-7,67],[-7,67],[-15,135],[-8,68],[-7,68],[-15,136],[-15,136],[-8,68],[-8,69],[-8,69],[-7,68],[-8,69],[-8,69],[-7,68],[-9,69],[-7,69],[-8,69],[-8,70],[-8,69],[-7,69],[-8,70],[-8,70],[-8,69],[-15,141],[-8,70],[-8,70],[-7,71],[-8,71],[-8,71],[-7,71],[-8,71],[-7,71],[-7,71],[-15,143],[-20,208],[-19,208],[-20,210],[-19,211],[-19,212],[-18,214],[-18,214],[-18,215],[-18,216],[-17,218],[-17,218],[-17,218],[-16,221],[-17,220],[-16,221],[-16,222],[-16,223],[-16,222],[-15,224],[-15,224],[-16,225],[-15,225],[-15,225],[-15,226],[-15,226],[-15,226],[-15,226],[-14,227],[-15,226],[-15,227],[-15,227],[-30,453],[-15,226],[-29,453],[-31,451],[-16,226],[-15,224],[-16,225],[-16,223],[-15,224],[-17,223],[-16,222],[-17,222],[-17,220],[-17,221],[-18,219],[-17,219],[-18,217],[-18,217],[-19,216],[-19,215],[-19,214],[-19,213],[-20,212],[-21,210],[-20,210],[-22,208],[-21,206],[-22,206],[-23,203],[-22,203],[-27,236],[-29,235],[-29,233],[-31,233],[-31,232],[-32,231],[-33,230],[-34,229],[-35,229],[-36,227],[-36,228],[-37,226],[-38,226],[-39,225],[-39,224],[-40,224],[-41,224],[-41,223],[-41,223],[-42,223],[-43,222],[-43,222],[-44,221],[-44,222],[-44,221],[-45,221],[-45,221],[-45,221],[-46,221],[-45,221],[-46,221],[-47,221],[-46,221],[-47,222],[-46,222],[-47,222],[-46,222],[-47,222],[-47,223],[-47,224],[-46,223],[-47,225],[-46,225],[-46,225],[-46,226],[-46,227],[-45,227],[-46,228],[-45,229],[-45,229],[-44,231],[-44,231],[-44,232],[-43,233],[-42,234],[-43,235],[-41,237],[-41,237],[-40,238],[-40,239],[-39,241],[-39,242],[-37,244],[-38,244],[-26,185],[-26,185],[-25,185],[-23,186],[-23,185],[-20,186],[-21,187],[-18,186],[-18,187],[-18,186],[-15,187],[-16,188],[-14,187],[-13,187],[-13,188],[-12,187],[-11,188],[-11,188],[-10,188],[-9,189],[-9,188],[-9,188],[-7,188],[-8,188],[-7,189],[-7,188],[-13,377],[-5,188],[-6,189],[-6,188],[-5,188],[-5,188],[-5,188],[-6,188],[-5,188],[-5,188],[-5,187],[-6,188],[-6,187],[-6,187],[-12,373],[-7,187],[-7,187],[-16,371],[-8,186],[-9,186],[-10,185],[-10,184],[-11,185],[-11,184],[-12,184],[-13,184],[-14,183],[-15,183],[-15,182],[-16,182],[-17,182],[-19,181],[-19,181],[-20,181],[-22,180]],[[268654,330439],[290,-2],[290,-1],[291,-2],[290,-1],[289,-2],[581,-3],[290,-1],[289,-2],[291,-1],[290,-2],[579,-3],[291,-1],[290,-2],[580,-3],[290,-1],[290,-2],[580,-3],[290,-1],[290,-2],[290,-1],[290,-2],[580,-3],[290,-1],[290,-2],[290,-1],[290,-2],[290,-1],[290,-2],[290,-1],[290,-2],[580,-3],[290,-1],[290,-2],[580,-3],[290,-1],[291,-2],[289,-1],[290,-2],[581,-3],[289,-1],[290,-2],[581,-3],[290,-1],[289,-2],[291,-1],[290,-2],[579,-3],[291,-1],[290,-2],[579,-3],[291,-1],[290,-2],[290,-1],[7,0],[8,0],[8,1],[8,0],[8,1],[8,1],[8,1],[8,1],[8,2],[16,3],[9,2],[8,2],[8,2],[25,7],[8,3],[8,3],[8,3],[8,3],[9,3],[8,3],[8,4],[8,3],[16,7],[8,4],[8,4],[8,5],[8,4],[15,9],[8,4],[8,5],[7,5],[7,5],[7,5],[7,5],[8,5],[7,6],[20,16],[13,12],[6,6],[13,12],[6,6],[12,12],[10,13],[10,13],[5,7],[5,7],[5,7],[4,7],[4,7],[4,6],[5,7],[3,7],[20,44],[19,44],[19,44],[17,45],[16,45],[16,46],[14,46],[13,46],[13,47],[11,48],[11,47],[10,48],[10,48],[8,49],[8,49],[7,49],[6,50],[5,49],[5,50],[5,51],[4,51],[3,50],[2,51],[3,51],[1,52],[1,51],[0,52],[1,51],[-1,52],[-1,105],[-2,52],[-3,105],[-3,53],[-2,52],[-10,158],[-3,53],[-4,53],[-4,53],[-4,52],[-3,53],[-4,52],[-4,52],[-5,53],[-16,208],[-3,52],[-4,52],[-4,51],[-3,52],[-3,51],[-3,51],[-5,102],[-3,100],[-2,50],[-1,49],[0,49],[-1,55],[0,56],[-1,55],[-1,57],[-1,55],[-1,111],[-1,56],[-1,56],[-4,222],[0,19],[0,37],[-4,222],[0,55],[-1,56],[-1,111],[0,56],[-1,55],[0,55],[0,56],[0,0],[-1,55],[0,55],[0,56],[0,55],[1,37],[0,18],[0,55],[0,55],[1,55],[1,55],[0,55],[1,55],[1,55],[1,55],[2,55],[3,109],[2,54],[2,55],[2,54],[3,55],[3,54],[2,54],[3,55],[3,54],[4,54],[3,54],[4,53],[9,107],[5,54],[5,53],[5,54],[5,53],[5,53],[6,53],[7,53],[6,53],[7,53],[1,8],[4,24],[1,8],[1,8],[3,16],[1,8],[3,16],[2,8],[1,8],[2,8],[1,8],[4,16],[1,7],[2,9],[2,7],[1,8],[2,8],[3,7],[1,8],[2,8],[4,15],[2,7],[1,7],[5,14],[4,14],[4,13],[4,13],[2,7],[4,12],[3,6],[4,12],[4,11],[2,5],[7,15],[4,9],[2,5],[2,4],[3,4],[2,4],[2,4],[5,7],[4,6],[2,3],[5,5],[2,2],[2,2],[3,3],[2,2],[3,3],[3,3],[3,2],[6,6],[8,6],[3,4],[4,3],[4,3],[5,3],[4,4],[13,10],[5,4],[5,4],[10,7],[5,3],[5,4],[5,4],[12,7],[11,8],[11,7],[12,8],[6,3],[7,4],[6,4],[6,3],[7,4],[19,10],[7,4],[6,3],[7,4],[6,3],[14,7],[14,6],[7,3],[7,3],[7,3],[7,3],[7,2],[7,3],[7,3],[14,5],[7,2],[15,4],[6,2],[15,4],[17,5],[18,4],[18,4],[18,3],[18,3],[17,3],[18,3],[35,4],[18,2],[18,1],[17,1],[17,1],[18,1],[17,1],[52,0],[17,-1],[17,0],[17,-1],[18,-1],[50,-3],[16,-2],[17,-1],[16,-2],[17,-2],[16,-2],[16,-2],[16,-2],[16,-2],[16,-3],[31,-5],[16,-2],[18,-4],[12,-2],[15,-3],[16,-2],[15,-3],[15,-3],[14,-3],[15,-3],[14,-3],[14,-2],[14,-3],[28,-5],[14,-3],[13,-3],[40,-7],[12,-3],[13,-2],[12,-2],[24,-4],[12,-2],[12,-2],[12,-2],[11,-1],[183,-25],[176,-31],[170,-38],[163,-43],[158,-48],[151,-54],[146,-60],[140,-64],[135,-71],[130,-74],[124,-79],[120,-84],[115,-89],[110,-92],[107,-97],[102,-101],[98,-105],[94,-108],[91,-113],[87,-116],[84,-118],[81,-122],[77,-125],[76,-128],[73,-131],[70,-133],[68,-136],[66,-138],[64,-140],[63,-141],[61,-144],[59,-146],[59,-146],[57,-149],[57,-150],[57,-151],[55,-151],[56,-153],[55,-153],[55,-154],[57,-154],[56,-154],[56,-155],[58,-154],[59,-154],[59,-154],[61,-153],[63,-153],[64,-152],[67,-151],[67,-149],[71,-149],[72,-146],[76,-146],[77,-144],[81,-142],[84,-141],[88,-138],[90,-136],[95,-133],[98,-131],[102,-128],[106,-126],[111,-122],[5,-5],[10,-10],[2,-1],[5,-6],[12,-11],[6,-6],[13,-11],[13,-11],[8,-6],[6,-5],[8,-6],[7,-5],[15,-10],[15,-11],[8,-5],[8,-5],[16,-11],[7,-5],[17,-10],[8,-5],[8,-5],[9,-5],[17,-9],[17,-10],[9,-4],[17,-9],[8,-4],[9,-4],[9,-4],[8,-4],[9,-4],[8,-4],[9,-3],[8,-4],[18,-7],[8,-3],[17,-7],[9,-3],[8,-2],[8,-3],[9,-3],[16,-5],[25,-6],[7,-2],[8,-2],[23,-5],[7,-1],[48,-6],[48,-7],[48,-6],[48,-5],[49,-5],[48,-5],[48,-4],[49,-4],[49,-3],[48,-3],[48,-3],[49,-2],[49,-2],[49,-2],[50,-2],[48,-1],[50,-1],[49,-1],[49,0],[99,0],[50,0],[99,1],[149,3],[101,2],[100,3],[50,2],[50,1],[51,2],[51,1],[50,2],[51,2],[51,1],[51,2],[50,1],[51,2],[51,1],[52,2],[51,1],[51,1],[52,1],[51,1],[51,1],[52,0],[52,1],[51,0],[52,-1],[52,0],[52,0],[104,-2],[52,-2],[52,-1],[53,-2],[52,-2],[53,-3],[53,-2],[52,-4],[53,-3],[104,-8],[104,-9],[104,-9],[103,-10],[103,-11],[102,-12],[101,-12],[102,-13],[101,-14],[100,-14],[100,-15],[100,-16],[100,-17],[99,-17],[98,-18],[99,-19],[98,-19],[98,-20],[98,-21],[97,-21],[97,-21],[98,-22],[96,-23],[97,-23],[97,-24],[97,-24],[96,-25],[96,-25],[97,-26],[96,-26],[96,-27],[96,-27],[97,-28],[96,-28],[96,-29],[96,-29],[96,-29],[97,-30],[97,-30],[96,-30],[97,-31],[97,-31],[97,-32],[98,-32],[97,-32],[98,-32],[98,-33],[98,-33],[197,-67],[21,-7],[79,-26],[99,-35],[100,-34],[100,-34],[101,-35],[101,-35],[101,-35],[102,-35],[44,-15],[58,-20],[103,-35],[103,-36],[103,-35],[104,-36],[105,-36],[103,-35],[103,-36],[102,-36],[102,-36],[103,-37],[101,-37],[101,-38],[101,-38],[101,-39],[101,-38],[101,-40],[100,-39],[100,-40],[100,-40],[99,-40],[100,-41],[99,-41],[99,-41],[99,-41],[99,-41],[99,-41],[99,-42],[98,-41],[99,-42],[98,-41],[98,-42],[81,-34],[17,-8],[99,-42],[97,-41],[98,-42],[98,-41],[98,-42],[98,-41],[97,-41],[98,-41],[98,-41],[97,-41],[98,-40],[98,-40],[97,-40],[98,-40],[98,-39],[97,-39],[98,-38],[98,-38],[98,-38],[98,-38],[98,-37],[98,-36],[98,-36],[98,-36],[99,-36],[98,-34],[99,-34],[99,-34],[98,-33],[99,-32],[100,-32],[99,-31],[99,-30],[100,-30],[100,-29],[100,-28],[100,-27],[117,-31],[117,-30],[117,-30],[117,-30],[118,-29],[237,-56],[119,-27],[119,-26],[119,-26],[120,-26],[120,-25],[120,-24],[120,-24],[120,-24],[121,-23],[121,-22],[121,-22],[121,-21],[121,-21],[122,-20],[121,-20],[122,-20],[122,-19],[121,-19],[244,-35],[123,-16],[122,-17],[122,-15],[123,-16],[122,-14],[122,-14],[123,-14],[122,-13],[122,-13],[123,-12],[244,-23],[122,-10],[122,-10],[244,-19],[122,-9],[122,-8],[122,-7],[121,-7],[121,-7],[121,-6],[122,-5],[121,-5],[121,-4],[120,-4],[120,-4],[120,-3],[121,-2],[119,-2],[120,-2],[119,0],[119,-1],[118,0],[119,1],[118,1],[118,1],[109,2],[109,4],[108,4],[107,6],[107,6],[106,8],[105,8],[105,9],[105,9],[104,10],[103,10],[102,11],[102,11],[102,11],[101,12],[100,11],[100,11],[99,11],[99,10],[98,10],[98,9],[97,9],[97,8],[96,8],[95,7],[96,5],[94,5],[95,3],[93,2],[93,1],[93,0],[92,-2],[92,-4],[91,-5],[91,-7],[91,-9],[90,-11],[89,-13],[89,-15],[88,-18],[88,-19],[88,-22],[87,-25],[87,-27],[87,-30],[85,-33],[86,-35],[85,-39],[85,-41],[84,-45],[85,-48],[83,-52],[83,-54],[84,-58],[82,-62],[82,-66],[82,-69],[81,-73],[81,-78],[81,-81],[81,-86],[80,-89],[79,-94],[80,-99],[20,-25],[23,-24],[24,-25],[25,-25],[28,-25],[29,-25],[30,-25],[32,-25],[34,-25],[35,-26],[36,-25],[38,-26],[39,-25],[40,-26],[41,-26],[43,-26],[44,-26],[45,-26],[46,-26],[46,-27],[48,-26],[49,-27],[49,-26],[51,-27],[51,-26],[52,-27],[52,-27],[54,-27],[54,-27],[109,-55],[56,-28],[55,-27],[57,-28],[43,-21],[0,0],[13,-7],[57,-28],[57,-28],[57,-29],[51,-24],[7,-4],[57,-28],[58,-29],[58,-29],[57,-28],[58,-29],[115,-58],[56,-29],[1,-1],[57,-29],[56,-29],[57,-30],[55,-30],[56,-29],[55,-30],[55,-31],[54,-30],[53,-31],[53,-30],[52,-31],[51,-30],[51,-31],[50,-31],[49,-32],[48,-31],[47,-31],[43,-30],[42,-29],[43,-30],[41,-30],[41,-30],[41,-31],[42,-31],[40,-31],[40,-31],[40,-31],[40,-31],[39,-32],[40,-31],[39,-32],[38,-31],[39,-32],[38,-32],[39,-32],[76,-64],[38,-32],[27,-24],[10,-8],[8,-7],[30,-25],[37,-32],[37,-32],[37,-31],[37,-32],[38,-31],[37,-31],[36,-31],[16,-14],[21,-18],[37,-31],[37,-31],[73,-61],[36,-30],[37,-30],[37,-30],[36,-29],[37,-30],[37,-29],[37,-28],[73,-56],[37,-28],[37,-27],[37,-27],[37,-27],[37,-26],[38,-26],[37,-25],[38,-25],[37,-25],[38,-24],[38,-23],[39,-23],[38,-23],[38,-22],[39,-22],[40,-21],[39,-20],[39,-20],[40,-19],[40,-19],[40,-18],[40,-17],[79,-33],[40,-16],[40,-16],[39,-14],[40,-15],[40,-14],[40,-13],[40,-13],[40,-12],[40,-12],[40,-12],[41,-12],[39,-11],[40,-11],[40,-10],[41,-10],[40,-10],[40,-9],[40,-10],[40,-8],[40,-9],[41,-9],[40,-8],[40,-8],[41,-9],[40,-7],[13,-3],[28,-5],[40,-7],[40,-8],[40,-7],[41,-7],[40,-7],[81,-14],[40,-7],[122,-21],[81,-14],[81,-14],[41,-8],[41,-7],[40,-7],[41,-8],[41,-8],[122,-24],[41,-8],[122,-27],[40,-10],[41,-9],[41,-10],[41,-10],[41,-11],[41,-11],[40,-12],[82,-23],[82,-24],[80,-24],[82,-24],[81,-25],[81,-25],[81,-26],[81,-26],[81,-27],[81,-26],[81,-27],[81,-28],[81,-28],[81,-28],[80,-28],[81,-29],[80,-30],[81,-29],[81,-30],[81,-31],[81,-31],[81,-31],[81,-31],[80,-32],[81,-33],[81,-33],[81,-33],[163,-67],[80,-34],[81,-34],[82,-35],[82,-36],[81,-35],[82,-36],[82,-36],[82,-37],[82,-37],[82,-37],[82,-38],[83,-38],[165,-77],[83,-40],[83,-39],[84,-40],[83,-40],[84,-41],[84,-41],[84,-41],[84,-41],[85,-43],[85,-42],[85,-43],[85,-42],[85,-44],[86,-43],[86,-45],[86,-44],[173,-90],[88,-45],[87,-46],[88,-46],[57,-31],[58,-31],[60,-30],[59,-31],[59,-31],[61,-32],[61,-31],[61,-31],[62,-32],[62,-31],[63,-32],[64,-31],[63,-32],[64,-32],[64,-32],[65,-32],[65,-32],[58,-28],[8,-4],[4,-2],[62,-31],[67,-32],[66,-32],[67,-32],[17,-8],[50,-25],[67,-32],[68,-33],[44,-21],[24,-12],[38,-18],[30,-14],[68,-33],[69,-33],[44,-21],[24,-12],[69,-33],[138,-65],[70,-33],[69,-33],[70,-33],[69,-33],[50,-24],[20,-9],[70,-33],[69,-34],[70,-33],[70,-33],[70,-33],[70,-33],[69,-33],[70,-33],[70,-33],[70,-33],[70,-34],[69,-33],[69,-33],[70,-33],[69,-33],[14,-7],[55,-26],[69,-33],[137,-65],[68,-33],[60,-29],[9,-4],[67,-33],[68,-32],[60,-29],[7,-4],[134,-65],[-20,-25],[-19,-24],[-20,-25],[-19,-24],[-20,-25],[-20,-25],[-38,-49],[-20,-24],[-20,-24],[-19,-25],[-20,-24],[-39,-50],[-20,-24],[-39,-49],[-20,-24],[-19,-24],[-20,-24],[-19,-25],[-20,-24],[-20,-24],[-20,-24],[-40,-48],[-20,-24],[-40,-48],[-20,-24],[-20,-24],[-20,-23],[-20,-24],[-21,-24],[-20,-24],[-20,-23],[-20,-23],[-21,-24],[-21,-23],[-20,-23],[-21,-23],[-20,-23],[-21,-23],[-21,-23],[-20,-23],[-21,-22],[-21,-23],[-21,-23],[-21,-22],[-21,-22],[-22,-23],[-42,-44],[-22,-22],[-21,-21],[-22,-22],[-21,-22],[-22,-22],[-22,-21],[-44,-43],[-44,-42],[-23,-20],[-40,-37],[-41,-36],[-42,-35],[-43,-35],[-43,-33],[-44,-33],[-44,-32],[-44,-32],[-46,-31],[-45,-30],[-46,-29],[-47,-29],[-47,-28],[-48,-27],[-48,-27],[-48,-26],[-49,-26],[-49,-25],[-49,-24],[-51,-24],[-50,-23],[-50,-23],[-51,-22],[-51,-22],[-52,-21],[-51,-21],[-52,-20],[-52,-20],[-53,-20],[-52,-19],[-106,-37],[-53,-18],[-53,-18],[-54,-17],[-107,-33],[-53,-17],[-54,-16],[-54,-16],[-54,-15],[-54,-16],[-53,-15],[-54,-15],[-54,-15],[-53,-14],[-54,-15],[-54,-14],[-266,-70],[-53,-14],[-53,-13],[-52,-14],[-53,-14],[-52,-14],[-52,-13],[-51,-14],[-52,-14],[-50,-14],[-51,-14],[-51,-14],[-159,-45],[-157,-47],[-157,-50],[-156,-51],[-154,-54],[-153,-56],[-153,-58],[-151,-60],[-150,-62],[-149,-64],[-148,-66],[-147,-67],[-146,-70],[-144,-71],[-144,-73],[-143,-74],[-143,-76],[-141,-77],[-140,-79],[-139,-81],[-138,-82],[-138,-83],[-136,-85],[-136,-86],[-135,-87],[-133,-88],[-134,-89],[-132,-91],[-131,-92],[-131,-92],[-130,-93],[-129,-95],[-129,-95],[-128,-97],[-127,-96],[-126,-98],[-125,-98],[-125,-98],[-125,-100],[-123,-100],[-245,-201],[-122,-102],[-121,-102],[-121,-102],[-120,-102],[-119,-102],[-119,-102],[-119,-103],[-118,-103],[-117,-103],[-117,-103],[-116,-103],[-116,-102],[-116,-103],[-115,-102],[-114,-102],[-115,-102],[-113,-101],[-114,-101],[-113,-101],[-113,-100],[-113,-100],[-112,-99],[-98,-87],[-99,-88],[-100,-89],[-101,-90],[-101,-90],[-102,-91],[-103,-91],[-103,-92],[-104,-93],[-105,-94],[-105,-94],[-106,-95],[-106,-96],[-108,-95],[-107,-97],[-108,-97],[-109,-98],[-109,-98],[-109,-99],[-110,-99],[-110,-100],[-111,-100],[-111,-100],[-111,-101],[-112,-102],[-111,-102],[-112,-102],[-113,-102],[-112,-103],[-113,-104],[-113,-103],[-113,-104],[-113,-104],[-114,-105],[-113,-105],[-114,-105],[-113,-105],[-114,-105],[-114,-106],[-113,-106],[-113,-106],[-114,-106],[-113,-106],[-113,-107],[-113,-106],[-227,-213],[-112,-107],[-113,-107],[-112,-107],[-111,-106],[-112,-107],[-111,-107],[-222,-213],[-110,-106],[-110,-107],[-109,-106],[-109,-106],[-109,-106],[-216,-211],[-107,-106],[-106,-106],[-47,-46],[-47,-46],[-46,-47],[-47,-46],[-47,-46],[-47,-46],[-46,-47],[-141,-138],[-47,-46],[-47,-45],[-47,-46],[-47,-46],[-47,-46],[-47,-46],[-47,-46],[-47,-46],[-47,-45],[-47,-46],[-47,-46],[-46,-46],[-47,-46],[-47,-46],[-47,-46],[-46,-46],[-47,-47],[-46,-46],[-47,-46],[-47,-47],[-46,-46],[-46,-46],[-46,-46],[-47,-47],[-46,-47],[-46,-47],[-46,-46],[-46,-47],[-45,-48],[-46,-47],[-45,-47],[-46,-48],[-46,-47],[-45,-48],[-45,-48],[-45,-48],[-45,-48],[-45,-48],[-44,-49],[-45,-49],[-44,-48],[-45,-49],[-43,-49],[-44,-50],[-44,-49],[-88,-99],[-43,-50],[-43,-51],[-43,-50],[-43,-51],[-43,-51],[-42,-50],[-42,-52],[-27,-32],[-27,-31],[-28,-32],[-27,-31],[-28,-30],[-29,-31],[-58,-61],[-29,-30],[-29,-29],[-30,-30],[-30,-29],[-30,-29],[-31,-29],[-61,-57],[-31,-28],[-32,-28],[-31,-28],[-63,-56],[-32,-28],[-32,-27],[-32,-28],[-64,-55],[-32,-27],[-33,-28],[-32,-27],[-32,-27],[-32,-28],[-33,-27],[-32,-28],[-33,-27],[-33,-27],[-32,-28],[-32,-27],[-32,-28],[-33,-27],[-32,-28],[-32,-27],[-32,-28],[-32,-29],[-64,-56],[-31,-28],[-31,-29],[-32,-29],[-31,-29],[-31,-29],[-31,-29],[-30,-30],[-61,-60],[-30,-30],[-30,-30],[-29,-31],[-29,-31],[-29,-31],[-28,-33],[-29,-32],[-28,-32],[-28,-32],[-27,-33],[-1,-2],[-2,-2],[-1,-2],[-2,-1],[-1,-2],[-1,-2],[-2,-2],[-1,-1],[-3,-4],[-1,-2],[-3,-4],[-2,-3],[-3,-4],[-3,-3],[-3,-4],[-2,-3],[-3,-4],[-3,-3],[-2,-4],[-3,-3],[-2,-2],[-4,-5],[-3,-4],[-1,-1],[-3,-4],[-1,-2],[-2,-2],[-1,-1],[-1,-2],[-2,-2],[-1,-2],[-1,-1],[-3,-4],[-1,-2],[-2,-2],[-1,-1],[-1,-2],[-2,-2],[-1,-2],[-2,-1],[-1,-2],[-1,-2],[-2,-2],[-1,-1],[-1,-2],[-2,-2],[-1,-2],[-1,-1]],[[353339,64685],[-42,2],[-20,2],[-42,2],[-21,1],[-42,2],[-21,2],[-20,1],[-22,1],[-20,2],[-21,1],[-21,1],[-21,2],[-42,4],[-21,1],[-21,2],[-21,2],[-20,1],[-21,2],[-21,2],[-42,4],[-21,2],[-42,4],[-21,2],[-21,2],[-20,3],[-21,2],[-21,2],[-62,7],[-21,3],[-21,2],[-21,2],[-21,3],[-21,3],[-21,2],[-20,3],[-21,3],[-21,3],[-21,2],[-21,3],[-20,3],[-21,4],[-21,3],[-21,3],[-41,7],[-21,3],[-62,10],[-20,4],[-21,3],[-21,4],[-20,4],[-21,4],[-20,4],[-21,4],[-15,3],[-14,3],[-15,3],[-15,3],[-15,3],[-14,3],[-14,3],[-15,3],[-72,18],[-29,7],[-15,4],[-14,4],[-15,3],[-14,4],[-14,4],[-15,4],[-14,4],[-14,4],[-14,4],[-14,4],[-14,4],[-14,4],[-14,5],[-15,4],[-14,4],[-14,4],[-28,9],[-14,5],[-14,4],[-14,4],[-14,4],[-13,5],[-56,18],[-28,9],[-28,9],[-14,4],[-28,10],[-42,14],[-14,4],[-14,5],[-14,4],[-28,10],[-14,5],[-13,4],[-14,5],[-28,9],[-14,4],[-14,5],[-15,5],[-35,10],[-19,4],[-21,4],[-23,5],[-23,4],[-26,4],[-26,4],[-27,4],[-29,3],[-30,4],[-31,3],[-31,4],[-33,3],[-33,3],[-35,4],[-35,2],[-36,3],[-37,3],[-37,2],[-38,3],[-39,2],[-39,2],[-79,4],[-41,2],[-40,2],[-83,3],[-41,1],[-41,2],[-125,3],[-42,1],[-41,0],[-41,1],[-42,0],[-40,1],[-41,0],[-40,0],[-40,1],[-39,-1],[-39,0],[-39,0],[-37,0],[-38,-1],[-36,0],[-36,-1],[-35,0],[-34,-1],[-34,-1],[-32,-1],[-31,-2],[-31,-1],[-29,-1],[-28,-2],[-28,-1],[-25,-2],[-25,-2],[-24,-2],[-22,-2],[-20,-2],[-123,-15],[-125,-20],[-126,-23],[-127,-27],[-129,-30],[-129,-34],[-131,-36],[-132,-39],[-133,-42],[-133,-44],[-134,-45],[-135,-48],[-135,-49],[-136,-51],[-135,-51],[-136,-53],[-137,-53],[-136,-54],[-136,-53],[-135,-54],[-136,-53],[-135,-53],[-134,-53],[-135,-51],[-133,-50],[-133,-49],[-132,-47],[-131,-45],[-129,-44],[-129,-41],[-127,-38],[-126,-36],[-125,-32],[-123,-30],[-121,-26],[-120,-22],[-118,-19],[-116,-14],[-115,-10],[-112,-5],[-110,-1],[-107,5],[-105,9],[-103,16],[-100,21],[-97,27],[-95,33],[-92,40],[-89,46],[-86,53],[-83,60],[-79,67],[-76,75],[-73,83],[-69,91],[-66,99],[-62,107],[-58,116],[-54,125],[-50,134],[-46,144],[-42,152],[-37,164],[-33,172]],[[335982,124091],[327,0],[328,0],[327,-1],[327,0],[328,0],[327,-1],[328,0],[655,0],[328,-1],[327,0],[655,0],[328,-1],[328,0],[654,0],[656,-1],[327,0],[327,-1],[328,0],[327,0],[328,-1],[328,0],[327,0],[327,-1],[328,0],[327,0],[328,-1],[327,0],[655,0],[328,-1],[328,0],[327,0],[327,-1],[328,0],[327,0],[655,-1],[328,0],[327,-1],[327,0],[328,0],[327,-1],[328,0],[655,0],[328,-1],[327,0],[328,0],[327,-1],[328,0],[328,0],[327,-1],[327,0],[328,0],[328,-1],[327,0],[327,0],[328,-1],[327,0],[328,0]],[[343571,144465],[-5,-13],[-11,-25],[-11,-25],[-5,-13],[-11,-25],[-5,-13],[-11,-25],[-6,-12],[-5,-13],[-6,-12],[-11,-26],[-6,-12],[-6,-13],[-5,-12],[-12,-25],[-5,-12],[-6,-13],[-12,-25],[-6,-12],[-6,-12],[-5,-13],[-7,-12],[-6,-12],[-5,-13],[-6,-12],[-6,-12],[-6,-13],[-6,-12],[-6,-12],[-6,-12],[-6,-13],[-6,-12],[-6,-12],[-12,-24],[-6,-13],[-6,-12],[-7,-12],[-5,-12],[-12,-24],[-6,-12],[-6,-12],[-6,-12],[-6,-12],[-12,-24],[-6,-13],[-12,-24],[-5,-11],[-6,-12],[-6,-12],[-12,-24],[-5,-12],[-6,-11],[-9,-19],[-9,-19],[-9,-19],[-9,-19],[-9,-19],[-9,-18],[-9,-19],[-9,-19],[-9,-19],[-9,-19],[-9,-19],[-9,-18],[-9,-19],[-9,-19],[-9,-19],[-9,-19],[-10,-19],[-9,-18],[-9,-19],[-9,-19],[-9,-19],[-9,-19],[-9,-19],[-9,-19],[-9,-19],[-9,-19],[-9,-19],[-9,-19],[-9,-18],[-9,-19],[-9,-19],[-9,-19],[-8,-19],[-9,-19],[-8,-19],[-9,-19],[-9,-19],[-9,-19],[-8,-19],[-9,-19],[-8,-19],[-9,-19],[-8,-20],[-16,-38],[-9,-19],[-8,-20],[-16,-38],[-8,-19],[-8,-19],[-8,-20],[-8,-19],[-7,-20],[-8,-19],[-7,-19],[-7,-20],[-8,-19],[-7,-20],[-7,-20],[-15,-39],[-6,-19],[-7,-20],[-15,-42],[-15,-44],[-15,-45],[-17,-47],[-17,-49],[-18,-50],[-18,-51],[-19,-53],[-19,-55],[-20,-55],[-20,-58],[-22,-58],[-21,-61],[-22,-61],[-23,-63],[-23,-64],[-24,-65],[-24,-66],[-24,-68],[-26,-68],[-25,-71],[-26,-70],[-26,-72],[-27,-74],[-27,-74],[-27,-75],[-28,-76],[-28,-77],[-28,-78],[-29,-79],[-30,-80],[-29,-80],[-30,-81],[-30,-83],[-30,-83],[-31,-83],[-31,-85],[-30,-85],[-32,-85],[-31,-87],[-31,-86],[-32,-88],[-32,-87],[-32,-89],[-32,-89],[-32,-89],[-33,-90],[-33,-90],[-32,-91],[-33,-91],[-33,-91],[-33,-92],[-33,-91],[-33,-92],[-32,-93],[-33,-92],[-33,-93],[-33,-92],[-33,-93],[-33,-92],[-32,-94],[-33,-93],[-32,-93],[-33,-92],[-6,0]],[[293079,144744],[0,5],[-1,11],[-1,5],[-1,5],[-1,12],[-1,10],[0,11],[-1,10],[0,5],[-1,5],[-1,10],[0,5],[-1,6],[0,10],[-1,5],[-1,10],[-1,10],[0,6],[-1,10],[0,5],[-1,10],[0,5],[0,5],[0,4],[0,10],[-1,5],[0,5],[0,10],[-1,4],[0,5],[0,19],[-1,9],[0,18],[-1,5],[0,9],[0,4],[0,26],[-1,4],[1,112],[0,112],[0,112],[1,113],[0,112],[1,112],[0,113],[1,112],[0,112],[1,112],[0,112],[1,225],[0,112],[1,112],[0,113],[1,112],[0,112],[1,112],[0,113],[1,112],[0,112],[0,112],[0,113],[1,112],[0,112],[0,112],[1,225],[1,112],[0,112],[1,112],[0,113],[0,112],[1,112],[0,112],[1,113],[0,112],[0,112],[1,112],[0,112],[0,113],[1,112],[1,225],[0,112],[0,112],[1,112],[0,112],[1,112],[0,113],[1,112],[0,113],[1,112],[0,112],[1,112],[0,112],[0,112],[1,112],[1,225],[0,112],[0,112],[1,113]],[[285115,193150],[-22,20],[-21,20],[-21,21],[-21,20],[-20,21],[-20,21],[-20,21],[-19,21],[-19,22],[-18,22],[-18,22],[-18,22],[-18,23],[-16,23],[-18,23],[-16,23],[-16,23],[-16,24],[-15,24],[-16,24],[-30,49],[-14,25],[-14,25],[-14,26],[-14,26],[-13,25],[-13,26],[-13,26],[-13,27],[-13,26],[-13,27],[-12,27],[-13,27],[-12,28],[-12,27],[-11,28],[-24,56],[-23,57],[-11,29],[-11,30],[-11,29],[-12,29],[-11,30],[-10,29],[-11,30],[-11,31],[-11,30],[-11,31],[-11,30],[-11,31],[-11,31],[-11,31],[-11,32],[-11,31],[-11,32],[-11,32],[-11,32],[-12,32],[-11,33],[-12,32],[-11,33],[-13,36],[-14,36],[-13,35],[-13,36],[-13,36],[-14,35],[-14,36],[-14,35],[-14,36],[-14,36],[-15,35],[-14,35],[-15,36],[-15,35],[-15,35],[-15,35],[-15,35],[-15,35],[-15,35],[-31,70],[-15,34],[-16,36],[-16,34],[-16,35],[-16,35],[-16,35],[-16,34],[-16,35],[-16,34],[-17,35],[-16,34],[-16,35],[-34,69],[-16,34],[-17,34],[-16,35],[-17,34],[-17,35],[-17,34],[-16,34],[-17,34],[-17,34],[-16,34],[-17,35],[-17,34],[-17,34],[-16,34],[-34,68],[-17,34],[-16,34],[-17,34],[-17,34],[-33,68],[-17,34],[-16,33],[-17,34],[-17,34],[-16,34],[-16,33],[-17,34],[-27,57],[-55,116],[-26,58],[-27,58],[-27,57],[-26,58],[-27,57],[-26,58],[-27,58],[-26,57],[-26,58],[-25,58],[-26,58],[-26,57],[-25,58],[-25,58],[-26,58],[-25,58],[-25,58],[-24,58],[-25,58],[-25,58],[-24,58],[-25,58],[-23,58],[-25,59],[-48,116],[-23,58],[-24,59],[-23,58],[-24,58],[-23,59],[-23,58],[-23,59],[-23,59],[-22,59],[-45,118],[-67,177],[-22,60],[-22,59],[-21,60],[-22,59],[-21,60],[-21,59],[-21,60],[-42,120],[-21,61],[-20,61],[-21,60],[-20,60],[-20,61],[-20,61],[-20,61],[-19,61],[-20,61],[-20,61],[-19,62],[-19,61],[-7,23],[-4,12],[-4,11],[-3,11],[-4,12],[-4,11],[-3,12],[-4,11],[-3,12],[-4,11],[-4,12],[-4,11],[-3,12],[-4,12],[-4,11],[-3,12],[-4,11],[-3,12],[-4,11],[-4,12],[-4,11],[-3,13],[-4,11],[-4,12],[-3,12],[-4,11],[-4,12],[-3,12],[-4,11],[-4,12],[-3,12],[-4,12],[-4,11],[-3,12],[-4,12],[-3,12],[-4,11],[-4,12],[-4,12],[-3,12],[-4,12],[-4,11],[-4,12],[-3,12],[-8,24],[-4,12],[-4,12],[-4,12],[-3,11],[-4,12],[-4,12],[-4,12],[-3,12],[-4,12],[-4,12],[-4,12],[-4,12],[-8,24],[-8,24],[-3,12]],[[202119,330785],[-1,-766],[-2,-766],[-1,-766],[-2,-766],[-2,-1533],[-2,-766],[-4,-2299],[-1,-766],[-3,-1533],[-1,-766],[-2,-766],[-1,-767],[-2,-766],[-1,-766],[-3,-1533],[-2,-766],[-4,-2299],[-1,-766],[-3,-1533],[-1,-766],[-3,-1533],[-1,-766],[-4,-2299],[-2,-766],[-2,-1532],[-2,-767],[-1,-766],[-2,-766],[-1,-767],[-2,-766],[-3,-1532],[-1,-767],[-4,-2298],[-1,-767],[-3,-1532],[-1,-767],[-3,-1532],[-2,-766],[-4,-2299],[-1,-767],[-3,-1532],[-1,-766],[-2,-767],[-1,-766]],[[202030,281744],[-1,-242],[0,-243],[0,-243],[-1,-242],[0,-242],[0,-243],[-1,-243],[0,-242],[-1,-242],[0,-243],[-1,-243],[0,-242],[-1,-242],[0,-243],[-1,-243],[0,-242],[0,-242],[-1,-486],[-1,-242],[0,-242],[-1,-243],[0,-243],[0,-242],[-1,-242],[0,-243],[0,-243],[-1,-242],[0,-242],[0,-243],[-1,-243],[0,-242],[-1,-242],[-1,-485],[0,-243],[-1,-242],[0,-243],[0,-242],[-1,-243],[0,-242],[-1,-243],[0,-242],[-1,-243],[0,-242],[-1,-243],[0,-242],[0,-243],[-1,-242],[0,-243],[0,-242],[-1,-485],[0,-243],[-1,-242],[0,-243],[-1,-242],[0,-243],[-1,-242],[0,-243],[-1,-242],[0,-243],[0,-242],[-1,-243]],[[202003,266224],[-1056,3],[-1057,4],[-1056,4],[-1056,4],[-1056,4],[-2113,8],[-1056,4],[-1057,4],[-1056,4],[-1057,4],[-1056,4],[-1056,4],[-1056,4],[-1057,4],[-1056,4],[-1056,4],[-1057,4],[-1056,4],[-1056,4],[-1056,4],[-1057,4],[-1057,4],[-2112,7],[-1056,4],[-1057,5],[-1056,4],[-1056,4],[-1057,4],[-1056,4],[-1056,4],[-1056,4],[-2113,8],[-1057,4],[-1056,4],[-1056,4],[-1057,4],[-2112,7],[-1057,4],[-1056,4],[-1056,4],[-1056,4],[-1057,4],[-1056,4],[-1056,4],[-1057,4],[-1056,4],[-1057,4],[-1056,4],[-1056,4],[-1056,4],[-1057,4],[-2112,7],[-1057,4],[-1056,4],[-1056,4],[-1056,4],[-1057,4],[-1057,4],[-1056,4],[-7,0],[-16,-1],[-7,-1],[-22,-3],[-15,-4],[-6,-2],[-8,-2],[-6,-2],[-21,-7],[-7,-3],[-6,-3],[-25,-14],[-12,-8],[-6,-4],[-6,-5],[-5,-4],[-11,-9],[-11,-10],[-5,-5],[-5,-6],[-4,-5],[-5,-6],[-5,-5],[-9,-12],[-4,-6],[-4,-6],[-4,-6],[-4,-6],[-7,-14],[-6,-14],[-3,-6],[-4,-7],[-5,-14],[-2,-8],[-2,-7],[-3,-7],[-2,-7],[-1,-8],[-2,-8],[-2,-8],[-1,-7],[-4,-32],[0,-8],[0,-16],[0,-31],[0,-432],[1,-31],[0,-31],[0,-433],[0,-30],[1,-31],[0,-432],[0,-31],[1,-31],[0,-433],[0,-30]],[[84362,331400],[1840,-9],[1840,-10],[1223,-6],[617,-4],[3680,-19],[614,-3],[0,0],[1226,-7],[1840,-9],[1840,-10],[1840,-9],[1840,-10],[1840,-9],[3680,-19],[1840,-10],[1222,-6],[618,-4],[1840,-9],[1840,-10],[617,-3],[1223,-7],[1840,-9],[3679,-19],[3680,-19],[1840,-10],[1840,-9],[1840,-10],[1235,-7],[0,0],[605,-3],[3679,-19],[606,-3],[1234,-7],[3680,-19],[1840,-9],[1841,-10],[1234,-7],[0,0],[606,-3],[1839,-10],[1840,-9],[605,-3],[0,0],[1235,-7],[1840,-10],[3680,-19],[1840,-9],[1227,-7],[613,-3],[1840,-10],[1840,-9],[617,-3],[0,0],[1223,-7],[1840,-10],[1840,-9],[1839,-10],[1840,-9],[1223,-7],[617,-3],[1840,-10],[1840,-9],[614,-4],[0,0],[1226,-6],[1840,-10],[3681,-19],[1840,-9],[1840,-10],[3679,-19],[1840,-9],[1223,-7],[617,-3],[1840,-10]],[[201898,207610],[0,465],[1,465],[1,464],[2,929],[2,930],[0,465],[1,464],[0,465],[1,465],[4,1858],[0,465],[1,465],[1,465],[1,464],[2,929],[1,930],[1,464],[0,465],[1,465],[1,465],[2,929],[2,930],[0,464],[1,465],[1,930],[1,464],[1,464],[2,930],[0,465],[1,464],[2,930],[1,465],[2,1393],[1,465],[0,465],[2,929],[1,465],[1,464],[2,930],[0,464],[1,465],[1,930],[1,464],[1,465],[2,930],[0,464]],[[201948,237350],[6,0],[840,-7],[841,-6],[841,-7],[3364,-28],[1681,-13],[3364,-28],[841,-6],[841,-7],[1682,-14],[841,-6],[841,-7],[2522,-21],[841,-7],[841,-6],[840,-7],[3364,-28],[841,-7],[840,-6],[1682,-14],[1682,-13],[3364,-28],[840,-7],[841,-6],[3363,-28],[841,-7],[841,-6],[841,-7],[841,-7],[841,-7],[841,-6],[3363,-28],[841,-7],[841,-6],[3364,-28],[1681,-13],[841,-7],[7,0],[9,-1],[7,0],[8,0],[9,-1],[8,0],[9,0],[8,-1],[9,0],[9,-1],[9,0],[9,-1],[18,-1],[9,0],[9,-1],[9,0],[10,-1],[9,0],[10,-1],[19,-1],[9,-1],[10,-1],[10,0],[19,-2],[10,-1],[10,0],[9,-1],[10,-1],[20,-2],[19,-2],[20,-2],[9,-1],[10,-1],[20,-2],[9,-1],[10,-2],[19,-2],[9,-1],[9,-2],[9,-1],[9,-1],[9,-1],[18,-3],[9,-1],[9,-2],[8,-1],[9,-2],[8,-1],[8,-2],[8,-1],[8,-2],[8,-2],[16,-3],[7,-2],[70,-17],[69,-19],[68,-20],[66,-21],[65,-22],[64,-22],[64,-24],[61,-25],[61,-27],[60,-26],[59,-28],[58,-28],[56,-30],[57,-30],[55,-30],[54,-32],[54,-32],[54,-33],[52,-33],[52,-34],[51,-35],[51,-35],[50,-36],[50,-36],[49,-37],[49,-37],[48,-37],[48,-38],[48,-38],[48,-39],[48,-38],[94,-77],[48,-40],[47,-39],[47,-40],[48,-40],[47,-39],[47,-40],[48,-40],[96,-79],[48,-39],[49,-40],[99,-78],[100,-77],[51,-38],[52,-38],[52,-38],[52,-37],[53,-36],[55,-37],[54,-35],[56,-36],[57,-35],[57,-34],[58,-33],[60,-33],[60,-33],[61,-32],[62,-31],[63,-30],[79,-36],[78,-34],[77,-32],[77,-30],[77,-27],[76,-26],[76,-23],[75,-22],[75,-19],[75,-18],[74,-16],[74,-14],[73,-13],[73,-10],[73,-9],[72,-7],[72,-6],[72,-4],[71,-2],[71,-1],[71,1],[70,2],[70,4],[70,5],[69,6],[70,8],[69,8],[68,11],[69,11],[68,13],[69,14],[68,15],[67,16],[68,17],[67,18],[67,19],[67,20],[67,21],[67,21],[66,23],[67,23],[66,24],[66,25],[66,25],[66,27],[66,27],[66,27],[65,28],[66,28],[65,29],[66,29],[65,30],[66,30],[65,30],[66,31],[65,31],[66,31],[65,32],[65,31],[66,32],[66,32],[66,32],[65,32],[66,32],[44,21],[88,44],[43,23],[44,22],[43,23],[43,24],[43,23],[42,24],[43,24],[42,25],[43,24],[42,25],[42,24],[42,25],[84,50],[42,24],[42,25],[42,25],[42,24],[42,24],[42,25],[43,24],[42,24],[43,23],[85,46],[43,23],[43,23],[43,22],[43,21],[43,22],[44,20],[44,20],[44,20],[45,19],[44,19],[46,18],[45,18],[46,17],[46,16],[46,16],[46,14],[47,14],[47,13],[48,13],[48,12],[49,10],[49,10],[50,9],[49,8],[51,7],[51,7],[51,5],[52,4],[53,3],[52,2],[54,0],[54,0],[55,-1],[55,-3],[56,-4],[57,-5],[115,-15],[113,-17],[111,-22],[109,-25],[108,-29],[106,-32],[105,-36],[103,-39],[101,-41],[100,-45],[99,-48],[98,-51],[96,-53],[95,-56],[95,-59],[93,-61],[92,-64],[91,-65],[91,-68],[89,-70],[89,-73],[89,-73],[87,-76],[88,-78],[86,-79],[86,-81],[86,-82],[86,-83],[85,-85],[85,-87],[85,-87],[85,-88],[85,-89],[85,-89],[85,-91],[85,-91],[85,-92],[86,-91],[86,-93],[87,-92],[87,-94],[88,-92],[88,-93],[89,-93],[89,-92],[91,-92],[91,-92],[92,-91],[93,-91],[95,-90],[95,-89],[97,-89],[97,-87],[99,-86],[100,-85],[101,-84],[104,-83],[104,-81],[106,-80],[108,-78],[109,-76],[111,-75],[113,-72],[115,-71],[6,-4],[7,-4],[7,-4],[15,-8],[7,-4],[8,-4],[15,-8],[9,-4],[7,-4],[16,-8],[9,-4],[8,-4],[26,-12],[9,-4],[8,-4],[9,-4],[18,-8],[9,-4],[9,-4],[9,-4],[9,-4],[10,-4],[9,-4],[9,-3],[18,-8],[10,-4],[9,-4],[9,-3],[9,-4],[10,-3],[9,-4],[9,-3],[9,-4],[10,-3],[9,-4],[9,-3],[9,-3],[18,-6],[9,-4],[18,-5],[17,-6],[9,-2],[8,-3],[9,-2],[8,-3],[9,-2],[8,-2],[8,-2],[8,-2],[8,-2],[8,-2],[7,-1],[8,-2],[7,-1],[17,-4],[18,-3],[17,-3],[18,-4],[18,-3],[18,-3],[18,-3],[36,-5],[37,-5],[18,-2],[18,-3],[19,-2],[19,-2],[18,-2],[19,-2],[19,-2],[18,-2],[38,-4],[19,-2],[19,-1],[19,-2],[18,-1],[19,-2],[19,-1],[19,-1],[19,-1],[19,-2],[18,-1],[38,-2],[37,-2],[19,0],[19,-1],[18,-1],[18,0],[19,-1],[18,0],[19,-1],[18,0],[18,0],[18,-1],[35,0],[18,0],[17,-1],[102,0],[17,1],[16,0],[33,0],[15,1],[16,0],[16,0],[15,0],[15,1],[6,0]],[[47006,222857],[438,-1],[438,-2],[877,-3],[438,-2],[438,-2],[439,-2],[438,-2],[438,-1],[438,-2],[438,-2],[877,-3],[438,-2],[438,-1],[439,-2],[876,-3],[438,-2],[877,-3],[438,-2],[438,-1],[1315,-5],[438,-2],[439,-1],[438,-2],[438,-2],[438,-1],[877,-3],[438,-2],[438,-2],[439,-1],[438,-2],[438,-2],[877,-3],[438,-1],[438,-2],[438,-2],[877,-3],[438,-2],[438,-1],[439,-2],[876,-3],[438,-2],[877,-3],[438,-2],[438,-1],[439,-2],[438,-2],[438,-1],[438,-2],[439,-2],[876,-3],[439,-2],[438,-1]],[[105005,222646],[0,-41],[0,-121],[0,-200],[-1,-275],[0,-350],[-1,-420],[-1,-490],[-1,-556],[-1,-621],[-1,-683],[-1,-742],[-2,-801],[-1,-855],[-2,-908],[-1,-959],[-2,-1008],[-2,-1053],[-2,-1098],[-2,-1138],[-2,-1178],[-2,-1216],[-2,-1249],[-2,-1282],[-2,-1311],[-3,-1340],[-2,-1365],[-2,-1389],[-3,-1409],[-3,-1427],[-2,-1444],[-2,-1457],[-3,-1469],[-3,-1479],[-2,-1486],[-3,-1490],[-2,-1493],[-3,-1493],[-2,-1492],[-3,-1487],[-3,-1480],[-2,-1471],[-3,-1460],[-2,-1446],[-3,-1430],[-2,-1412],[-3,-1392],[-2,-1369],[-2,-1344],[-2,-1317],[-3,-1286],[-2,-1255],[-2,-1221],[-2,-1185],[-2,-1145],[-2,-1104],[-1,-1061],[-2,-1015],[-2,-968],[-1,-917],[-2,-864],[-2,-810],[-1,-752],[-1,-693],[-1,-631]],[[526966,237126],[-10,-37],[-5,-18],[-5,-19],[-5,-18],[-6,-19],[-5,-18],[-5,-19],[-5,-18],[-5,-19],[-5,-18],[-5,-19],[-6,-19],[-10,-37],[-11,-37],[-5,-18],[-5,-19],[-5,-18],[-5,-19],[-11,-37],[-10,-38],[-11,-37],[-11,-38],[-5,-18],[-22,-74],[-5,-19],[-11,-38],[-5,-18],[-6,-19],[-11,-38],[-5,-18],[-6,-19],[-11,-38],[-5,-18],[-6,-19],[-10,-38],[-6,-19],[-5,-20],[-6,-19],[-6,-19],[-5,-19],[-11,-38],[-6,-19],[-6,-19],[-6,-19],[-10,-38],[-6,-19],[-6,-19],[-6,-19],[-10,-37],[-12,-36],[-11,-37],[-11,-36],[-12,-37],[-11,-36],[-11,-37],[-12,-37],[-12,-36],[-11,-37],[-12,-37],[-12,-36],[-11,-37],[-12,-36],[-13,-37],[-11,-37],[-12,-37],[-12,-36],[-13,-37],[-11,-37],[-13,-37],[-11,-37],[-13,-37],[-23,-74],[-12,-37],[-12,-36],[-12,-37],[-12,-37],[-11,-37],[-11,-37],[-12,-37],[-11,-37],[-11,-38],[-11,-37],[-12,-37],[-10,-37],[-11,-38],[-11,-37],[-11,-37],[-10,-37],[-10,-37],[-10,-37],[-10,-38],[-10,-37],[-10,-37],[-9,-38],[-9,-37],[-9,-38],[-9,-37],[-8,-38],[-9,-37],[-8,-38],[-16,-75],[-14,-75],[-7,-38],[-6,-37],[-6,-39],[-6,-37],[-6,-38],[-11,-76]],[[508625,232632],[13,78],[12,79],[12,80],[13,81],[12,81],[13,83],[12,83],[12,85],[12,85],[12,86],[13,86],[25,175],[12,89],[13,89],[12,89],[13,90],[13,91],[13,92],[13,91],[13,92],[14,92],[13,93],[14,94],[14,93],[14,94],[14,93],[14,95],[30,188],[15,95],[15,95],[16,95],[16,94],[16,95],[17,95],[16,95],[17,94],[18,95],[18,95],[36,188],[19,94],[19,93],[19,94],[20,93],[21,92],[20,92],[22,92],[21,91],[22,91],[23,91],[23,89],[24,90],[24,88],[24,89],[25,87],[26,87],[25,86],[27,85],[27,84],[28,84],[29,83],[29,82],[6,16],[5,16],[6,15],[7,15],[6,15],[6,16],[7,15],[14,29],[7,15],[22,44],[15,29],[8,14],[8,14],[15,28],[8,14],[8,14],[9,14],[9,13],[8,14],[8,14],[9,14],[8,13],[17,27],[9,14],[8,13],[9,14],[9,14],[9,14],[9,13],[8,14],[9,13],[9,14],[8,13],[18,28],[8,14],[9,13],[17,28],[9,14],[8,15],[8,14],[9,14],[16,29],[8,14],[8,15],[8,14],[8,15],[8,15],[8,15],[7,15],[8,15],[7,16],[7,15],[7,16],[8,15],[6,16],[14,34],[14,34],[14,33],[13,33],[12,34],[12,33],[11,33],[12,33],[10,33],[10,34],[10,34],[9,33],[9,33],[9,33],[8,33],[7,33],[8,34],[15,67],[6,33],[6,34],[6,34],[6,34],[5,34],[5,34],[5,36],[5,34],[9,70],[8,71],[4,36],[4,36],[3,37],[4,37],[6,74],[3,37],[4,39],[6,77],[3,39],[3,40],[2,40],[4,40],[2,41],[3,41],[3,42],[3,42],[3,43],[3,42],[3,44],[4,44],[3,45],[7,91],[4,46],[4,47],[5,47],[4,48],[4,49],[5,49],[5,50],[5,51],[7,66],[7,66],[7,66],[7,66],[7,65],[8,66],[8,66],[7,65],[8,65],[8,66],[8,65],[8,64],[17,131],[9,64],[9,65],[8,64],[9,64],[9,64],[10,64],[9,64],[10,64],[10,63],[10,64],[9,63],[11,63],[10,63],[11,63],[11,64],[10,62],[11,63],[11,62],[11,63],[12,62],[11,62],[12,62],[12,62],[24,123],[38,183],[13,60],[14,61],[13,61],[14,60],[13,60],[14,60],[14,60],[15,59],[14,60],[15,59],[15,59],[15,59],[15,59],[16,58],[16,59],[31,116],[17,58],[16,57],[17,58],[17,58],[17,57],[31,99],[31,98],[32,97],[33,98],[34,96],[35,95],[35,95],[36,95],[38,94],[37,93],[39,93],[38,93],[40,92],[40,92],[40,92],[41,91],[42,91],[42,91],[42,90],[43,91],[43,91],[43,90],[44,90],[44,89],[44,90],[44,90],[44,90],[44,90],[45,90],[44,90],[45,90],[44,90],[45,91],[45,90],[44,91],[44,91],[44,92],[44,92],[43,92],[44,93],[43,93],[42,94],[43,94],[42,94],[41,95],[41,96],[41,96],[39,97],[40,98],[39,98],[38,98],[38,101],[36,100],[36,101],[36,102],[35,102],[34,104],[33,105],[32,105],[31,107],[31,107],[29,109],[29,109],[27,111],[16,69],[16,71],[16,72],[16,73],[16,74],[16,76],[15,76],[16,78],[16,79],[15,81],[15,80],[16,82],[15,83],[16,83],[15,84],[15,85],[16,86],[15,86],[16,86],[16,88],[15,88],[16,88],[16,88],[32,178],[17,89],[16,90],[17,90],[16,89],[17,89],[17,90],[18,90],[17,89],[18,89],[19,89],[18,88],[37,177],[20,87],[19,87],[20,87],[20,85],[21,85],[21,85],[21,84],[22,83],[22,82],[22,81],[23,80],[23,80],[24,78],[24,77],[25,76],[24,75],[26,73],[26,73],[27,71],[26,70],[28,68],[28,66],[28,65],[30,64],[30,61],[30,61],[22,41],[23,41],[23,39],[24,38],[24,37],[25,36],[25,36],[26,34],[26,34],[26,32],[27,32],[27,32],[56,61],[29,30],[29,29],[29,29],[30,29],[30,28],[31,27],[30,28],[64,55],[32,27],[32,27],[32,28],[33,27],[34,27],[33,28],[34,28],[35,28],[34,29],[35,29],[35,29],[35,30],[36,30],[36,31],[35,31],[37,32],[36,33],[37,34],[37,34],[37,35],[38,37],[37,37],[38,39],[38,39],[38,40],[38,42],[39,43],[38,44],[39,45],[39,47],[39,48],[39,49],[39,51],[39,53],[40,55],[40,56],[39,57],[40,60],[40,61],[40,63],[39,65],[10,17],[10,17],[9,18],[10,17],[9,18],[9,18],[10,18],[9,18],[9,19],[9,19],[9,19],[9,19],[9,20],[8,20],[9,20],[8,20],[9,20],[9,21],[8,20],[8,21],[9,21],[8,21],[8,22],[8,21],[8,22],[8,21],[8,22],[8,22],[8,22],[8,22],[8,23],[8,22],[7,22],[8,22],[8,23],[7,23],[8,22],[8,23],[7,23],[15,45],[8,23],[7,22],[8,23],[7,23],[7,23],[8,23],[7,22],[7,23],[8,23],[7,23],[7,23],[8,22],[14,45],[15,44],[7,23],[7,22],[8,22],[15,44],[7,21],[8,22],[18,55],[18,54],[18,55],[18,55],[18,55],[18,55],[19,54],[18,55],[18,54],[19,55],[18,54],[18,55],[18,55],[19,55],[18,54],[19,55],[18,54],[18,55],[19,55],[18,54],[18,55],[36,109],[18,55],[18,55],[18,55],[18,54],[18,55],[18,55],[18,55],[17,55],[18,55],[19,55],[17,54],[17,55],[18,55],[17,55],[17,55],[18,55],[17,55],[16,55],[17,55],[17,56],[17,55],[16,55],[17,55],[16,56],[16,55],[16,55],[32,111],[15,56],[16,56],[16,56],[15,55],[15,56],[15,55],[14,57],[15,56],[15,56],[14,56],[14,56],[14,56],[14,56],[8,35],[8,36],[8,36],[8,35],[7,35],[15,71],[12,71],[13,71],[6,35],[5,36],[6,36],[5,35],[10,72],[5,35],[4,36],[9,71],[8,72],[4,36],[3,35],[4,36],[10,108],[3,36],[2,36],[7,72],[2,36],[3,35],[2,36],[3,36],[2,36],[5,72],[2,36],[12,180],[2,36],[9,144],[2,36],[2,36],[3,35],[2,36],[3,36],[2,36],[3,36],[2,37],[3,36],[3,36],[6,72],[3,35]],[[519089,266540],[1,16],[1,17],[2,16],[4,50],[1,16],[2,17],[2,16],[1,17],[2,16],[1,17],[2,16],[2,17],[1,16],[2,16],[1,16],[2,17],[2,17],[7,66],[2,16],[1,17],[5,33],[2,16],[2,16],[2,16],[11,83],[3,16],[3,16],[2,16],[2,17],[3,16],[3,17],[2,16],[3,17],[3,16],[2,16],[4,16],[3,17],[2,17],[4,16],[3,16],[3,17],[3,16],[4,16],[3,16],[3,17],[4,16],[3,16],[3,16],[4,17],[4,16],[4,16],[3,16],[4,17],[5,16],[8,34],[9,34],[8,35],[10,34],[9,34],[10,34],[10,35],[11,34],[10,35],[11,34],[12,34],[11,34],[12,34],[11,34],[25,68],[12,34],[14,34],[13,34],[13,34],[13,34],[14,34],[14,34],[14,33],[14,34],[14,34],[15,33],[15,34],[14,33],[16,34],[15,33],[30,67],[16,33],[15,33],[16,33],[16,33],[16,33],[15,33],[17,33],[16,33],[16,32],[4,10],[12,23],[16,33],[16,32],[16,33],[17,32],[16,32],[17,32],[16,33],[17,32],[16,32],[16,32],[16,32],[17,31],[16,32],[16,32],[17,32],[4,8],[12,23],[16,31],[16,31],[15,32],[16,31],[16,31],[16,32],[17,32],[16,31],[17,31],[18,30],[17,29],[18,28],[18,28],[18,27],[19,27],[19,26],[19,25],[19,24],[20,24],[20,23],[20,23],[20,21],[21,22],[21,20],[21,20],[22,20],[21,18],[22,19],[22,17],[22,17],[23,16],[23,16],[23,15],[23,14],[24,13],[24,13],[24,13],[24,11],[25,11],[25,11],[24,10],[26,9],[25,8],[26,8],[26,7],[25,7],[27,6],[26,5],[27,5],[28,4],[27,3],[27,3],[27,2],[28,2],[28,1],[28,0],[29,0],[28,-1],[29,-2],[30,-2],[29,-3],[30,-3],[29,-4],[30,-5],[30,-5],[30,-6],[31,-6],[30,-7],[31,-8],[8,-2],[8,-2],[7,-2],[8,-1],[8,-2],[8,-2],[8,-2],[26,-4],[9,-2],[9,-2],[9,-2],[8,-1],[9,-2],[18,-2],[10,-1],[9,-2],[9,-1],[10,-1],[9,-1],[28,-3],[10,-1],[9,0],[10,-1],[9,-1],[10,0],[19,-1],[9,0],[10,-1],[28,0],[9,1],[10,0],[9,0],[9,1],[10,0],[36,4],[8,1],[9,2],[17,3],[9,2],[8,2],[8,2],[8,2],[8,2],[7,3],[8,3],[8,2],[7,3],[7,3],[8,3],[6,4],[8,3],[6,4],[17,10],[16,11],[16,11],[16,11],[31,23],[15,12],[15,12],[16,12],[14,13],[15,13],[14,13],[14,14],[28,28],[28,29],[13,15],[14,15],[13,15],[13,15],[13,16],[13,15],[38,48],[13,16],[12,17],[13,16],[12,16],[13,17],[12,17],[11,17],[12,16],[13,17],[11,17],[12,17],[12,16],[12,17],[12,17],[23,34],[12,17],[24,34],[11,16],[12,17],[24,33],[11,16],[13,16],[11,17],[12,16],[12,16],[25,31],[12,15],[12,16],[12,15],[13,14],[12,15],[13,15],[13,14],[12,14],[25,26],[25,24],[24,23],[23,22],[24,21],[24,19],[24,18],[23,17],[23,15],[23,14],[23,13],[22,12],[23,10],[22,10],[22,8],[22,8],[22,6],[21,5],[22,4],[21,3],[21,2],[22,1],[21,0],[20,-1],[21,-1],[20,-3],[21,-4],[21,-4],[20,-6],[20,-6],[20,-7],[20,-8],[20,-8],[19,-9],[19,-10],[20,-11],[19,-12],[20,-12],[19,-13],[19,-13],[19,-14],[19,-15],[19,-15],[19,-16],[18,-17],[19,-16],[19,-18],[18,-18],[19,-18],[18,-19],[19,-19],[18,-20],[37,-40],[18,-21],[18,-21],[19,-21],[18,-22],[18,-22],[18,-22],[18,-23],[19,-23],[18,-22],[18,-23],[5,-7],[6,-7],[5,-7],[13,-15],[7,-8],[14,-17],[8,-9],[7,-9],[8,-10],[35,-38],[9,-10],[9,-10],[9,-10],[10,-11],[10,-10],[10,-11],[10,-11],[10,-10],[0,0],[11,-11],[10,-11],[11,-11],[11,-11],[10,-11],[12,-11],[11,-11],[11,-10],[11,-11],[12,-11],[11,-11],[47,-42],[12,-11],[12,-10],[12,-10],[13,-10],[11,-9],[13,-10],[11,-9],[13,-9],[12,-9],[12,-9],[24,-17],[13,-8],[24,-15],[12,-7],[12,-7],[12,-6],[23,-12],[24,-11],[12,-5],[11,-5],[11,-4],[11,-3]],[[480575,190094],[37,37],[37,36],[37,37],[38,38],[39,37],[38,37],[39,37],[39,38],[40,37],[39,38],[41,38],[40,38],[40,38],[41,38],[41,38],[41,38],[42,39],[41,39],[41,38],[42,39],[42,39],[84,78],[42,39],[42,39],[84,78],[42,40],[84,79],[43,40],[42,39],[41,40],[42,39],[42,40],[41,40],[42,39],[41,40],[41,40],[83,79],[40,40],[40,40],[40,40],[79,80],[40,39],[39,40],[76,79],[38,39],[38,40],[37,40],[37,39],[36,40],[35,40],[36,39],[35,40],[34,39],[34,39],[34,39],[33,39],[32,40],[32,38],[101,129],[97,128],[94,128],[89,129],[85,129],[80,129],[77,130],[73,129],[69,131],[66,130],[61,131],[58,130],[54,132],[50,131],[47,132],[43,132],[39,132],[36,133],[32,133],[29,134],[26,133],[22,134],[18,134],[16,135],[12,135],[9,135],[6,136],[2,136],[-1,136],[-3,137],[-7,137],[-10,138],[-13,137],[-16,138],[-18,139],[-22,139],[-24,139],[-27,140],[-30,140],[-33,140],[-36,140],[-38,142],[-41,142],[-43,141],[-45,143],[-48,142],[-51,143],[-53,144],[-55,144],[-58,144],[-60,145],[-62,146],[-65,145],[-67,146],[-69,146],[-71,148],[-72,147],[-76,148],[-77,148],[-79,149],[-81,149],[-82,150],[-85,151],[-87,150],[-4,7],[-4,7],[-4,7],[-5,7],[-4,7],[-4,8],[-4,8],[-4,8],[-3,8],[-5,8],[-4,8],[-3,9],[-4,8],[-4,9],[-4,9],[-7,17],[-7,18],[-4,9],[-4,10],[-3,9],[-10,29],[-3,9],[-7,19],[-2,10],[-7,19],[-2,10],[-3,10],[-3,10],[-3,9],[-5,20],[-2,10],[-3,10],[-2,10],[-2,9],[-2,10],[-3,10],[-1,10],[-2,9],[-2,10],[-2,10],[-2,9],[-1,10],[-2,9],[-2,10],[-1,9],[-1,9],[-1,9],[-1,10],[-1,9],[-1,9],[-1,17],[0,9],[-1,9],[0,9],[0,8],[-1,8],[1,201],[6,197],[11,194],[17,191],[21,189],[26,186],[30,182],[35,181],[40,178],[43,176],[47,173],[52,172],[55,170],[59,168],[62,166],[66,164],[69,163],[72,162],[75,160],[79,159],[81,159],[83,157],[86,156],[88,156],[91,155],[92,154],[95,155],[96,154],[98,153],[100,154],[101,154],[102,154],[104,154],[104,155],[105,155],[107,155],[106,157],[108,157],[108,158],[108,160],[108,160],[108,161],[108,164],[107,164],[108,167],[106,168],[107,170],[104,171],[105,174],[103,176],[102,179],[100,181],[99,183],[98,186],[96,189],[94,191],[92,194],[90,198],[87,201],[85,203],[83,207],[80,211],[77,215],[75,218]],[[487761,213081],[24,-27],[23,-28],[23,-28],[24,-28],[23,-28],[24,-28],[70,-84],[24,-27],[24,-28],[23,-28],[24,-28],[24,-27],[23,-28],[24,-28],[23,-28],[24,-27],[24,-28],[24,-28],[24,-28],[23,-28],[24,-27],[24,-28],[24,-28],[71,-82],[24,-28],[25,-27],[48,-55],[24,-28],[24,-27],[24,-27],[24,-28],[24,-27],[122,-136],[24,-27],[24,-27],[25,-27],[25,-27],[24,-27],[25,-26],[24,-27],[24,-27],[25,-26],[25,-27],[24,-26],[25,-27],[25,-26],[49,-53],[25,-26],[25,-26],[25,-26],[25,-26],[25,-26],[25,-26],[25,-26],[33,-33],[33,-33],[34,-34],[33,-33],[34,-33],[33,-32],[34,-33],[34,-33],[34,-32],[34,-33],[34,-33],[69,-64],[35,-32],[35,-31],[68,-64],[70,-63],[35,-32],[35,-31],[35,-32],[35,-31],[71,-62],[69,-64],[71,-62],[35,-31],[35,-31],[36,-31],[36,-31],[35,-31],[35,-32],[36,-31],[35,-31],[35,-31],[71,-62],[35,-31],[35,-31],[35,-32],[35,-31],[35,-32],[35,-31],[36,-31],[34,-32],[35,-32],[35,-31],[35,-32],[34,-32],[34,-32],[70,-64],[34,-32],[35,-32],[34,-33],[34,-32],[34,-32],[34,-33],[33,-33],[34,-32],[34,-33],[109,-107],[54,-53],[55,-52],[54,-51],[54,-52],[53,-51],[53,-51],[53,-50],[53,-50],[52,-50],[52,-50],[52,-49],[51,-50],[50,-49],[51,-50],[49,-50],[50,-49],[48,-50],[48,-50],[48,-50],[47,-50],[46,-50],[46,-51],[45,-51],[44,-53],[44,-52],[42,-52],[43,-53],[41,-54],[40,-54],[40,-55],[39,-55],[38,-56],[36,-58],[36,-57],[35,-59],[34,-60],[33,-60],[32,-61],[31,-62],[30,-64],[28,-65],[28,-65],[26,-67],[25,-68],[24,-69],[23,-70],[22,-72],[20,-73],[19,-75],[18,-76],[16,-77],[15,-79],[13,-81],[12,-82],[10,-84],[10,-85],[8,-88],[6,-89],[5,-91],[3,-92],[1,-95],[0,-121],[0,-9],[0,-9],[1,-9],[0,-9],[0,-9],[1,-9],[0,-10],[1,-9],[0,-9],[1,-10],[0,-10],[1,-9],[2,-20],[1,-10],[2,-20],[0,-10],[2,-21],[2,-20],[1,-10],[1,-11],[2,-10],[1,-10],[1,-11],[1,-10],[3,-20],[1,-11],[2,-10],[2,-10],[1,-10],[2,-11],[1,-10],[2,-10],[2,-10],[1,-10],[2,-10],[2,-9],[3,-20],[2,-10],[4,-19],[4,-19],[4,-18],[9,-36],[4,-17],[5,-16],[3,-8],[2,-8],[2,-8],[4,-10],[3,-10],[4,-10],[4,-10],[4,-10],[4,-11],[4,-10],[3,-10],[4,-11],[8,-21],[4,-11],[4,-10],[8,-21],[8,-23],[4,-10],[4,-11],[5,-11],[4,-11],[16,-44],[5,-11],[4,-11],[4,-11],[4,-11],[5,-12],[4,-11],[4,-11],[4,-11],[5,-11],[4,-11],[5,-11],[4,-11],[4,-12],[4,-11],[5,-11],[4,-11],[5,-11],[4,-11],[9,-22],[8,-22],[5,-11],[4,-11],[8,-22],[9,-22],[4,-11],[4,-11],[9,-22],[5,-10],[4,-11],[4,-11],[4,-11],[8,-21],[4,-11]],[[494114,204028],[-7,-14],[-7,-14],[-7,-14],[-7,-14],[-6,-14],[-19,-44],[-6,-15],[-6,-14],[-6,-15],[-5,-15],[-6,-15],[-5,-15],[-5,-16],[-10,-30],[-5,-15],[-5,-16],[-9,-31],[-4,-15],[-5,-16],[-8,-31],[-8,-31],[-4,-16],[-3,-16],[-4,-15],[-4,-16],[-4,-16],[-3,-16],[-3,-16],[-4,-16],[-3,-16],[-4,-15],[-12,-64],[-7,-31],[-6,-32],[-3,-16],[-3,-15],[-6,-32],[-3,-16],[-2,-15],[-7,-31],[-2,-15],[-3,-16],[-3,-15],[-3,-15],[-3,-15],[-3,-16],[-3,-15],[-3,-15],[-3,-15],[-3,-15],[-4,-15],[-9,-44],[-19,-88],[-9,-44],[-10,-45],[-10,-44],[-11,-45],[-10,-44],[-11,-45],[-20,-90],[-11,-46],[-11,-45],[-11,-45],[-11,-46],[-10,-45],[-11,-46],[-11,-46],[-10,-45],[-11,-46],[-11,-46],[-10,-47],[-10,-46],[-11,-46],[-10,-46],[-10,-47],[-10,-46],[-10,-46],[-9,-46],[-10,-47],[-9,-46],[-8,-48],[-9,-46],[-17,-93],[-8,-47],[-7,-47],[-8,-46],[-6,-47],[-7,-47],[-6,-47],[-6,-46],[-6,-47],[-5,-47],[-5,-46],[-5,-47],[-4,-46],[-3,-47],[-4,-47],[-4,-93],[-2,-46],[-1,-47],[-1,-46],[0,-47],[1,-46],[1,-47],[1,-46],[2,-46],[3,-46],[4,-46],[4,-46],[4,-46],[6,-46],[2,-16],[2,-9],[2,-8],[3,-17],[2,-8],[2,-9],[2,-9],[3,-8],[2,-9],[3,-9],[3,-9],[9,-27],[4,-9],[3,-9],[4,-9],[3,-9],[4,-9],[9,-18],[8,-17],[4,-9],[5,-9],[4,-8],[9,-17],[10,-17],[5,-9],[6,-8],[5,-8],[10,-16],[6,-8],[6,-7],[12,-15],[11,-14],[7,-7],[6,-7],[6,-6],[6,-7],[13,-12],[7,-5],[6,-6],[7,-5],[6,-5],[8,-5],[6,-5],[14,-8],[7,-4],[15,-7],[14,-6],[7,-3],[8,-2],[24,-6],[23,-5],[24,-3],[22,-1],[23,0],[22,1],[22,2],[21,5],[22,5],[20,7],[21,7],[21,9],[20,10],[20,11],[20,12],[19,13],[20,13],[19,14],[19,15],[18,16],[19,16],[18,17],[18,17],[18,17],[18,18],[71,74],[34,38],[18,19],[17,19],[17,18],[17,19],[17,18],[17,17],[17,18],[17,17],[18,17],[17,16],[16,15],[18,14],[17,14],[35,25],[17,11],[18,11],[17,9],[18,8],[18,7],[18,6],[18,5],[19,3],[18,3],[19,0],[19,-1],[19,-2],[19,-4],[20,-6],[20,-7],[20,-9],[20,-11],[20,-13],[17,-12],[15,-13],[15,-14],[13,-14],[13,-15],[12,-16],[11,-17],[10,-17],[10,-18],[8,-18],[7,-19],[8,-19],[6,-20],[5,-20],[5,-21],[4,-21],[4,-21],[2,-22],[2,-22],[2,-23],[1,-23],[0,-23],[0,-24],[0,-23],[-2,-24],[-1,-24],[-4,-49],[-3,-25],[-4,-25],[-3,-24],[-8,-50],[-5,-25],[-5,-25],[-5,-25],[-5,-24],[-6,-25],[-6,-25],[-6,-24],[-12,-49],[-7,-24],[-6,-24],[-7,-23],[-6,-24],[-7,-23],[-13,-45],[-7,-22],[-6,-22],[-7,-21],[-6,-21],[-6,-21],[-6,-20],[-6,-19],[-6,-19],[-5,-18],[-6,-18],[-5,-18],[-5,-16],[-4,-17],[-4,-15],[-4,-15],[-9,-30],[-8,-31],[-8,-31],[-8,-30],[-8,-31],[-7,-30],[-8,-31],[-8,-31],[-7,-31],[-8,-31],[-7,-31],[-7,-31],[-7,-30],[-7,-31],[-7,-31],[-14,-62],[-7,-31],[-7,-31],[-6,-31],[-7,-31],[-6,-31],[-7,-31],[-7,-32],[-13,-62],[-6,-31],[-13,-62],[-7,-31],[-6,-31],[-19,-93],[-7,-31],[-13,-62],[-6,-31],[-7,-31],[-13,-62],[-7,-31],[-6,-31],[-7,-31],[-7,-31],[-7,-31],[-7,-31],[-6,-31],[-7,-31],[-7,-31],[-7,-31],[-7,-31],[-15,-62],[-7,-30],[-15,-63],[-8,-30],[-8,-31],[-7,-31],[-8,-31],[-8,-30],[-8,-31],[-9,-31],[-75,-275],[-75,-276],[-74,-277],[-74,-277],[-73,-279],[-73,-279],[-73,-280],[-73,-280],[-72,-280],[-145,-563],[-72,-282],[-74,-282],[-72,-283],[-74,-283],[-73,-283],[-74,-283],[-75,-284],[-75,-283],[-76,-283],[-77,-284],[-77,-284],[-78,-283],[-79,-284],[-80,-283],[-82,-283],[-81,-282],[-84,-283],[-84,-282],[-86,-281],[-88,-281],[-88,-280],[-91,-280],[-91,-280],[-94,-278],[-95,-278],[-97,-278],[-99,-277],[-101,-276],[-103,-275],[-105,-273],[-107,-274],[-109,-272],[-111,-271],[-114,-270],[-116,-269],[-119,-268],[-122,-266],[-123,-266],[-127,-263],[-129,-263],[-132,-261],[-135,-260],[-138,-258],[-141,-257],[-144,-255],[-147,-254],[-151,-252],[-153,-250],[-157,-248],[-161,-247],[-163,-245],[-168,-243],[-171,-241],[-5,-6],[-5,-7],[-24,-32],[-11,-13],[-11,-13],[-22,-27],[-12,-13],[-5,-6],[-6,-7],[-12,-12],[-11,-13],[-18,-18],[-12,-12],[-6,-6],[-6,-5],[-6,-6],[-6,-6],[-6,-5],[-12,-11],[-7,-6],[-6,-5],[-12,-10],[-6,-5],[-6,-5],[-6,-4],[-6,-5],[-11,-9],[-6,-4],[-6,-5],[-12,-8],[-6,-4],[-5,-4],[-12,-7],[-5,-3],[-6,-3],[-5,-3],[-6,-4],[-10,-5],[-10,-5],[-6,-2],[-15,-6],[-5,-1],[-5,-2],[-5,-2],[-5,-1],[-6,-1],[-5,-2],[-12,-2],[-6,-1],[-5,-1],[-7,-1],[-6,-1],[-7,-1],[-6,-1],[-21,-1],[-14,-1],[-7,-1],[-45,0],[-7,1],[-7,0],[-16,1],[-8,1],[-8,0],[-15,2],[-8,1],[-8,1],[-8,1],[-8,1],[-8,1],[-8,2],[-8,1],[-7,1],[-8,2],[-8,2],[-8,1],[-8,2],[-15,4],[-9,2],[-7,2],[-8,2],[-8,2],[-7,2],[-16,5],[-7,3],[-8,3],[-7,2],[-14,6],[-14,6],[-7,4],[-51,25],[-50,26],[-49,28],[-48,29],[-47,30],[-45,31],[-45,32],[-44,34],[-43,35],[-42,35],[-41,36],[-41,37],[-40,38],[-38,39],[-38,40],[-38,40],[-37,41],[-36,42],[-35,42],[-35,44],[-35,43],[-33,45],[-33,44],[-33,46],[-33,46],[-32,46],[-31,47],[-32,47],[-31,47],[-30,48],[-31,49],[-30,48],[-29,48],[-30,49],[-30,49],[-29,49],[-29,49],[-30,49],[-29,49],[-29,49],[-30,49],[-28,49],[-30,49],[-59,97],[-29,49],[-30,48],[-30,48],[-30,47],[-31,47],[-31,48],[-31,46],[-32,46],[-32,45],[-32,45],[-33,45],[-33,44],[-34,43],[-34,43],[-35,42],[-35,41],[-36,41],[-37,40],[-37,39],[-20,20],[-20,19],[-20,20],[-21,20],[-21,19],[-22,19],[-21,19],[-22,19],[-23,19],[-23,19],[-23,18],[-23,18],[-23,18],[-48,37],[-25,18],[-24,17],[-25,18],[-25,18],[-25,18],[-25,17],[-26,18],[-25,17],[-27,18],[-26,17],[-26,17],[-27,17],[-26,17],[-27,17],[-27,17],[-55,34],[-27,17],[-27,17],[-28,16],[-27,17],[-28,17],[-28,17],[-27,17],[-56,34],[-28,17],[-28,18],[-28,17],[-28,17],[-56,35],[-28,17],[-28,17],[-28,18],[-28,18],[-57,35],[-27,18],[-28,18],[-28,18],[-28,18],[-27,19],[-28,18],[-27,19],[-27,19],[-28,19],[-26,19],[-28,19],[-21,15],[-21,16],[-23,15],[-43,31],[-22,16],[-22,15],[-23,16],[-23,15],[-22,16],[-23,15],[-22,16],[-23,16],[-23,15],[-23,16],[-23,16],[-23,15],[-23,16],[-23,16],[-23,16],[-24,16],[-46,32],[-24,16],[-23,16],[-23,16],[-24,16],[-23,16],[-23,16],[-23,16],[-23,16],[-24,17],[-23,16],[-23,17],[-23,16],[-23,16],[-24,16],[-23,17],[-23,16],[-22,17],[-23,17],[-22,17],[-23,16],[-23,17],[-22,17],[-22,17],[-22,17],[-44,34],[-22,17],[-22,17],[-21,18],[-21,17],[-22,17],[-21,18],[-41,35],[-21,17],[-20,18],[-20,18],[-20,18],[-20,18],[-19,17],[-20,19],[-27,26],[-27,28],[-13,14],[-28,30],[-13,16],[-14,16],[-27,33],[-13,17],[-14,17],[-14,18],[-14,18],[-13,18],[-27,37],[-13,19],[-14,19],[-13,19],[-14,20],[-13,19],[-13,20],[-13,20],[-13,21],[-14,20],[-13,21],[-12,20],[-13,21],[-13,21],[-13,21],[-12,21],[-13,21],[-12,21],[-25,42],[-11,21],[-13,21],[-11,22],[-12,21],[-12,21],[-11,21],[-23,42],[-11,21],[-11,20],[-10,21],[-11,21],[-21,41],[-10,20],[-10,20],[-9,20],[-10,20],[-10,19],[-9,19],[-9,19],[-9,19],[-9,18],[-8,18],[-16,37],[-8,17],[-1,1],[-4,6],[-1,2],[0,1],[-1,2],[-3,5],[-1,3],[-1,3],[-1,1],[-1,2],[-1,2],[0,1],[-2,3],[-2,6],[-1,2],[0,2],[0,1],[-1,2],[-1,3],[-2,3],[-1,3],[-1,2],[-1,2],[0,2],[-3,7],[-1,3],[-1,3],[-1,2],[-1,5],[-1,1],[-2,6],[0,2],[-2,5],[0,1],[-1,3],[-1,1]],[[211042,152719],[0,-122],[1,-122],[0,-121],[0,-244],[1,-121],[0,-122],[0,-243],[1,-122],[0,-121],[0,-487],[1,-122],[0,-122],[0,-487],[1,-243],[0,-243],[0,-122],[1,-121],[0,-244],[0,-121],[1,-122],[0,-243],[0,-122],[1,-121],[0,-244],[0,-121],[0,-122],[0,-243],[1,-122],[0,-121],[0,-487],[1,-121],[0,-122],[0,-486],[1,-244],[0,-243],[1,-122],[0,-121],[0,-243],[1,-122],[0,-122],[0,-122]],[[211055,144933],[-13,1],[-53,0],[-14,0],[-13,1],[-26,0],[-13,0],[-14,1],[-26,0],[-13,0],[-13,1],[-27,0],[-13,0],[-13,1],[-27,0],[-13,0],[-13,1],[-26,0],[-14,0],[-13,1],[-53,0],[-13,0],[-13,1],[-53,0],[-14,0],[-13,1],[-26,0],[-13,0],[-14,1],[-26,0],[-14,0],[-13,1],[-26,0],[-13,0],[-14,1],[-26,0],[-13,0],[-13,1],[-27,0],[-26,1],[-54,0],[-13,0],[-7,0],[-16,-1],[-7,-1],[-15,-2],[-7,-1],[-14,-3],[-7,-2],[-7,-2],[-7,-2],[-14,-5],[-6,-2],[-7,-3],[-6,-2],[-13,-7],[-6,-3],[-7,-4],[-6,-4],[-6,-4],[-11,-8],[-6,-4],[-6,-5],[-10,-9],[-5,-5],[-6,-5],[-10,-10],[-5,-5],[-9,-11],[-4,-6],[-4,-6],[-9,-12],[-4,-6],[-3,-6],[-7,-13],[-4,-7],[-6,-14],[-6,-14],[-3,-7],[-2,-7],[-3,-7],[-1,-7],[-3,-8],[-1,-7],[-2,-8],[-2,-8],[-1,-8],[-1,-7],[-2,-16],[-1,-24],[-5,-897],[-5,-895],[-5,-897],[-10,-1793],[-5,-896],[-5,-896],[-10,-1793],[-5,-897],[-4,-896],[-5,-897],[-5,-896],[-5,-896],[-15,-2690],[-5,-896],[-10,-1793],[-9,-1793],[-5,-896],[-5,-896],[-5,-896],[-4,-896],[-5,-897],[-5,-896],[-10,-1793],[-5,-896],[-5,-897],[-10,-1792],[-5,-897],[-5,-896],[-10,-1793],[-5,-897],[-10,-1792],[-4,-897],[-5,-896],[-5,-897],[-10,-1792],[-5,-896],[-5,-897],[-5,-896],[-5,-896],[-4,-896],[-10,-1793],[-5,-897],[-10,-1792],[-5,-897],[-15,-2689],[-5,-896],[-5,-897],[-4,-896],[-5,-897],[-1,-8],[0,-8],[-1,-8],[-1,-16],[-2,-8],[-1,-8],[-2,-8],[-2,-7],[-3,-15],[-5,-15],[-3,-7],[-2,-8],[-6,-14],[-6,-14],[-4,-6],[-7,-13],[-4,-7],[-7,-12],[-5,-6],[-4,-6],[-9,-12],[-10,-11],[-4,-5],[-5,-6],[-5,-5],[-11,-10],[-11,-9],[-6,-4],[-6,-4],[-6,-4],[-5,-4],[-7,-4],[-6,-4],[-6,-4],[-6,-3],[-7,-3],[-6,-3],[-7,-3],[-13,-5],[-7,-3],[-7,-2],[-7,-2],[-7,-2],[-14,-4],[-8,-1],[-7,-1],[-7,-1],[-8,0],[-15,-1],[-8,-1],[-510,3],[-511,2],[-511,2],[-1533,6],[-510,2],[-1533,6],[-511,2],[-510,3],[-511,2],[-511,2],[-1532,6],[-511,2],[-511,2],[-1021,5],[-1532,6],[-511,2],[-1022,4],[-1021,5],[-511,2],[-511,2],[-1532,6],[-511,2],[-510,3],[-511,2],[-511,2],[-1532,6],[-511,2],[-511,2],[-1021,5],[-1533,6],[-510,2],[-1022,4],[-1021,5],[-1022,4],[-511,2],[-1532,6],[-1022,5],[-511,2],[-511,2],[-510,2],[-8,0],[-7,0],[-8,-1],[-7,0],[-8,-1],[-7,-1],[-8,-1],[-14,-4],[-7,-2],[-7,-2],[-7,-2],[-7,-3],[-14,-5],[-12,-6],[-7,-3],[-19,-11],[-6,-4],[-6,-4],[-6,-4],[-6,-4],[-10,-9],[-6,-5],[-5,-4],[-6,-5],[-5,-6],[-5,-5],[-4,-5],[-5,-6],[-5,-5],[-4,-6],[-5,-6],[-8,-12],[-4,-7],[-3,-6],[-8,-13],[-6,-13],[-6,-14],[-6,-14],[-2,-8],[-2,-7],[-3,-7],[-5,-23],[-2,-7],[-1,-8],[-1,-8],[-1,-8],[-2,-16],[0,-8],[0,-16],[0,-56],[0,-57],[1,-56],[0,-56],[0,-56],[1,-57],[0,-56],[0,-113],[0,-56],[1,-56],[0,-112],[1,-113],[0,-112],[0,-57],[1,-56],[0,-112],[0,-56],[1,-56],[0,-114],[0,-56],[1,-56],[0,-56],[0,-56],[0,-56],[0,-57],[1,-56],[0,-56],[0,-57],[1,-56],[0,-56],[0,-56],[1,-112],[0,-114],[1,-56],[0,-56],[0,-112],[0,-56],[1,-57],[0,-112],[0,-57],[1,-56],[0,-112],[0,-57],[1,-56],[0,-112],[0,-57],[1,-57],[0,-56],[0,-56],[1,-56],[0,-56],[0,-56],[0,-2],[-1,-1],[-2,-3],[-1,-1],[-1,-3],[-2,-2],[-1,-3],[-1,-2],[-1,-3],[-2,-2],[-1,-3],[-2,-2],[-2,-3],[-1,-2],[-1,-3],[-1,-1],[-1,-1],[-1,-2],[0,-1],[-2,-3],[0,-1],[-1,-1],[-1,-2],[-1,-1],[-1,-3],[-1,-2],[-1,-3],[-2,-2],[-2,-3],[-1,-2],[-2,-3],[-1,-2],[-1,-3],[-2,-2],[-1,-3],[-1,-1],[-1,-1],[0,-2],[-1,-1],[-1,-1]],[[176292,83095],[-1,1],[-2,1],[-2,2],[-1,1],[-4,3],[-1,2],[-4,2],[-1,1],[-2,2],[-3,2],[-4,3],[-4,2],[-1,1],[-2,1],[-15,8],[-18,10],[-2,1],[-7,4],[-3,0],[-3,2],[-2,1],[-2,0],[-4,2],[-2,1],[-2,0],[-3,2],[-3,1],[-7,2],[-2,0],[-4,2],[-5,2],[-5,1],[-2,0],[-2,1],[-7,2],[-1,0],[-5,1],[-2,1],[-9,2],[-3,1],[-3,0],[-2,0],[-4,1],[-2,0],[-2,1],[-4,1],[-2,0],[-2,0],[-4,1],[-4,0],[-4,1],[-5,0],[-3,1],[-4,0],[-4,1],[-8,0],[-2,1],[-2,0],[-11,0],[-2,1],[-4,0],[-2,0],[-14,0],[-244,-1],[-243,-2],[-163,-1],[-81,0],[-488,-3],[-81,0],[0,0],[-163,-1],[-244,-1],[-244,-2],[-244,-1],[-244,-2],[-163,-1],[-80,0],[-244,-1],[-245,-2],[-80,0],[0,0],[-164,-1],[-244,-1],[-487,-3],[-244,-2],[-164,-1],[-80,0],[-489,-3],[-80,0],[0,0],[-163,-1],[-244,-1],[-244,-2],[-244,-1],[-244,-2],[-163,-1],[-81,0],[-244,-1],[-244,-2],[-81,0],[-163,-1],[-243,-1],[-489,-3],[-243,-2],[-163,-1],[-81,0],[-488,-3],[-81,0],[0,0],[-163,-1],[-244,-1],[-244,-2],[-244,-1],[-244,-2],[-163,-1],[-80,0],[-244,-1],[-245,-2],[-80,0],[-163,-1],[-244,-1],[-488,-3],[-244,-2],[-163,-1],[-80,0],[-489,-3],[-80,0],[0,0],[-163,-1],[-244,-1],[-244,-2],[-244,-1],[-244,-2],[-163,-1],[-81,0],[-244,-1],[-244,-2],[-81,0],[0,0],[-163,-1],[-244,-1],[-244,-2],[-8,0],[-15,-1],[-7,0],[-7,-1],[-8,-1],[-7,-1],[-15,-4],[-7,-2],[-7,-2],[-7,-2],[-20,-8],[-13,-6],[-25,-14],[-6,-4],[-12,-8],[-5,-4],[-17,-14],[-5,-5],[-10,-10],[-10,-11],[-5,-6],[-4,-5],[-9,-12],[-8,-12],[-4,-6],[-4,-7],[-4,-6],[-3,-7],[-3,-6],[-3,-7],[-3,-7],[-3,-7],[-6,-14],[-2,-7],[-2,-7],[-3,-8],[-1,-7],[-2,-8],[-2,-7],[-2,-8],[-1,-8],[-3,-24],[-1,-8],[0,-8],[0,-16],[0,-102],[0,-35],[1,-67],[1,-103],[0,-204],[1,-204],[1,-204],[1,-102],[0,-102],[1,-102],[0,-103],[0,-102],[1,-204],[1,-102],[0,-102],[1,-102],[1,-204],[1,-205],[0,-204],[1,-102],[0,-102],[1,-102],[0,-102],[1,-102],[0,-102],[1,-103],[0,-103],[1,-102],[0,-102],[0,-102],[1,-102],[0,-102],[1,-102],[1,-204],[0,-103],[1,-102],[0,-102],[1,-102],[0,-102],[1,-306],[1,-205],[1,-204],[1,-204],[1,-204],[0,-102],[1,-204],[1,-103],[0,-102],[1,-67],[0,-35],[1,-102],[0,-16],[-1,-8],[-2,-16],[-2,-16],[-1,-8],[-2,-8],[-1,-7],[-2,-8],[-2,-7],[-2,-8],[-3,-7],[-2,-7],[-5,-14],[-3,-7],[-4,-7],[-3,-7],[-14,-26],[-4,-6],[-4,-6],[-4,-6],[-5,-6],[-5,-6],[-9,-11],[-5,-5],[-5,-5],[-5,-6],[-5,-5],[-6,-4],[-5,-5],[-6,-5],[-5,-5],[-18,-12],[-6,-3],[-6,-4],[-6,-3],[-7,-4],[-6,-3],[-13,-6],[-20,-8],[-15,-4],[-7,-2],[-14,-4],[-22,-3],[-7,0],[-8,-1],[-7,0],[-774,0],[-110,0],[-110,1],[-1531,0],[-110,0],[-110,1],[-1532,0],[-110,0],[-109,1],[-1532,0],[-110,0],[-109,1],[-766,0]],[[496579,201492],[-26,-1],[-25,1],[-26,0],[-25,1],[-25,2],[-25,3],[-25,2],[-24,4],[-24,4],[-24,5],[-24,5],[-24,7],[-23,7],[-23,8],[-23,8],[-22,10],[-22,10],[-21,11],[-21,12],[-21,13],[-20,14],[-20,14],[-19,16],[-19,17],[-18,17],[-18,19],[-18,20],[-16,20],[-17,22],[-15,23],[-15,24],[-14,25],[-14,26],[-13,28],[-12,29],[-8,19],[-6,19],[-7,20],[-6,20],[-5,21],[-5,20],[-5,21],[-4,22],[-4,22],[-3,22],[-3,22],[-3,22],[-3,45],[-2,46],[0,23],[0,23],[0,24],[2,47],[1,24],[2,23],[2,24],[2,24],[3,24],[6,48],[4,25],[3,24],[4,24],[9,48],[10,48],[11,48],[6,24],[6,24],[6,23],[12,47],[7,23],[7,24],[7,23],[22,67],[15,44],[8,22],[8,22],[8,21],[8,21],[16,41],[8,20],[8,20],[9,19],[8,19],[16,37],[8,18],[9,18],[27,55],[29,55],[30,55],[31,54],[32,54],[34,53],[34,52],[36,52],[37,52],[38,51],[38,50],[40,50],[41,50],[42,49],[42,49],[43,48],[44,47],[45,47],[46,46],[47,46],[47,45],[48,45],[49,44],[49,43],[50,44],[51,42],[51,42],[52,41],[52,41],[53,40],[53,39],[53,39],[54,38],[55,37],[54,37],[56,36],[55,36],[56,35],[56,34],[56,34],[57,33],[57,33],[57,31],[57,31],[57,31],[57,30],[57,29],[57,28],[58,27],[56,27],[57,26],[57,26],[57,25],[57,24],[57,23],[57,23],[56,21],[56,22],[56,20],[56,20],[55,18],[55,18],[54,18],[54,16],[72,21],[71,19],[72,18],[72,18],[72,16],[73,16],[72,14],[72,14],[73,13],[73,13],[73,11],[73,11],[73,10],[73,9],[73,9],[74,8],[74,8],[73,7],[74,6],[73,7],[74,5],[74,6],[74,5],[74,4],[75,5],[74,4],[73,3],[75,4],[222,11],[74,3],[148,8],[75,3],[222,10],[74,4],[74,4],[73,4],[74,5],[74,5],[74,5],[73,6],[73,6],[74,6],[73,7],[74,7],[72,8],[74,9],[72,9],[73,9],[73,11],[72,11],[73,12],[72,12],[72,14],[72,14],[71,16],[72,16],[71,17],[71,18],[71,19],[40,11],[39,11],[39,10],[39,11],[38,11],[38,11],[39,10],[77,21],[75,21],[38,10],[38,10],[37,11],[75,20],[38,10],[37,10],[37,10],[37,10],[37,9],[37,10],[37,10],[74,19],[37,9],[37,10],[37,9],[37,9],[37,10],[37,9],[37,9],[37,9],[37,9],[37,9],[37,9],[37,9],[37,9],[37,8],[38,9],[37,9],[38,9],[37,8],[38,9],[38,8],[37,9],[38,8],[38,9],[38,8],[38,9],[39,8],[38,8],[39,8],[39,9],[38,8],[79,16],[39,8],[120,24],[40,8],[81,16],[46,8],[46,8],[46,8],[93,16],[47,8],[47,8],[95,16],[48,7],[48,7],[48,8],[49,7],[48,7],[49,8],[97,14],[50,8],[49,7],[50,7],[49,7],[50,8],[49,7],[99,14],[50,8],[50,7],[99,16],[50,8],[149,24],[50,8],[49,8],[50,8],[49,9],[99,18],[49,9],[49,9],[48,9],[49,10],[49,9],[48,10],[48,10],[48,10],[48,11],[48,11],[47,11],[47,11],[47,12],[47,12],[46,11],[46,13],[46,12],[90,26],[46,14],[44,14],[44,14],[44,14],[44,15],[43,15],[40,13],[39,14],[80,25],[39,12],[41,11],[40,11],[40,10],[40,10],[41,10],[81,18],[41,9],[82,16],[41,7],[42,8],[41,7],[41,6],[42,7],[41,6],[42,6],[83,11],[42,6],[42,5],[41,5],[42,5],[42,5],[42,5],[84,9],[42,5],[84,9],[43,4],[42,4],[126,14],[42,5],[42,4],[42,5],[42,5],[43,5],[42,5],[42,5],[42,6],[42,5],[42,6],[42,6],[42,6],[42,7],[42,7],[42,7],[42,7],[42,7],[42,8],[41,9],[42,8],[41,9],[42,9],[42,10],[41,10],[17,0],[1,1],[3,0],[1,1],[1,0],[0,0],[2,0],[1,1],[4,0],[1,1],[1,0],[1,1],[0,0],[1,0],[0,1],[28,7],[26,7],[27,7],[25,7],[26,7],[25,7],[25,8],[50,14],[24,8],[25,7],[24,7],[23,8],[24,7],[23,7],[47,14],[23,7],[23,7],[23,7],[22,7],[23,6],[22,7],[23,6],[22,7],[22,6],[22,6],[23,5],[22,6],[22,5],[23,6],[22,5],[23,5],[22,4],[22,5],[23,4],[23,4],[23,4],[22,3],[23,3],[23,3],[24,3],[23,2],[24,2],[23,2],[24,2],[24,1],[25,1],[24,0],[25,0],[25,0],[26,-1],[25,-1],[26,-1],[27,-2],[26,-2],[27,-3],[27,-3],[28,-3],[56,-8],[28,-5],[29,-5],[29,-6],[25,-6],[24,-6],[23,-7],[22,-7],[21,-8],[20,-9],[20,-9],[18,-10],[18,-10],[16,-11],[16,-11],[15,-12],[15,-12],[13,-13],[13,-13],[12,-14],[11,-14],[10,-15],[10,-14],[9,-15],[8,-16],[8,-16],[7,-16],[5,-16],[6,-17],[4,-16],[4,-18],[4,-17],[2,-17],[2,-18],[1,-18],[1,-18],[0,-18],[0,-18],[-1,-19],[-2,-18],[-2,-19],[-6,-37],[-4,-18],[-5,-19],[-11,-37],[-6,-18],[-7,-19],[-7,-18],[-8,-19],[-8,-18],[-9,-18],[-19,-35],[-10,-17],[-10,-17],[-11,-18],[-11,-16],[-12,-17],[-12,-16],[-12,-16],[-13,-15],[-13,-16],[-14,-15],[-14,-14],[-14,-15],[-15,-13],[-15,-15],[-17,-14],[-16,-15],[-17,-13],[-17,-14],[-17,-13],[-17,-12],[-18,-13],[-17,-12],[-18,-11],[-18,-12],[-18,-11],[-19,-11],[-18,-10],[-19,-11],[-19,-10],[-19,-10],[-19,-9],[-19,-10],[-20,-9],[-19,-9],[-20,-9],[-39,-17],[-20,-8],[-21,-8],[-19,-9],[-20,-8],[-41,-16],[-20,-7],[-40,-16],[-21,-8],[-20,-7],[-20,-8],[-21,-8],[-20,-7],[-20,-8],[-21,-8],[-20,-7],[-41,-16],[-20,-8],[-19,-8],[-21,-8],[-20,-9],[-39,-17],[-20,-9],[-20,-8],[-20,-9],[-19,-9],[-19,-10],[-20,-9],[-19,-10],[-19,-10],[-19,-11],[-37,-21],[-18,-11],[-18,-11],[-18,-12],[-18,-12],[-27,-19],[-26,-18],[-26,-19],[-26,-18],[-26,-19],[-25,-19],[-26,-19],[-25,-19],[-25,-19],[-26,-19],[-24,-20],[-25,-19],[-25,-19],[-25,-20],[-25,-19],[-24,-20],[-49,-39],[-25,-19],[-24,-20],[-25,-19],[-24,-19],[-25,-20],[-24,-19],[-25,-20],[-48,-38],[-25,-19],[-24,-19],[-25,-19],[-24,-19],[-49,-37],[-25,-18],[-25,-18],[-25,-18],[-25,-18],[-25,-17],[-25,-18],[-25,-17],[-26,-17],[-25,-17],[-26,-16],[-25,-17],[-26,-16],[-26,-15],[-27,-16],[-26,-15],[-27,-15],[-26,-15],[-27,-14],[-54,-28],[-55,-26],[-56,-25],[-29,-12],[-29,-12],[-29,-11],[-29,-11],[-29,-10],[-30,-10],[-30,-10],[-33,-10],[-34,-11],[-34,-10],[-33,-11],[-34,-11],[-34,-11],[-67,-23],[-33,-12],[-34,-11],[-33,-12],[-33,-12],[-34,-12],[-33,-13],[-33,-12],[-33,-12],[-33,-13],[-33,-12],[-33,-13],[-33,-13],[-33,-13],[-33,-13],[-33,-13],[-33,-13],[-33,-13],[-33,-13],[-33,-13],[-33,-13],[-33,-13],[-33,-14],[-33,-13],[-33,-13],[-33,-14],[-33,-13],[-33,-13],[-33,-13],[-33,-14],[-33,-14],[-33,-13],[-33,-13],[-33,-13],[-33,-14],[-33,-13],[-33,-13],[-33,-13],[-33,-13],[-33,-13],[-66,-26],[-33,-12],[-34,-13],[-33,-13],[-33,-12],[-33,-13],[-34,-12],[-33,-12],[-34,-13],[-33,-11],[-34,-12],[-34,-12],[-33,-11],[-34,-12],[-34,-11],[-33,-11],[-20,-7],[-19,-5],[-19,-6],[-18,-5],[-19,-5],[-19,-5],[-19,-5],[-19,-4],[-18,-4],[-19,-4],[-19,-4],[-18,-4],[-19,-3],[-37,-7],[-18,-2],[-37,-5],[-18,-3],[-19,-2],[-18,-2],[-18,-2],[-18,-2],[-19,-2],[-36,-3],[-19,-1],[-36,-3],[-18,-1],[-19,-2],[-54,-3],[-18,-1],[-36,-2],[-19,-1],[-19,-1],[-36,-2],[-18,-1],[-19,-1],[-36,-2],[-37,-2],[-18,-2],[-19,-1],[-18,-2],[-56,-4],[-18,-2],[-19,-2],[-19,-2],[-18,-2],[-19,-3],[-19,-2],[-19,-3],[-18,-3],[-19,-2],[-19,-4],[-20,-3],[-55,-10],[-54,-10],[-55,-10],[-55,-11],[-55,-12],[-55,-11],[-55,-13],[-55,-12],[-55,-13],[-55,-14],[-55,-14],[-55,-14],[-56,-14],[-55,-15],[-55,-15],[-56,-16],[-55,-15],[-55,-16],[-55,-17],[-55,-16],[-55,-17],[-56,-18],[-165,-52],[-56,-19],[-55,-18],[-55,-18],[-55,-19],[-55,-19],[-55,-19],[-55,-19],[-55,-20],[-55,-19],[-55,-20],[-55,-20],[-54,-19],[-55,-20],[-55,-21],[-55,-20],[-54,-20],[-55,-20],[-54,-21],[-109,-40],[-54,-20],[-54,-21],[-54,-20],[-54,-20],[-54,-20],[-53,-21],[-54,-20],[-54,-20],[-53,-20],[-107,-40],[-53,-20],[-53,-20],[-53,-20],[-53,-19],[-53,-19],[-52,-19],[-52,-19],[-52,-19],[-37,-14],[-37,-13],[-73,-28],[-37,-15],[-37,-14],[-37,-15],[-37,-16],[-37,-15],[-37,-16],[-37,-16],[-37,-16],[-37,-16],[-38,-17],[-37,-16],[-37,-17],[-37,-17],[-38,-17],[-37,-17],[-38,-17],[-37,-18],[-38,-17],[-38,-18],[-37,-18],[-38,-17],[-37,-17],[-38,-18],[-75,-35],[-38,-17],[-38,-18],[-38,-17],[-37,-17],[-38,-17],[-38,-17],[-38,-17],[-37,-17],[-38,-16],[-38,-17],[-75,-32],[-38,-16],[-38,-16],[-75,-31],[-38,-16],[-38,-14],[-38,-15],[-37,-14],[-38,-14],[-38,-14],[-38,-13],[-38,-13],[-37,-14],[-38,-12],[-38,-12],[-75,-23],[-38,-11],[-37,-10],[-38,-10],[-37,-10],[-38,-9],[-37,-9],[-35,-7],[-33,-7],[-34,-7],[-35,-7],[-34,-7],[-34,-7],[-35,-6],[-69,-14],[-35,-7],[-35,-6],[-34,-7],[-35,-6],[-35,-6],[-35,-7],[-35,-6],[-35,-6],[-36,-7],[-35,-6],[-35,-6],[-35,-6],[-71,-12],[-71,-12],[-36,-6],[-35,-6],[-71,-12],[-36,-6],[-35,-6],[-107,-18],[-36,-6],[-35,-6],[-36,-6],[-35,-6],[-36,-6],[-107,-18],[-36,-6],[-71,-12],[-35,-6],[-36,-6],[-36,-7],[-35,-6],[-35,-6],[-36,-7],[-35,-6],[-36,-7],[-35,-6],[-35,-7],[-35,-6],[-35,-7],[-35,-7],[-36,-7],[-69,-14],[-35,-7],[-35,-7],[-35,-8],[-34,-7],[-34,-6],[-34,-7],[-34,-7],[-34,-6],[-33,-6],[-34,-7],[-34,-6],[-68,-12],[-34,-6],[-68,-12],[-34,-5],[-34,-6],[-33,-6],[-34,-5],[-33,-6],[-34,-6],[-34,-5],[-34,-6],[-34,-5],[-33,-6],[-68,-11],[-33,-6],[-34,-5],[-34,-6],[-34,-5],[-33,-6],[-34,-6],[-67,-11],[-33,-6],[-34,-6],[-34,-6],[-33,-6],[-34,-6],[-34,-6],[-33,-6],[-33,-7],[-34,-6],[-34,-7],[-33,-6],[-34,-7],[-34,-7],[-100,-21],[-33,-8],[-34,-7],[-33,-8],[-34,-8],[-67,-16],[-67,-17],[-33,-9],[-34,-8],[-66,-18],[-33,-10],[-34,-9],[-33,-10],[-21,-6],[-21,-7],[-22,-6],[-21,-7],[-23,-6],[-22,-7],[-23,-7],[-23,-6],[-24,-7],[-24,-6],[-24,-6],[-24,-7],[-25,-6],[-24,-5],[-25,-6],[-26,-6],[-25,-5],[-25,-5],[-26,-5],[-25,-4],[-26,-5],[-25,-3],[-26,-4],[-26,-3],[-26,-3],[-26,-2],[-26,-2],[-25,-2],[-26,-1]],[[501802,266536],[0,-19],[13,-77],[12,-78],[12,-79],[12,-80],[11,-80],[11,-81],[11,-82],[10,-82],[9,-83],[10,-84],[8,-84],[8,-85],[8,-85],[8,-86],[7,-87],[6,-87],[6,-88],[5,-88],[5,-89],[4,-90],[4,-89],[3,-91],[3,-90],[2,-91],[2,-92],[2,-184],[0,-93],[-1,-93],[-1,-93],[-2,-95],[-2,-94],[-3,-94],[-4,-95],[-5,-95],[-5,-96],[-5,-95],[-7,-96],[-14,-192],[-9,-96],[-9,-97],[-10,-97],[-10,-97],[-12,-97],[-12,-97],[-12,-98],[-14,-97],[-14,-97],[-15,-98],[-16,-97],[-16,-99],[-18,-97],[-18,-98],[-19,-97],[-20,-98],[-21,-98],[-21,-97],[-23,-98],[-23,-97],[-23,-97],[-26,-98],[-25,-97],[-27,-97],[-17,-59],[-17,-58],[-17,-59],[-17,-58],[-17,-59],[-17,-57],[-17,-58],[-17,-57],[-17,-57],[-17,-57],[-17,-56],[-17,-56],[-18,-57],[-17,-56],[-17,-56],[-33,-111],[-17,-55],[-17,-55],[-17,-55],[-16,-54],[-17,-55],[-16,-55],[-16,-54],[-16,-54],[-16,-54],[-16,-54],[-15,-53],[-16,-54],[-15,-53],[-15,-54],[-15,-54],[-15,-53],[-14,-53],[-14,-53],[-14,-54],[-14,-53],[-13,-52],[-13,-53],[-13,-53],[-26,-107],[-11,-52],[-12,-53],[-11,-53],[-12,-53],[-21,-106],[-9,-53],[-10,-53],[-9,-53],[-9,-53],[-9,-53],[-8,-53],[-8,-53],[-7,-54],[-7,-53],[-7,-53],[-6,-54],[-5,-54],[-5,-54],[-5,-53],[-4,-54],[-3,-54],[-4,-70],[-3,-69],[-3,-69],[-2,-69],[-2,-69],[-1,-69],[0,-69],[0,-69],[1,-69],[1,-69],[2,-69],[2,-69],[3,-69],[3,-68],[4,-69],[3,-69],[4,-69],[5,-69],[4,-69],[6,-69],[5,-68],[11,-138],[12,-140],[13,-138],[6,-69],[7,-70],[6,-69],[7,-70],[13,-140],[7,-70],[6,-70],[7,-70],[6,-70],[6,-71],[6,-71],[6,-71],[6,-71],[5,-71],[6,-71],[5,-72],[5,-72],[4,-72],[4,-72],[5,-72],[3,-73],[3,-73],[3,-73],[2,-73],[2,-74],[1,-74],[1,-74],[1,-74],[-1,-74],[0,-75],[-1,-75],[-3,-76],[-2,-76],[-3,-76],[-4,-76],[-4,-76],[-3,-41],[-3,-42],[-3,-41],[-4,-41],[-12,-122],[-5,-40],[-4,-40],[-5,-39],[-5,-40],[-6,-40],[-5,-39],[-5,-40],[-5,-39],[-6,-40],[-6,-39],[-6,-39],[-5,-39],[-6,-39],[-6,-39],[-6,-38],[-6,-39],[-6,-39],[-6,-39],[-6,-39],[-5,-38],[-6,-40],[-5,-39],[-6,-38],[-6,-39],[-5,-39],[-5,-39],[-5,-39],[-5,-38],[-9,-78],[-4,-40],[-4,-39],[-4,-39],[-3,-40],[-7,-79],[-2,-39],[-3,-40],[-2,-40],[-2,-40],[-2,-40],[-1,-41],[-1,-40],[0,-41],[0,-41],[0,-41],[1,-41],[1,-42],[2,-42],[2,-42],[3,-42],[3,-42],[4,-43],[4,-43],[4,-42],[5,-44],[6,-43],[9,-66],[9,-65],[10,-65],[11,-65],[11,-65],[11,-65],[12,-65],[12,-66],[13,-65],[12,-65],[13,-66],[14,-65],[14,-65],[14,-65],[14,-66],[14,-65],[15,-66],[14,-66],[15,-65],[15,-66],[15,-66],[16,-66],[14,-67],[16,-67],[15,-67],[16,-66],[15,-67],[15,-68],[16,-67],[30,-136],[14,-68],[15,-68],[15,-68],[14,-69],[14,-69],[14,-69],[14,-71],[13,-69],[14,-71],[25,-141],[12,-71],[12,-71],[11,-72],[11,-72],[11,-73],[10,-73],[9,-73],[9,-73],[9,-74],[8,-75],[8,-75],[7,-76],[6,-75],[6,-77],[5,-76],[4,-78],[4,-77],[3,-78],[2,-79],[2,-79],[1,-79],[0,-80],[-1,-26],[0,-26],[-1,-25],[-1,-26],[-1,-26],[-1,-26],[-2,-27],[-2,-26],[-4,-53],[-2,-27],[-2,-26],[-3,-27],[-3,-27],[-2,-27],[-3,-27],[-3,-27],[-6,-55],[-3,-27],[-7,-55],[-3,-28],[-4,-28],[-3,-27],[-4,-28],[-3,-28],[-4,-28],[-3,-28],[-4,-29],[-3,-28],[-3,-28],[-4,-29],[-6,-57],[-4,-28],[-3,-29],[-3,-29],[-3,-29],[-6,-58],[-5,-58],[-3,-29],[-2,-30],[-2,-29],[-2,-29],[-4,-59],[-3,-59],[-1,-30],[-1,-30],[-1,-30],[-1,-29],[0,-90],[1,-30],[1,-30],[1,-30],[1,-30],[2,-30],[2,-31],[6,-82],[8,-82],[9,-83],[11,-83],[13,-82],[14,-82],[14,-82],[17,-82],[18,-82],[19,-82],[20,-81],[21,-82],[22,-82],[24,-81],[24,-82],[25,-81],[26,-82],[27,-81],[28,-81],[28,-81],[59,-162],[31,-81],[31,-81],[31,-81],[32,-81],[32,-81],[33,-80],[33,-81],[33,-80],[34,-81],[67,-161],[35,-81],[33,-80],[35,-80],[34,-80],[34,-80],[34,-81],[33,-80],[33,-80],[33,-80],[33,-79],[65,-161],[31,-79],[31,-80],[31,-80],[30,-80],[29,-79],[29,-80],[27,-80],[27,-79],[26,-80],[26,-79],[24,-79],[23,-79],[22,-80],[22,-80],[20,-79],[19,-80],[18,-79],[17,-79],[15,-80],[6,-32],[5,-32],[6,-32],[6,-32],[6,-31],[5,-32],[5,-31],[5,-32],[5,-31],[10,-62],[5,-31],[4,-30],[9,-62],[5,-30],[5,-30],[4,-31],[4,-30],[4,-30],[4,-30],[3,-29],[4,-30],[4,-30],[4,-30],[3,-29],[3,-30],[4,-29],[6,-59],[3,-30],[3,-29],[3,-29],[3,-29],[3,-30],[3,-29],[2,-29],[2,-29],[3,-29],[2,-29],[2,-29],[3,-29],[1,-28],[4,-58],[2,-29],[2,-29],[1,-29],[3,-58],[1,-29],[3,-58],[3,-116],[1,-58],[1,-30],[0,-29],[1,-29],[0,-29],[0,-30],[0,-54],[-2,-107],[-1,-53],[-2,-54],[-3,-53],[-2,-54],[-3,-53],[-3,-54],[-3,-54],[-3,-53],[-5,-54],[-8,-107],[-4,-53],[-4,-54],[-5,-53],[-4,-54],[-5,-54],[-5,-53],[-5,-54],[-5,-54],[-4,-53],[-5,-54],[-5,-53],[-5,-54],[-9,-107],[-4,-53],[-4,-54],[-4,-53],[-4,-54],[-4,-53],[-3,-54],[-3,-53],[-3,-53],[-2,-53],[-3,-54],[-2,-54],[-1,-53],[-1,-53],[-1,-53],[-1,-54],[0,-53],[1,-53],[1,-53],[2,-54],[1,-53],[3,-53],[3,-53],[4,-53],[4,-53],[5,-53],[5,-52],[7,-53],[7,-53],[8,-54],[8,-52],[9,-53],[10,-53],[11,-53],[12,-52],[12,-53],[13,-52],[3,-10],[2,-9],[2,-9],[3,-10],[2,-9],[3,-9],[1,-10],[3,-9],[4,-19],[2,-9],[2,-10],[2,-9],[4,-18],[1,-10],[2,-9],[2,-9],[1,-9],[2,-10],[2,-9],[1,-9],[1,-9],[2,-10],[1,-9],[3,-18],[1,-9],[1,-9],[1,-10],[1,-9],[1,-9],[2,-18],[1,-10],[1,-9],[1,-9],[1,-9],[1,-9],[0,-18],[1,-9],[1,-10],[0,-9],[1,-9],[0,-9],[1,-9],[0,-9],[0,-9],[0,-9],[1,-10],[0,-18],[0,-9],[0,-36],[0,-10],[0,-37],[-1,-9]],[[498851,207568],[-37,-20],[-35,-20],[-36,-20],[-35,-21],[-35,-20],[-35,-21],[-34,-20],[-34,-21],[-34,-20],[-34,-22],[-33,-21],[-33,-21],[-33,-22],[-33,-21],[-33,-22],[-65,-44],[-32,-23],[-32,-22],[-32,-23],[-32,-23],[-32,-24],[-32,-23],[-32,-24],[-32,-24],[-64,-49],[-31,-24],[-32,-25],[-33,-25],[-32,-25],[-32,-26],[-32,-26],[-33,-26],[-32,-27],[-33,-27],[-33,-27],[-33,-27],[-33,-28],[-67,-56],[-34,-29],[-34,-29],[-35,-30],[-34,-30],[-35,-30],[-35,-31],[-71,-62],[-36,-31],[-37,-32],[-36,-33],[-38,-33],[-37,-33],[-38,-34],[-39,-34],[-39,-34],[-39,-35],[-39,-36],[-41,-36],[-40,-36],[-41,-37],[-42,-37],[-43,-37],[-21,-20],[-43,-39],[-22,-19],[-22,-20],[-21,-19],[-22,-19],[-22,-19],[-22,-19],[-22,-19],[-22,-19],[-22,-19],[-44,-38],[-44,-38],[-23,-18],[-44,-37],[-22,-19],[-23,-18],[-22,-19],[-23,-18],[-68,-54],[-22,-18],[-23,-18],[-22,-18],[-47,-35],[-22,-18],[-23,-18],[-69,-52],[-23,-17],[-23,-18],[-23,-17],[-24,-17],[-23,-17],[-23,-17],[-23,-17],[-24,-17],[-23,-16],[-24,-17],[-24,-16],[-23,-17],[-24,-16],[-23,-16],[-24,-16],[-24,-16],[-24,-16],[-23,-16],[-24,-16],[-48,-31],[-24,-15],[-24,-16],[-48,-30],[-25,-15],[-24,-16],[-24,-14],[-16,-10],[-15,-9],[-16,-9],[-16,-8],[-16,-8],[-16,-8],[-16,-8],[-32,-16],[-16,-7],[-16,-8],[-65,-28],[-17,-6],[-16,-7],[-16,-7],[-16,-6],[-17,-7],[-32,-13],[-16,-7],[-17,-6],[-16,-7],[-16,-6],[-16,-6],[-32,-13],[-16,-7],[-16,-7],[-16,-7],[-48,-21],[-15,-7],[-16,-8],[-16,-8],[-46,-24],[-30,-17],[-14,-9],[-30,-19],[-15,-9],[-14,-10],[-15,-11],[-14,-10],[-14,-11],[-14,-11],[-14,-12],[-14,-11],[-13,-13],[-13,-12],[-14,-13],[-13,-14],[-13,-14],[-13,-14],[-13,-14],[-12,-16],[-12,-15],[-12,-16],[-7,-10],[-1,-3],[-4,-6],[-7,-10],[-3,-4],[-2,-2],[-1,-2],[-1,-2],[-3,-4],[-6,-8],[-8,-12],[-2,-4],[-5,-8],[-1,-3],[-2,-2],[-1,-2],[-2,-4],[-2,-2],[-1,-3],[-4,-6],[-1,-4],[-3,-4],[-1,-2],[-1,-2],[-1,-2],[-2,-2],[-1,-4],[-2,-2],[-1,-3],[-2,-4],[-3,-4],[-1,-2]],[[487761,213081],[-28,35],[-10,11],[-10,11],[-10,11],[-9,12],[-10,11],[-9,12],[-10,11],[-10,12],[-10,11],[-9,11],[-10,12],[-10,11],[-10,12],[-9,11],[-10,11],[-9,12],[-10,11],[-10,12],[-10,11],[-9,11],[-10,12],[-10,11],[-10,11],[-10,12],[-10,11],[-10,12],[-9,11],[-10,11],[-9,12],[-10,11],[-10,12],[-9,11],[-10,12],[-10,11],[-10,12],[-10,11],[-10,11],[-10,12],[-10,11],[-9,11],[-10,12],[-10,11],[-9,12],[-10,11],[-10,11],[-10,12],[-19,23],[-10,11],[-10,11],[-9,12],[-10,11],[-10,12],[-10,11],[-19,23],[-9,11],[-10,11],[-10,12],[-10,11],[-9,12],[-28,33],[-29,34],[-28,34],[-28,35],[-29,35],[-28,35],[-27,35],[-28,36],[-27,36],[-27,35],[-28,37],[-27,36],[-53,73],[-27,37],[-26,38],[-26,37],[-26,39],[-27,37],[-25,38],[-26,38],[-26,39],[-25,38],[-25,39],[-26,39],[-25,39],[-25,39],[-24,40],[-25,39],[-25,40],[-24,40],[-49,79],[-48,80],[-23,40],[-24,40],[-24,40],[-23,40],[-24,41],[-23,40],[-23,41],[-23,40],[-23,41],[-23,40],[-22,41],[-22,40],[-23,41],[-22,40],[-22,40],[-22,41],[-22,40],[-22,41],[-21,40],[-22,41],[-21,40],[-21,40],[-22,40],[-21,40],[-21,40],[-20,40],[-21,40],[-21,40],[-20,39],[-54,105],[-53,107],[-52,107],[-52,107],[-50,109],[-50,109],[-50,110],[-49,110],[-48,111],[-48,112],[-48,112],[-47,112],[-46,112],[-47,113],[-46,114],[-47,113],[-46,114],[-46,114],[-45,113],[-47,114],[-45,114],[-46,113],[-47,114],[-46,113],[-48,113],[-47,113],[-47,112],[-47,112],[-49,112],[-49,110],[-49,111],[-49,109],[-50,110],[-51,108],[-52,108],[-53,106],[-53,106],[-55,105],[-55,104],[-56,103],[-57,102],[-58,102],[-59,100],[-61,98],[-61,97],[-63,95],[-64,95],[-66,94],[-67,91],[-68,90],[-70,89],[-71,87],[-72,85],[-75,84],[-76,81],[-78,80],[-79,78],[-82,76],[-83,75],[-85,72],[-87,70],[-89,67],[-91,66],[-93,64],[-6,4],[-14,9],[-6,4],[-8,4],[-7,4],[-14,8],[-8,4],[-8,4],[-7,4],[-8,4],[-8,4],[-8,4],[-9,3],[-16,7],[-35,14],[-8,3],[-18,6],[-9,3],[-18,6],[-19,6],[-18,6],[-10,3],[-9,2],[-19,5],[-9,3],[-9,2],[-19,5],[-18,4],[-9,2],[-10,1],[-9,2],[-9,2],[-9,2],[-9,1],[-18,3],[-9,2],[-9,1],[-9,1],[-17,2],[-17,2],[-8,1],[-9,1],[-8,1],[-8,1],[-8,0],[-8,1],[-8,0],[-8,0],[-652,4],[-652,4],[-1304,7],[-652,4],[-1304,7],[-652,4],[-1304,7],[-652,4],[-1305,7],[-652,4],[-1956,10],[-652,4],[-652,4],[-1304,7],[-652,4],[-652,3],[-1305,7],[-652,4],[-652,4],[-1304,7],[-652,4],[-652,3],[-1304,7],[-652,4],[-653,4],[-1304,7],[-652,4],[-652,3],[-652,4],[-652,4],[-1304,7],[-652,4],[-652,3],[-652,4],[-653,4],[-1304,7],[-652,4],[-652,3],[-652,4],[-652,4],[-1304,7],[-652,4],[-653,3],[-652,4],[-652,4],[-1304,7],[-652,4],[-652,3],[-652,4],[-8,0],[-8,0],[-15,1],[-14,2],[-8,1],[-14,4],[-7,2],[-7,2],[-7,2],[-8,3],[-13,5],[-13,6],[-7,3],[-12,7],[-7,4],[-17,12],[-6,4],[-6,5],[-5,5],[-5,5],[-6,4],[-5,5],[-5,6],[-5,5],[-5,5],[-10,11],[-4,6],[-5,6],[-4,6],[-4,6],[-7,13],[-4,6],[-4,6],[-3,7],[-4,7],[-3,6],[-3,7],[-5,14],[-5,15],[-2,7],[-2,7],[-2,8],[-5,22],[-2,15],[-1,8],[0,8],[-1,16],[-1,8],[0,57],[0,57],[-1,57],[0,57],[0,57],[0,58],[-1,58],[0,114],[0,57],[-1,57],[0,115],[0,57],[-1,57],[0,114],[0,58],[-1,57],[0,57],[0,114],[0,57],[-1,58],[0,58],[0,57],[-1,57],[0,57],[0,57],[-1,57],[0,58],[0,114],[-1,58],[0,57],[0,114],[-1,57],[0,57],[0,115],[0,58],[-1,57],[0,57],[0,57],[-1,57],[0,58],[-1,114],[0,57],[0,57],[-1,58],[0,57],[0,57],[-1,57],[0,114],[0,58],[0,58],[0,114],[-1,57],[0,57],[0,57]],[[439274,227109],[20,8],[9,4],[10,4],[10,4],[9,3],[10,4],[10,4],[10,4],[10,4],[10,4],[10,4],[10,4],[9,3],[30,12],[9,4],[10,4],[10,4],[10,4],[10,3],[9,4],[10,4],[10,4],[10,4],[10,4],[19,8],[10,3],[10,4],[20,8],[9,3],[10,4],[10,4],[10,4],[10,3],[10,4],[19,8],[10,3],[10,4],[10,4],[9,4],[10,3],[10,4],[20,8],[10,4],[9,3],[10,4],[10,4],[10,4],[29,10],[10,4],[10,4],[10,3],[10,4],[9,4],[10,3],[10,4],[46,18],[47,17],[45,18],[47,17],[46,18],[45,17],[46,18],[90,35],[45,18],[45,18],[45,18],[44,19],[45,18],[44,18],[44,19],[44,18],[88,38],[43,19],[44,20],[43,19],[43,20],[43,20],[43,20],[42,21],[43,20],[42,21],[42,21],[43,22],[41,21],[83,44],[42,23],[41,23],[41,23],[41,24],[41,24],[40,24],[40,25],[41,25],[40,25],[39,26],[80,53],[39,28],[40,27],[38,28],[39,29],[39,29],[39,29],[38,30],[38,30],[38,31],[38,32],[37,32],[38,32],[38,33],[37,34],[36,34],[37,35],[37,36],[37,36],[36,36],[36,38],[36,38],[37,38],[35,38],[36,39],[36,38],[35,39],[35,39],[36,39],[34,40],[35,40],[35,39],[34,40],[35,40],[34,40],[34,40],[35,41],[33,40],[34,41],[34,41],[33,41],[34,41],[33,41],[33,41],[33,42],[33,41],[33,42],[33,41],[33,42],[33,42],[32,42],[65,83],[33,42],[32,43],[32,42],[33,42],[32,42],[32,43],[31,42],[65,85],[32,42],[32,43],[31,42],[33,43],[63,85],[32,43],[63,85],[32,42],[32,43],[32,42],[32,42],[32,43],[32,42],[32,43],[32,42],[32,42],[31,42],[32,42],[33,42],[32,42],[38,49],[38,49],[39,48],[38,47],[39,48],[38,46],[39,46],[39,45],[39,44],[39,45],[39,43],[39,44],[39,42],[39,43],[39,41],[38,42],[38,41],[39,41],[38,40],[38,40],[38,40],[38,39],[38,39],[37,39],[37,38],[37,38],[37,38],[72,76],[36,37],[35,37],[36,37],[34,37],[35,37],[34,37],[33,36],[34,37],[32,36],[32,36],[32,37],[31,36],[31,37],[30,36],[30,37],[29,36],[28,37],[28,36],[28,37],[26,37],[26,37],[26,37],[24,37],[24,37],[24,38],[22,38],[22,38],[21,39],[21,38],[19,39],[19,39],[18,40],[17,40],[16,40],[15,40],[3,8],[7,16],[2,8],[3,9],[4,17],[3,8],[2,9],[3,9],[2,10],[5,18],[2,9],[2,10],[4,20],[1,10],[2,10],[2,10],[1,10],[2,10],[1,10],[1,10],[1,11],[2,10],[1,10],[1,11],[1,10],[1,10],[0,11],[2,21],[0,10],[1,11],[0,20],[0,10],[1,11],[-1,10],[0,10],[0,10],[0,11],[-1,10],[0,10],[0,10],[-1,9],[-2,20],[-2,19],[-3,18],[-1,10],[-1,9],[-2,9],[-3,17],[-2,8],[-2,9],[-3,8],[-6,24],[-2,5],[-2,6],[-5,16],[-2,6],[-3,12],[-6,16],[-3,11],[-5,11],[-4,11],[-4,11],[-4,11],[-4,11],[-4,11],[-2,6],[-2,6],[-5,11],[-2,5],[-9,22],[-4,11],[-2,6],[-5,12],[-4,11],[-2,6],[-3,5],[-2,6],[-1,6],[-5,12],[-4,11],[-5,12],[-3,12],[-3,5],[-2,6],[-2,6],[-2,6],[-4,12],[-2,6],[-2,6],[-2,7],[-2,6],[-4,13],[-5,15],[-2,8],[-2,8],[-2,8],[-3,15],[-2,7],[-2,8],[-1,8],[-1,8],[-2,7],[-1,8],[-1,8],[-1,8],[-1,7],[-1,8],[0,8],[-1,8],[-1,7],[-1,9],[0,7],[-1,8],[0,8],[0,8],[-1,8],[0,16],[0,7],[0,16],[0,8],[0,16],[0,8],[0,8],[0,7],[0,8],[1,16],[0,16],[1,16],[1,7],[0,8],[1,16],[0,8],[1,8],[1,24],[0,8],[1,16],[0,7],[2,24],[0,16],[0,8],[0,3],[1,7],[1,3],[2,9],[1,7],[0,3],[0,3],[1,7],[0,3],[0,3],[1,4],[0,3],[1,6],[0,6],[1,7],[0,10],[0,3],[0,3],[1,3],[0,17],[0,3],[0,3],[0,3],[0,106],[0,18],[0,19],[0,19],[0,18],[0,19],[0,18],[1,19],[0,19],[1,18],[0,19],[2,38],[1,18],[1,19],[2,38],[1,18],[1,19],[2,38],[1,18],[1,19],[1,19],[1,19],[2,19],[1,18],[3,38],[1,19],[1,18],[2,38],[3,37],[1,19],[1,19],[1,19],[1,18],[1,19],[1,19],[4,74],[1,19],[0,19],[1,18],[0,19],[1,18],[0,19],[0,111],[0,19],[-1,18],[-2,37],[0,18],[-1,18],[-1,18],[-2,19],[-2,19],[-3,18],[-2,18],[-4,19],[-3,17],[-4,18],[-4,18],[-4,17],[-5,18],[-4,17],[-11,34],[-6,18],[-6,17],[-13,34],[-6,16],[-7,17],[-8,16],[-7,16],[-7,16],[-8,17],[-7,16],[-9,16],[-7,16],[-9,15],[-16,32],[-9,16],[-8,15],[-9,16],[-9,16],[-9,16],[-18,31],[-9,15],[-10,16],[-9,15],[-18,31],[-10,16],[-18,31],[-9,16],[-9,15],[-9,16],[-9,15],[-18,31],[-9,16],[-9,16],[-9,16],[-8,15],[-8,16],[-9,16],[-9,16],[-7,16],[-8,16],[-8,16],[-7,16],[-8,17],[-7,16],[-7,16],[-5,13],[-3,7],[-3,6],[-3,6],[-2,7],[-3,6],[-5,13],[-3,6],[-6,12],[-2,6],[-5,13],[-5,12],[-2,6],[-3,6],[-2,6],[-3,7],[-5,12],[-2,6],[-4,12],[-3,6],[-6,18],[-3,7],[-9,24],[-3,12],[-3,5],[-3,12],[-6,18],[-3,12],[-3,12],[-4,11],[-2,12],[-4,18],[-4,18],[-1,6],[-2,6],[-1,6],[-1,5],[-2,12],[-1,6],[-2,13],[0,6],[-1,7],[0,6],[-1,6],[-1,13],[0,7],[0,6],[-1,6],[0,26],[2,19],[0,6],[2,13],[0,6],[1,6],[2,13],[2,6],[0,7],[2,6],[1,6],[2,7],[1,6],[2,6],[4,13],[2,6],[5,13],[2,6],[2,7],[8,19],[3,6],[6,13],[3,6],[4,7],[3,7],[4,6],[3,7],[4,6],[9,13],[4,6],[9,13],[4,6],[5,7],[10,13],[5,6],[5,7],[6,6],[5,7],[19,21],[18,20],[19,21],[19,21],[20,20],[20,20],[20,21],[20,20],[20,20],[21,20],[21,19],[21,20],[43,39],[21,20],[22,19],[22,19],[22,19],[22,19],[23,19],[22,19],[23,19],[23,18],[23,19],[23,18],[24,19],[23,18],[23,18],[24,18],[24,18],[24,18],[23,18],[24,17],[24,18],[48,35],[23,17],[25,18],[24,17],[24,17],[48,34],[24,17],[24,17],[24,17],[24,16],[24,18],[24,16],[24,17],[24,16],[24,17],[24,16],[23,16],[24,17],[23,16],[24,16],[23,16],[93,64],[22,15],[23,16],[22,16],[88,60],[88,59],[88,58],[89,57],[90,55],[90,54],[90,53],[91,51],[92,50],[92,49],[92,48],[93,46],[94,45],[93,44],[95,43],[95,41],[95,41],[96,38],[95,38],[97,37],[96,35],[98,35],[97,33],[97,32],[99,31],[98,29],[99,29],[99,28],[100,26],[99,25],[100,24],[100,23],[100,22],[101,21],[100,19],[102,19],[101,18],[102,16],[101,15],[102,15],[102,13],[103,12],[102,12],[102,10],[103,9],[102,8],[103,7],[103,6],[103,6],[103,4],[103,3],[103,2],[103,2],[104,0],[103,0],[103,-2],[103,-2],[104,-3],[103,-4],[103,-6],[104,-6],[103,-7],[103,-7],[103,-9],[123,-11],[124,-10],[125,-9],[125,-9],[253,-16],[128,-7],[128,-7],[129,-6],[129,-5],[130,-5],[131,-4],[130,-4],[132,-3],[131,-3],[132,-2],[133,-1],[132,-1],[133,0],[133,0],[133,1],[134,1],[133,2],[134,2],[134,2],[266,7],[134,4],[134,5],[133,5],[133,6],[133,6],[133,6],[133,7],[132,8],[132,7],[131,9],[131,9],[131,9],[130,10],[130,10],[129,10],[129,11],[128,12],[127,11],[127,13],[126,12],[125,13],[124,14],[124,13],[123,15],[122,14],[121,15],[120,15],[119,16],[118,16],[117,16],[116,17],[115,17],[113,17],[113,18],[111,18],[110,19],[108,18],[129,22],[132,19],[135,18],[139,17],[141,16],[145,15],[147,14],[150,13],[153,13],[155,12],[158,11],[160,12],[162,11],[164,11],[166,11],[166,12],[169,12],[170,12],[172,13],[173,13],[174,14],[175,15],[175,16],[176,18],[177,19],[177,20],[177,21],[177,23],[178,25],[178,27],[176,29],[177,31],[176,33],[176,35],[175,39],[174,40],[173,43],[171,46],[171,50],[169,52],[168,55],[166,59],[163,63],[163,65],[160,69],[157,73],[156,78],[153,81],[151,86],[148,89],[145,94],[142,99],[138,103],[136,108],[132,112],[129,118],[126,124],[121,128],[118,133],[114,139],[110,145],[105,151],[101,156],[96,162],[37,66],[35,66],[35,66],[33,68],[32,68],[31,68],[30,69],[28,70],[28,70],[27,70],[25,71],[24,72],[24,72],[22,73],[22,72],[21,73],[20,74],[19,74],[18,74],[17,74],[16,76],[16,74],[15,76],[14,75],[13,76],[13,75],[11,77],[11,76],[11,76],[9,76],[9,77],[8,76],[8,77],[7,77],[7,76],[6,77],[5,77],[5,76],[5,77],[3,77],[3,76],[3,76],[3,76],[2,76],[2,76],[1,76],[1,76],[0,75],[0,149],[0,74],[-1,74],[-1,74],[-2,73],[-1,73],[-4,145],[-1,72],[-3,71],[-2,71],[-2,70],[-3,70],[-3,70],[-3,68],[-2,40],[-2,39],[-3,39],[-3,40],[-4,40],[-3,40],[-8,80],[-5,40],[-5,40],[-5,40],[-10,81],[-16,121],[-6,41],[-5,41],[-6,41],[-11,82],[-6,41],[-5,42],[-6,41],[-5,41],[-5,42],[-5,41],[-5,42],[-5,42],[-4,42],[-4,42],[-4,43],[-4,42],[-3,42],[-3,43],[-3,42],[-2,43],[-3,43],[-2,86],[-1,43],[0,87],[1,44],[1,43],[2,44],[2,44],[3,44],[4,44],[4,44],[5,45],[6,45],[6,44],[7,45],[8,45],[9,45],[9,45],[10,46],[11,45],[12,46],[13,45],[13,46],[15,47],[16,46],[13,37],[14,38],[14,37],[15,37],[15,37],[15,36],[16,37],[17,36],[16,36],[17,35],[18,36],[18,36],[37,70],[19,35],[19,34],[20,35],[20,34],[19,34],[20,34],[21,35],[20,34],[21,33],[22,34],[21,34],[21,33],[22,34],[21,34],[22,33],[44,67],[22,33],[22,33],[22,33],[22,34],[22,33],[44,66],[22,33],[22,33],[22,34],[22,33],[22,34],[21,33],[22,34],[42,67],[22,34],[20,34],[21,34],[21,34],[20,35],[20,34],[20,35],[20,34],[19,36],[19,35],[18,35],[18,35],[18,36],[18,36],[17,36],[17,36],[16,36],[14,33],[14,32],[13,33],[12,33],[13,33],[11,34],[11,33],[11,34],[11,34],[10,34],[9,34],[10,35],[9,34],[9,35],[16,70],[8,35],[7,36],[7,35],[8,36],[7,36],[7,36],[6,36],[13,72],[13,72],[6,36],[6,37],[13,73],[6,36],[12,74],[6,36],[13,73],[7,37],[6,36],[36,183],[8,36],[8,36],[17,73],[18,72],[10,35],[10,36],[10,36],[11,35],[12,36],[11,35],[12,35],[12,35],[13,35],[13,34],[15,35],[14,34],[16,35],[15,34],[1,0],[0,1],[1,1],[0,1],[0,1],[0,1],[1,0],[0,1],[0,1],[1,1],[0,1],[0,1],[1,1],[0,0],[1,1],[0,1],[1,1],[0,1],[1,1],[0,1],[1,1],[0,1],[0,0],[1,1],[0,1],[0,0],[1,1],[0,1],[0,1],[0,0],[1,1],[0,1],[1,0],[0,1],[0,1],[1,1],[0,1],[0,1],[1,1],[0,1],[1,0],[0,1],[0,1],[0,0],[1,1],[0,1],[0,0],[18,35],[17,34],[18,34],[18,33],[18,34],[19,33],[18,33],[20,33],[19,32],[20,32],[20,33],[20,32],[20,31],[21,32],[21,31],[42,62],[43,61],[23,30],[22,30],[22,30],[22,29],[24,30],[23,29],[47,58],[23,29],[24,29],[24,28],[24,28],[25,28],[25,28],[49,55],[25,28],[26,27],[25,27],[25,26],[27,27],[26,26],[26,27],[26,26],[26,26],[27,26],[27,26],[26,26],[54,50],[27,26],[28,25],[27,25],[28,25],[27,24],[28,25],[28,24],[28,24],[2,1],[26,23],[28,24],[28,24],[29,24],[28,24],[57,47],[64,52],[64,51],[64,52],[130,102],[64,50],[65,51],[65,50],[66,50],[131,100],[65,50],[66,49],[66,49],[66,49],[67,49],[66,49],[67,49],[66,48],[201,146],[67,48],[67,48],[67,48],[67,48],[67,48],[68,47],[68,48],[67,48],[67,48],[68,47],[68,47],[47,32],[21,15],[67,47],[68,47],[68,48],[68,47],[67,47],[68,47],[68,47],[68,47],[45,31],[23,16],[67,47],[69,47],[135,94],[68,47],[67,47],[68,47],[68,47],[134,95],[68,47],[33,23],[0,0],[35,25],[67,47],[67,47],[67,47],[68,48],[67,48],[133,95],[67,48],[67,48],[35,25],[35,25],[35,24],[34,25],[36,25],[34,25],[35,24],[36,25],[35,25],[69,49],[71,49],[35,25],[35,24],[35,25],[35,25],[35,24],[36,25],[70,49],[35,24],[36,24],[35,24],[35,25],[35,24],[36,24],[35,24],[35,25],[36,24],[35,24],[71,48],[35,24],[32,22],[4,2],[35,24],[71,49],[35,24],[36,24],[70,48],[24,15],[12,8],[35,24],[35,24],[36,24],[35,24],[71,48],[5,3],[31,21],[35,23],[35,24],[35,24],[36,24],[36,24],[35,24],[35,23],[36,25],[36,24],[35,23],[35,24],[36,24],[32,21],[4,2],[35,24],[85,56],[85,55],[85,54],[86,54],[86,52],[87,52],[86,52],[87,51],[87,50],[88,49],[87,48],[88,48],[88,48],[89,46],[89,47],[88,45],[90,46],[89,44],[89,44],[90,44],[90,43],[90,43],[90,42],[90,42],[91,41],[91,42],[90,41],[91,40],[91,41],[91,40],[91,39],[91,40],[92,39],[91,39],[91,39],[91,39],[183,77],[92,38],[91,38],[91,39],[92,38],[91,39],[91,38],[92,38],[91,38],[22,10],[69,29],[91,38],[91,38],[91,39],[91,39],[91,38],[90,39],[91,40],[90,40],[91,39],[90,40],[90,40],[90,41],[89,41],[90,41],[89,41],[89,42],[89,43],[26,12],[26,13],[27,14],[26,13],[27,14],[27,15],[26,15],[27,14],[27,15],[27,16],[26,15],[0,0],[27,16],[28,16],[16,9],[11,6],[27,16],[55,32],[27,17],[28,16],[27,16],[28,16],[27,16],[28,17],[56,32],[28,16],[28,16],[28,15],[28,16],[29,15],[28,15],[28,15],[29,15],[28,14],[29,15],[28,14],[29,13],[28,14],[29,13],[29,13],[28,12],[29,12],[29,11],[29,11],[29,11],[29,9],[29,10],[29,9],[29,9],[30,8],[59,14],[29,6],[29,5],[30,5],[29,5],[29,3],[30,3],[30,2],[30,2],[29,0],[30,0],[30,-1],[29,-1],[21,-2],[41,-5],[20,-3],[20,-4],[20,-4],[19,-4],[20,-5],[20,-5],[39,-11],[19,-6],[19,-6],[19,-7],[18,-7],[19,-7],[19,-7],[18,-8],[19,-7],[18,-8],[18,-8],[19,-9],[18,-8],[18,-9],[18,-9],[18,-9],[36,-18],[19,-9],[17,-10],[18,-9],[18,-9],[18,-10],[18,-9],[17,-9],[18,-10],[18,-9],[18,-9],[18,-10],[17,-9],[18,-9],[18,-9],[18,-9],[18,-9],[18,-9],[36,-17],[19,-8],[36,-16],[18,-8],[19,-8],[18,-7],[37,-14],[19,-6],[38,-12],[38,-11],[20,-5],[19,-5],[20,-4],[20,-4],[7,-1],[7,-1],[8,-2],[8,-1],[8,-1],[17,-2],[8,-1],[9,-1],[8,0],[9,-1],[9,-1],[9,0],[9,0],[9,-1],[9,0],[9,0],[10,-1],[9,0],[19,0],[10,-1],[19,0],[10,1],[39,0],[10,0],[10,1],[20,0],[10,0],[10,1],[10,0],[10,0],[9,1],[10,0],[10,0],[10,1],[9,0],[10,0],[10,1],[19,1],[9,0],[10,1],[9,0],[9,1],[10,0],[9,0],[9,1],[9,0],[8,0],[9,1],[17,0],[9,0],[8,0],[9,1],[4823,0],[154,-1],[155,0],[4799,0]],[[450114,109637],[-141,178],[-561,713],[-140,178],[-141,178],[-560,713],[-141,178],[-141,178],[-420,535],[-140,178],[-141,178],[-140,178],[-561,713],[-141,178],[-140,178],[-140,179],[-421,534],[-140,178],[-141,179],[-280,356],[-141,178],[-141,178],[-140,178],[-420,535],[-141,178],[-140,178],[-421,535],[-140,178],[-141,178],[-140,178],[-280,357],[-141,178],[-141,178],[-420,535],[-140,178],[-281,356],[-421,535],[-140,178],[-281,356],[-140,178],[-10,13],[-10,13],[-11,12],[-11,12],[-11,13],[-11,12],[-12,12],[-12,11],[-12,12],[-12,11],[-13,12],[-13,11],[-13,12],[-14,11],[-14,11],[-13,11],[-14,11],[-14,10],[-15,11],[-15,10],[-14,10],[-15,10],[-15,10],[-16,9],[-15,10],[-15,9],[-16,9],[-16,9],[-16,9],[-32,17],[-17,8],[-16,8],[-17,8],[-16,7],[-17,7],[-16,8],[-17,7],[-33,13],[-50,18],[-17,5],[-17,5],[-17,5],[-17,5],[-33,9],[-17,4],[-17,4],[-16,4],[-16,3],[-16,3],[-17,3],[-16,2],[-16,2],[-31,4],[-16,1],[-16,1],[-15,1],[-16,0],[-15,0],[-163,0],[-324,-2],[-163,-1],[-162,-1],[-162,-1],[-163,-1],[-325,-2],[-163,-1],[-162,-1],[-162,-1],[-163,0],[-162,-1],[-163,-1],[-325,-2],[-325,-2],[-162,-1],[-163,-1],[-162,-1],[-163,-1],[-162,-1],[-162,0],[-163,-1],[-325,-2],[-163,-1],[-162,-1],[-162,-1],[-326,-2],[-324,-2],[-163,-1],[-162,0],[-163,-1],[-162,-1],[-325,-2],[-163,-1],[-324,-2],[-163,-1],[-162,-1],[-163,-1],[-162,-1],[-163,0],[-325,-2],[-163,-1],[-162,-1],[-162,-1],[-163,-1],[-325,-2],[-162,-1],[-163,-1],[-162,-1],[-163,0],[-162,-1],[-162,-1],[-163,-1],[-15,0],[-16,0],[-15,1],[-16,0],[-17,1],[-15,1],[-17,1],[-16,2],[-17,1],[-17,2],[-51,8],[-18,2],[-17,4],[-18,3],[-18,3],[-18,4],[-18,4],[-18,4],[-18,4],[-18,4],[-18,5],[-18,5],[-36,10],[-17,6],[-19,5],[-18,6],[-17,6],[-18,7],[-18,6],[-18,7],[-17,7],[-18,7],[-17,7],[-17,8],[-17,7],[-34,16],[-16,8],[-17,9],[-16,8],[-16,9],[-16,9],[-15,9],[-31,19],[-15,10],[-14,10],[-15,10],[-28,21],[-13,11],[-13,11],[-13,11],[-13,11],[-12,12],[-11,11],[-23,24],[-10,12],[-11,13],[-10,12],[-24,33],[-24,34],[-23,34],[-23,34],[-22,34],[-22,36],[-21,35],[-21,36],[-20,36],[-20,36],[-20,37],[-19,37],[-18,37],[-19,37],[-17,38],[-18,38],[-17,39],[-17,38],[-16,39],[-16,40],[-16,39],[-15,40],[-16,39],[-14,40],[-15,40],[-14,41],[-14,40],[-13,41],[-13,41],[-14,41],[-12,42],[-13,41],[-12,41],[-13,41],[-12,42],[-12,41],[-11,42],[-22,84],[-11,41],[-11,42],[-11,42],[-10,42],[-10,42],[-11,42],[-10,42],[-10,41],[-10,42],[-9,42],[-10,41],[-10,42],[-19,83],[-9,41],[-10,42],[-18,82],[-28,122],[-10,40],[-9,40],[-10,40],[-9,40],[-5,18],[-4,20],[-5,21],[-6,22],[-7,23],[-6,25],[-7,26],[-7,27],[-9,28],[-8,28],[-9,29],[-9,31],[-9,31],[-11,32],[-10,32],[-11,34],[-10,34],[-12,34],[-12,35],[-12,35],[-13,35],[-13,36],[-13,37],[-14,36],[-14,36],[-14,36],[-15,37],[-16,36],[-15,37],[-16,36],[-16,36],[-17,36],[-17,36],[-17,35],[-17,36],[-19,34],[-18,34],[-18,34],[-19,33],[-19,32],[-20,32],[-19,30],[-20,30],[-20,30],[-21,28],[-21,28],[-21,26],[-21,25],[-22,24],[-22,23],[-22,22],[-23,21],[-22,20],[-23,17],[-24,17],[-23,15],[-24,13],[-24,12],[-24,10],[-25,8],[-24,7],[-25,5],[-26,3],[-25,1],[-21,-1],[-21,-6],[-22,-9],[-21,-13],[-21,-16],[-21,-20],[-21,-22],[-21,-25],[-20,-29],[-20,-31],[-21,-33],[-20,-36],[-20,-38],[-20,-40],[-20,-41],[-20,-44],[-20,-45],[-20,-47],[-19,-48],[-20,-50],[-20,-50],[-19,-52],[-20,-52],[-20,-53],[-19,-53],[-20,-54],[-19,-54],[-19,-54],[-20,-54],[-20,-54],[-19,-53],[-20,-53],[-19,-53],[-20,-51],[-19,-50],[-20,-50],[-20,-48],[-20,-47],[-20,-45],[-20,-44],[-20,-42],[-20,-40],[-20,-38],[-20,-36],[-21,-33],[-21,-31],[-20,-28],[-21,-26],[-20,-22],[-21,-19],[-21,-17],[-22,-12],[-21,-10],[-22,-5],[-21,-2],[-22,2],[-22,6],[-22,10],[-23,15],[-22,20],[-23,24],[-23,29],[-23,33],[-23,39],[-11,19],[-10,20],[-9,20],[-10,21],[-8,21],[-8,21],[-8,22],[-8,22],[-7,22],[-7,24],[-6,23],[-6,23],[-6,24],[-5,24],[-5,25],[-5,24],[-4,25],[-4,25],[-9,51],[-3,26],[-10,78],[-3,26],[-3,27],[-2,26],[-3,27],[-2,27],[-5,54],[-2,26],[-2,27],[-3,27],[-1,27],[-5,54],[-2,26],[-2,27],[-2,27],[-3,26],[-2,27],[-2,26],[-3,26],[-3,26],[-3,26],[-6,51],[-4,26],[-3,25],[-3,24],[-4,25],[-4,24],[-5,24],[-5,24],[-5,23],[-5,23],[-6,23],[-6,23],[-6,22],[-7,21],[-7,22],[-8,20],[-7,21],[-8,18],[-8,19],[-8,18],[-8,18],[-9,17],[-9,18],[-18,33],[-9,16],[-10,16],[-10,15],[-10,15],[-10,15],[-11,15],[-10,14],[-23,28],[-11,14],[-11,13],[-12,13],[-12,12],[-12,13],[-12,12],[-13,12],[-12,11],[-13,11],[-13,11],[-13,11],[-13,10],[-13,10],[-13,10],[-14,10],[-14,9],[-14,9],[-28,17],[-14,9],[-29,16],[-14,7],[-15,7],[-30,14],[-15,7],[-15,6],[-31,12],[-31,11],[-15,5],[-16,4],[-16,5],[-16,4],[-16,4],[-16,4],[-16,4],[-16,3],[-16,4],[-16,2],[-16,3],[-17,3],[-16,2],[-17,2],[-16,2],[-171,-1],[-1711,0],[-171,0],[-170,-1],[-1711,0],[-171,0],[-171,-1],[-1711,0],[-171,0],[-170,-1],[-1711,0],[-171,0],[-171,-1],[-1711,0],[-171,0],[-170,-1],[-529,0],[-31,-1],[-16,-1],[-15,-1],[-16,-2],[-16,-2],[-17,-2],[-16,-2],[-34,-5],[-17,-3],[-17,-3],[-35,-7],[-17,-4],[-17,-4],[-18,-4],[-17,-4],[-18,-5],[-18,-5],[-35,-10],[-36,-11],[-18,-5],[-52,-18],[-18,-7],[-18,-6],[-35,-14],[-18,-7],[-17,-8],[-17,-7],[-34,-15],[-18,-8],[-33,-16],[-16,-9],[-17,-8],[-16,-9],[-17,-9],[-15,-8],[-32,-18],[-15,-9],[-16,-10],[-15,-9],[-15,-10],[-15,-9],[-14,-10],[-14,-10],[-14,-10],[-14,-10],[-13,-10],[-13,-11],[-13,-10],[-13,-10],[-12,-10],[-12,-11],[-11,-11],[-20,-17],[-20,-18],[-20,-18],[-19,-18],[-20,-17],[-20,-19],[-60,-52],[-20,-18],[-20,-17],[-20,-18],[-21,-17],[-40,-35],[-21,-17],[-21,-17],[-20,-17],[-21,-16],[-41,-34],[-21,-17],[-21,-16],[-21,-17],[-21,-16],[-21,-16],[-43,-32],[-21,-16],[-22,-15],[-21,-16],[-22,-15],[-21,-16],[-22,-14],[-21,-15],[-22,-15],[-23,-15],[-21,-14],[-22,-14],[-45,-28],[-44,-27],[-22,-13],[-23,-13],[-22,-13],[-23,-12],[-23,-12],[-22,-12],[-23,-12],[-23,-12],[-23,-11],[-23,-11],[-24,-11],[-23,-11],[-23,-10],[-24,-10],[-23,-10],[-24,-9],[-23,-9],[-24,-9],[-24,-9],[-48,-16],[-14,-4],[-30,-7],[-16,-3],[-15,-2],[-16,-3],[-16,-2],[-49,-3],[-16,0],[-34,0],[-17,1],[-17,0],[-17,2],[-17,1],[-18,2],[-18,2],[-18,3],[-18,2],[-17,3],[-19,3],[-54,10],[-18,4],[-18,5],[-18,4],[-37,9],[-19,5],[-18,5],[-37,10],[-36,11],[-19,5],[-18,6],[-36,11],[-18,6],[-17,5],[-19,6],[-18,6],[-35,12],[-34,12],[-17,6],[-18,6],[-17,5],[-17,6],[-16,6],[-17,5],[-33,11],[-15,6],[-16,5],[-16,5],[-30,10],[-15,5],[-15,5],[-49,15],[-50,13],[-49,11],[-48,9],[-48,7],[-49,5],[-48,3],[-47,1],[-48,0],[-47,-3],[-47,-4],[-47,-6],[-46,-8],[-46,-9],[-46,-10],[-46,-12],[-47,-14],[-45,-14],[-46,-16],[-45,-18],[-45,-18],[-45,-19],[-45,-21],[-45,-22],[-44,-22],[-45,-24],[-44,-24],[-44,-25],[-45,-25],[-43,-27],[-44,-27],[-45,-27],[-43,-28],[-44,-29],[-44,-29],[-43,-30],[-44,-29],[-43,-30],[-44,-30],[-44,-30],[-43,-31],[-43,-30],[-44,-30],[-43,-30],[-44,-30],[-43,-30],[-43,-29],[-44,-30],[-43,-29],[-44,-28],[-44,-29],[-43,-27],[-44,-27],[-44,-26],[-44,-26],[-44,-25],[-44,-24],[-44,-23],[-44,-23],[-44,-21],[-44,-20],[-45,-19],[-44,-18],[-45,-17],[-41,-15],[-42,-13],[-44,-13],[-45,-13],[-47,-11],[-47,-12],[-49,-10],[-50,-10],[-52,-10],[-52,-8],[-53,-9],[-54,-7],[-55,-8],[-55,-6],[-57,-7],[-57,-6],[-57,-5],[-57,-5],[-117,-10],[-58,-3],[-59,-4],[-59,-3],[-59,-3],[-59,-2],[-59,-2],[-58,-1],[-58,-2],[-58,-1],[-58,-1],[-57,-1],[-221,0],[-54,1],[-52,0],[-52,1],[-50,1],[-50,1],[-48,1],[-47,2],[-46,1],[-44,2],[-43,1],[-41,2],[-40,2],[-37,1],[-37,2],[-34,1],[-33,2],[-30,2],[-29,2],[-26,2],[-24,1],[-22,1],[-20,1],[-17,1],[-15,1],[-12,1],[-10,1],[-7,0],[-4,1],[-1,0]],[[395253,124037],[9,135],[10,134],[14,133],[18,131],[19,130],[23,128],[26,126],[28,125],[31,124],[34,121],[36,121],[39,119],[41,117],[44,116],[46,114],[49,113],[51,111],[53,109],[56,108],[58,107],[61,105],[62,103],[65,102],[66,100],[68,99],[71,98],[72,96],[74,94],[76,92],[78,91],[80,90],[81,88],[84,86],[84,85],[86,84],[88,82],[89,81],[91,79],[92,77],[93,75],[95,75],[96,72],[97,72],[99,69],[99,68],[100,67],[102,64],[103,64],[104,61],[104,61],[105,59],[107,57],[106,56],[108,54],[108,53],[110,51],[109,49],[111,48],[110,47],[112,45],[111,44],[112,41],[113,41],[113,38],[104,35],[103,36],[104,35],[103,35],[207,71],[103,36],[103,36],[103,35],[102,37],[103,37],[102,36],[102,37],[102,37],[102,37],[103,38],[102,38],[101,38],[101,38],[102,39],[100,40],[101,39],[101,41],[101,40],[100,41],[100,42],[100,42],[100,43],[99,43],[100,43],[99,45],[99,45],[99,45],[98,47],[99,47],[98,47],[98,48],[97,49],[195,100],[97,51],[96,52],[97,53],[96,54],[96,55],[96,55],[95,57],[95,57],[95,58],[95,59],[94,60],[95,61],[94,63],[93,63],[94,64],[93,65],[92,66],[93,68],[92,69],[92,70],[92,71],[91,72],[91,73],[91,75],[51,42],[50,42],[49,43],[50,43],[49,44],[49,44],[49,45],[96,89],[48,45],[48,46],[48,45],[47,46],[48,47],[47,47],[47,47],[47,48],[46,47],[93,96],[47,49],[47,49],[46,49],[47,49],[46,49],[93,101],[94,101],[47,50],[47,51],[47,51],[47,52],[47,51],[48,52],[47,53],[48,52],[48,52],[48,53],[49,53],[49,53],[49,54],[49,53],[50,54],[50,54],[101,109],[51,54],[52,54],[52,55],[52,55],[53,55],[53,55],[53,55],[54,56],[55,55],[55,56],[56,56],[56,55],[57,56],[57,56],[58,57],[58,57],[59,56],[13,12],[12,12],[13,13],[12,12],[12,13],[12,12],[12,13],[23,26],[12,13],[12,13],[11,14],[12,13],[11,13],[12,14],[11,13],[11,13],[23,27],[11,14],[11,14],[11,14],[11,13],[23,27],[11,14],[10,14],[12,13],[11,14],[11,14],[11,14],[11,13],[11,14],[11,13],[11,14],[23,26],[11,13],[11,13],[12,13],[11,13],[34,38],[12,13],[11,12],[12,12],[12,13],[12,12],[12,12],[12,11],[11,12],[37,35],[13,11],[12,11],[13,10],[13,11],[12,10],[13,10],[13,10],[14,10],[13,10],[44,30],[46,31],[45,29],[45,29],[47,28],[46,26],[46,27],[47,25],[48,24],[47,24],[48,23],[48,23],[48,22],[48,21],[49,21],[49,21],[49,19],[50,19],[98,37],[50,18],[50,17],[49,17],[101,33],[50,16],[50,16],[51,15],[50,15],[50,15],[51,14],[150,42],[51,14],[50,13],[50,14],[50,13],[50,14],[50,13],[50,13],[49,13],[50,14],[49,13],[49,13],[49,14],[49,13],[48,14],[49,14],[48,14],[48,14],[47,15],[48,14],[47,15],[47,16],[46,15],[47,16],[46,16],[45,17],[45,17],[45,18],[45,18],[43,18],[44,19],[41,18],[41,18],[41,19],[41,19],[42,19],[42,20],[43,20],[42,21],[43,21],[44,21],[43,22],[44,22],[43,23],[44,22],[44,24],[44,23],[44,23],[44,24],[45,24],[44,25],[44,24],[44,25],[44,25],[45,25],[43,25],[44,25],[44,26],[43,25],[43,26],[43,26],[43,25],[42,26],[42,26],[42,26],[42,26],[41,26],[40,26],[41,26],[40,26],[39,26],[39,26],[39,26],[75,51],[36,25],[36,26],[36,25],[35,25],[34,25],[34,24],[33,25],[32,24],[31,24],[30,24],[30,23],[29,24],[28,23],[28,23],[26,22],[25,23],[25,22],[24,21],[22,21],[22,21],[25,25],[26,27],[27,29],[28,31],[29,33],[30,34],[31,36],[31,37],[33,39],[33,41],[34,41],[34,44],[35,45],[36,45],[36,47],[37,48],[38,49],[37,50],[39,51],[38,52],[39,52],[39,54],[40,54],[40,55],[39,56],[41,56],[40,56],[40,57],[40,57],[40,58],[40,58],[41,58],[39,58],[41,59],[39,58],[40,59],[39,58],[39,58],[38,58],[39,58],[37,58],[38,57],[37,56],[36,56],[36,56],[35,55],[34,54],[34,54],[33,53],[33,53],[32,51],[30,50],[30,50],[29,48],[28,47],[27,46],[26,45],[25,44],[24,42],[23,41],[22,39],[20,38],[20,37],[18,34],[13,27],[14,27],[13,28],[12,27],[13,27],[12,28],[12,27],[11,28],[11,28],[11,28],[11,28],[10,28],[10,28],[11,28],[19,56],[9,28],[9,28],[9,28],[8,29],[8,28],[9,28],[8,29],[8,28],[8,28],[7,29],[7,28],[8,30],[7,28],[7,29],[7,29],[7,28],[7,29],[6,29],[7,29],[13,58],[6,28],[13,58],[6,29],[6,29],[6,29],[6,29],[6,30],[6,29],[6,29],[6,29],[6,29],[6,29],[6,30],[6,29],[6,29],[13,59],[12,58],[13,58],[6,29],[7,29],[7,30],[7,29],[6,29]],[[418466,144367],[2740,-3],[1827,-3],[4567,-5],[913,-1],[914,-1],[913,-2],[3653,-4],[913,-1],[914,-1],[913,-1],[914,-2],[1826,-2],[914,-1],[2739,-3],[914,-1],[914,-2],[913,-1],[4566,-5],[1828,-3],[5479,-6],[1827,-3],[4567,-5],[913,-1],[914,-1],[913,-2],[2740,-3],[913,-1],[913,-1],[914,-2],[2739,-3],[914,-1],[913,-1]],[[476920,144295],[19,-64],[18,-62],[20,-63],[20,-61],[20,-62],[21,-61],[21,-61],[22,-61],[22,-61],[22,-60],[23,-60],[46,-120],[23,-59],[24,-60],[48,-118],[24,-59],[24,-59],[24,-59],[25,-59],[25,-59],[24,-59],[25,-58],[24,-59],[49,-117],[24,-59],[24,-59],[24,-59],[24,-59],[24,-59],[23,-59],[23,-60],[23,-59],[23,-59],[22,-60],[45,-120],[21,-61],[21,-60],[20,-61],[20,-61],[20,-62],[19,-61],[18,-62],[19,-62],[17,-63],[17,-63],[16,-64],[16,-63],[15,-64],[14,-65],[14,-65],[13,-65],[12,-66],[12,-66],[10,-67],[9,-67],[10,-68],[8,-68],[6,-69],[7,-69],[5,-70],[2,-34],[4,-35],[5,-35],[5,-35],[6,-35],[8,-35],[8,-36],[9,-36],[9,-37],[11,-36],[11,-37],[12,-37],[12,-38],[13,-37],[14,-38],[14,-38],[14,-38],[15,-39],[16,-38],[16,-39],[16,-39],[16,-40],[17,-39],[17,-39],[17,-40],[18,-40],[18,-40],[18,-40],[18,-41],[17,-40],[18,-41],[19,-41],[18,-41],[17,-41],[18,-41],[18,-41],[17,-42],[17,-41],[17,-42],[17,-42],[16,-42],[16,-42],[16,-42],[15,-42],[15,-43],[14,-42],[14,-42],[14,-43],[12,-42],[12,-43],[12,-43],[11,-42],[10,-43],[9,-43],[8,-43],[8,-43],[7,-43],[6,-43],[4,-42],[5,-43],[3,-43],[2,-43],[1,-44],[0,-43],[0,-8],[-1,-17],[0,-8],[-1,-9],[-1,-9],[-2,-17],[-1,-9],[-1,-9],[-2,-8],[-2,-9],[-1,-9],[-2,-9],[-2,-9],[-2,-9],[-2,-10],[-5,-18],[-2,-9],[-3,-9],[-2,-9],[-3,-9],[-6,-18],[-13,-36],[-7,-17],[-4,-9],[-3,-9],[-4,-8],[-4,-9],[-4,-8],[-12,-26],[-8,-16],[-5,-8],[-4,-8],[-5,-8],[-4,-8],[-5,-7],[-4,-8],[-9,-15],[-5,-7],[-4,-7],[-10,-14],[-9,-13],[-5,-7],[-5,-6],[-10,-12],[-5,-6],[-4,-6],[-5,-5],[-10,-10],[-5,-5],[-10,-10],[-10,-10],[-12,-10],[-6,-5],[-6,-5],[-6,-5],[-7,-5],[-6,-5],[-7,-5],[-13,-9],[-15,-10],[-14,-9],[-16,-8],[-7,-4],[-8,-4],[-8,-4],[-24,-12],[-9,-4],[-8,-4],[-17,-7],[-8,-4],[-9,-3],[-8,-3],[-9,-4],[-8,-3],[-9,-3],[-17,-5],[-9,-3],[-17,-5],[-9,-2],[-8,-3],[-9,-2],[-9,-2],[-8,-2],[-9,-1],[-17,-3],[-9,-1],[-16,-2],[-9,-1],[-8,-1],[-8,0],[-8,0],[-8,-1],[-8,0],[-8,0],[-8,0],[-15,1],[-7,1],[-27,3],[-26,5],[-25,5],[-25,6],[-24,7],[-23,9],[-23,9],[-22,9],[-20,11],[-21,11],[-20,13],[-20,13],[-19,14],[-19,15],[-17,15],[-17,16],[-17,17],[-16,18],[-16,18],[-15,19],[-15,19],[-14,20],[-14,21],[-13,22],[-12,22],[-13,22],[-24,46],[-11,23],[-11,25],[-10,24],[-10,25],[-10,26],[-10,25],[-9,26],[-9,27],[-9,26],[-8,27],[-9,28],[-7,27],[-8,28],[-8,28],[-7,29],[-7,28],[-7,28],[-7,29],[-7,29],[-25,116],[-12,58],[-6,29],[-6,29],[-6,29],[-6,29],[-6,28],[-5,29],[-6,29],[-6,28],[-12,56],[-6,28],[-3,16],[-2,8],[-3,8],[-4,17],[-2,9],[-3,8],[-3,9],[-2,9],[-4,8],[-3,9],[-2,9],[-7,18],[-3,9],[-8,18],[-4,9],[-7,19],[-8,18],[-5,9],[-4,9],[-4,9],[-5,10],[-4,9],[-5,9],[-5,9],[-5,9],[-9,18],[-5,9],[-5,9],[-5,9],[-10,17],[-11,17],[-5,8],[-6,9],[-11,16],[-5,8],[-6,8],[-6,7],[-5,8],[-6,8],[-6,7],[-5,8],[-12,14],[-12,13],[-6,7],[-6,6],[-6,6],[-5,6],[-7,6],[-6,5],[-12,11],[-6,5],[-6,5],[-14,10],[-6,5],[-7,5],[-7,4],[-6,5],[-7,5],[-6,5],[-7,4],[-7,5],[-14,9],[-13,9],[-7,5],[-7,5],[-20,14],[-20,13],[-8,5],[-13,9],[-7,5],[-7,4],[-7,5],[-13,9],[-28,18],[-6,5],[-8,5],[-6,5],[-14,9],[-7,4],[-14,9],[-7,5],[-6,5],[-7,5],[-7,4],[-13,10],[-14,9],[-7,5],[-20,15],[-7,5],[-7,5],[-6,5],[-7,6],[-6,5],[-21,15],[-6,5],[-6,5],[-11,11],[-6,6],[-5,6],[-6,6],[-5,6],[-11,13],[-10,14],[-5,7],[-4,7],[-9,15],[-10,16],[-8,16],[-4,9],[-3,8],[-4,9],[-4,8],[-7,17],[-7,18],[-6,18],[-3,9],[-3,9],[-3,10],[-2,9],[-3,9],[-3,10],[-6,28],[-3,9],[-4,19],[-6,29],[-1,9],[-1,9],[-2,10],[-2,9],[0,9],[-2,10],[-1,9],[-1,9],[-1,9],[-1,9],[0,9],[-2,17],[-1,9],[0,9],[0,8],[0,8],[-1,9],[0,16],[-3,58],[-5,57],[-6,57],[-8,57],[-10,57],[-11,56],[-13,56],[-14,55],[-17,55],[-17,54],[-19,53],[-21,53],[-21,52],[-23,52],[-25,50],[-26,50],[-27,48],[-28,48],[-29,48],[-30,46],[-32,45],[-32,43],[-34,43],[-34,41],[-35,40],[-36,38],[-38,38],[-37,36],[-38,34],[-40,33],[-40,32],[-41,29],[-41,28],[-42,27],[-42,24],[-43,23],[-43,21],[-44,19],[-44,17],[-44,16],[-45,13],[-45,11],[-46,9],[-45,7],[-45,4],[-46,3],[-45,0],[-46,-3],[-46,-5],[-45,-7],[-46,-10],[-46,-12],[-45,-15],[-45,-17],[-45,-20],[-45,-23],[-44,-25],[-44,-29],[-44,-31],[-43,-35],[-42,-37],[-43,-41],[-42,-43],[-41,-47],[-16,-17],[-6,-6],[-6,-6],[-11,-12],[-6,-6],[-7,-6],[-12,-11],[-13,-12],[-7,-6],[-7,-6],[-6,-6],[-7,-5],[-7,-6],[-7,-6],[-15,-11],[-14,-11],[-14,-11],[-8,-5],[-8,-5],[-7,-6],[-15,-11],[-62,-40],[-8,-5],[-15,-9],[-9,-4],[-8,-5],[-7,-4],[-8,-4],[-8,-4],[-8,-5],[-8,-4],[-15,-8],[-8,-3],[-8,-4],[-8,-4],[-15,-7],[-14,-7],[-8,-3],[-8,-4],[-7,-3],[-7,-3],[-7,-3],[-7,-2],[-15,-6],[-6,-3],[-7,-2],[-7,-3],[-27,-12],[-6,-3],[-14,-6],[-6,-4],[-7,-4],[-6,-3],[-7,-3],[-13,-7],[-7,-3],[-6,-3],[-7,-4],[-7,-3],[-6,-4],[-7,-3],[-6,-4],[-7,-3],[-6,-4],[-7,-4],[-19,-10],[-7,-4],[-6,-4],[-13,-8],[-6,-4],[-13,-8],[-6,-3],[-19,-12],[-7,-4],[-12,-8],[-38,-24],[-19,-12],[-6,-5],[-26,-16],[-5,-4],[-7,-4],[-6,-4],[-6,-5],[-13,-8],[-20,-13],[-19,-13],[-20,-14],[-19,-14],[-19,-15],[-19,-15],[-19,-16],[-18,-16],[-19,-16],[-18,-16],[-18,-17],[-18,-17],[-18,-18],[-18,-17],[-18,-19],[-17,-18],[-17,-18],[-36,-39],[-17,-19],[-17,-19],[-17,-20],[-17,-19],[-17,-20],[-18,-20],[-17,-20],[-17,-20],[-17,-20],[-17,-20],[-17,-21],[-17,-20],[-17,-21],[-34,-41],[-18,-20],[-17,-20],[-17,-20],[-18,-21],[-17,-20],[-18,-20],[-18,-20],[-18,-19],[-18,-21],[-18,-19],[-18,-20],[-18,-19],[-19,-19],[-18,-19],[-19,-18],[-19,-19],[-19,-18],[-19,-18],[-20,-17],[-20,-17],[-20,-17],[-19,-17],[-20,-16],[-21,-16],[-21,-16],[-21,-15],[-21,-15],[-22,-14],[-21,-14],[-22,-13],[-21,-13],[-21,-13],[-42,-26],[-22,-13],[-21,-13],[-22,-13],[-22,-13],[-22,-13],[-22,-12],[-22,-13],[-22,-13],[-23,-13],[-45,-25],[-23,-12],[-22,-12],[-46,-25],[-23,-12],[-23,-12],[-24,-12],[-23,-12],[-23,-12],[-24,-11],[-23,-12],[-24,-11],[-23,-12],[-24,-11],[-24,-11],[-24,-11],[-24,-11],[-24,-11],[-96,-42],[-24,-10],[-24,-10],[-24,-10],[-48,-19],[-24,-9],[-24,-10],[-24,-9],[-25,-9],[-24,-8],[-24,-9],[-24,-9],[-24,-8],[-25,-8],[-24,-8],[-24,-8],[-24,-7],[-24,-8],[-48,-14],[-24,-7],[-24,-7],[-23,-6],[-24,-7],[-24,-6],[-23,-5],[-24,-6],[-31,-6],[-32,-7],[-33,-6],[-34,-6],[-34,-5],[-35,-5],[-36,-5],[-36,-5],[-37,-4],[-38,-4],[-38,-5],[-38,-4],[-40,-4],[-39,-4],[-40,-4],[-39,-5],[-81,-9],[-41,-4],[-41,-5],[-41,-5],[-41,-5],[-41,-6],[-41,-6],[-41,-6],[-82,-14],[-41,-7],[-40,-8],[-40,-9],[-41,-9],[-40,-9],[-39,-10],[-39,-11],[-39,-12],[-38,-12],[-38,-13],[-37,-13],[-37,-15],[-36,-15],[-35,-16],[-35,-17],[-34,-18],[-33,-19],[-33,-20],[-31,-20],[-31,-22],[-30,-23],[-29,-24],[-28,-26],[-27,-26],[-25,-28],[-25,-29],[-24,-30],[-22,-32],[-21,-32],[-20,-34],[-19,-36],[-17,-36],[-17,-39],[-14,-39],[-13,-42],[-12,-43],[-10,-45],[-11,-59],[-6,-58],[-3,-55],[1,-53],[4,-51],[8,-49],[11,-48],[14,-45],[17,-43],[21,-42],[23,-39],[26,-38],[29,-35],[32,-34],[34,-33],[36,-31],[38,-29],[41,-27],[42,-26],[45,-25],[47,-23],[48,-22],[50,-21],[51,-19],[53,-18],[54,-17],[56,-15],[57,-15],[57,-13],[59,-12],[60,-12],[60,-10],[61,-9],[123,-16],[62,-7],[62,-6],[63,-5],[62,-4],[62,-4],[62,-4],[62,-2],[61,-2],[61,-2],[60,-1],[60,-1],[58,-1],[58,0],[112,0],[54,0],[53,1],[52,1],[49,1],[49,0],[46,1],[45,1],[43,1],[40,0],[109,0],[31,-1],[29,0],[52,-2],[53,-1],[53,-1],[54,-1],[53,0],[54,-1],[54,0],[53,0],[54,-1],[54,1],[216,0],[55,-1],[54,0],[55,0],[54,-1],[109,-2],[54,-1],[108,-4],[54,-3],[54,-3],[54,-3],[54,-4],[53,-4],[54,-5],[52,-5],[54,-6],[52,-7],[53,-7],[52,-8],[52,-9],[52,-9],[52,-10],[51,-11],[51,-12],[50,-13],[51,-14],[50,-14],[50,-16],[49,-16],[49,-18],[48,-19],[49,-19],[47,-21],[48,-22],[46,-24],[47,-24],[46,-26],[45,-27],[45,-28],[44,-30],[44,-31],[43,-32],[43,-34],[42,-35],[42,-37],[40,-38],[41,-40],[40,-41],[44,-49],[10,-13],[6,-6],[5,-7],[5,-7],[5,-7],[5,-7],[5,-7],[10,-15],[9,-16],[10,-17],[9,-17],[5,-8],[4,-9],[4,-8],[5,-9],[4,-9],[5,-9],[8,-18],[4,-9],[4,-10],[4,-9],[3,-9],[4,-9],[4,-10],[4,-9],[3,-10],[4,-9],[3,-10],[4,-9],[6,-19],[3,-10],[3,-9],[3,-10],[3,-9],[3,-10],[2,-9],[3,-10],[2,-9],[4,-19],[2,-9],[5,-19],[3,-18],[2,-9],[1,-9],[1,-9],[2,-9],[1,-8],[1,-9],[1,-8],[0,-9],[1,-8],[1,-16],[1,-41],[1,-40],[1,-42],[1,-41],[0,-42],[0,-42],[0,-43],[0,-85],[-1,-43],[0,-44],[-1,-87],[-1,-44],[0,-44],[0,-175],[0,-44],[1,-44],[2,-87],[2,-43],[2,-43],[2,-43],[3,-43],[3,-42],[4,-42],[3,-42],[5,-41],[5,-42],[6,-41],[5,-40],[7,-40],[8,-40],[8,-39],[9,-38],[10,-38],[10,-38],[11,-37],[12,-36],[13,-35],[13,-35],[15,-34],[16,-34],[16,-33],[17,-32],[19,-31],[20,-31],[21,-30],[21,-29],[23,-27],[24,-28],[25,-26],[26,-25],[28,-24],[29,-23],[30,-22],[31,-21],[33,-20],[35,-19],[36,-18],[37,-16],[6,-3],[15,-5],[8,-3],[15,-5],[8,-2],[8,-3],[7,-2],[9,-2],[9,-2],[8,-2],[9,-2],[8,-2],[9,-2],[27,-4],[10,-2],[18,-2],[9,-1],[19,-2],[10,-1],[9,-1],[10,0],[10,-1],[10,0],[9,-1],[10,0],[58,0],[10,0],[9,1],[10,0],[9,1],[10,1],[9,1],[18,2],[10,1],[9,1],[9,2],[9,1],[9,2],[8,2],[9,2],[8,1],[9,2],[9,3],[8,2],[8,2],[23,8],[22,9],[6,3],[18,9],[17,10],[17,9],[17,11],[16,10],[17,11],[17,11],[16,12],[16,12],[16,12],[16,12],[16,12],[16,13],[31,26],[16,13],[15,13],[15,14],[15,14],[16,14],[15,13],[15,14],[15,14],[15,14],[15,14],[15,14],[15,14],[29,29],[15,14],[15,14],[15,13],[30,27],[30,27],[31,26],[14,13],[16,12],[31,24],[15,12],[16,11],[15,11],[16,11],[16,11],[16,10],[16,9],[17,10],[16,9],[17,8],[16,8],[17,8],[34,14],[18,7],[35,11],[18,4],[18,5],[18,3],[19,3],[19,3],[7,1],[8,0],[8,1],[16,0],[8,-1],[9,0],[16,-2],[17,-3],[8,-2],[9,-1],[9,-2],[8,-3],[9,-2],[8,-2],[9,-3],[9,-3],[9,-3],[25,-10],[9,-4],[17,-8],[9,-4],[8,-4],[17,-9],[9,-4],[16,-10],[8,-5],[9,-6],[8,-5],[8,-5],[15,-11],[8,-6],[8,-6],[7,-6],[15,-12],[7,-6],[14,-13],[6,-6],[7,-6],[6,-7],[6,-6],[7,-7],[5,-7],[12,-13],[11,-14],[5,-6],[13,-21],[8,-14],[4,-7],[7,-15],[12,-29],[11,-29],[6,-15],[5,-15],[4,-15],[5,-15],[3,-15],[4,-15],[4,-15],[6,-30],[2,-15],[3,-16],[2,-15],[2,-15],[3,-31],[1,-16],[1,-15],[0,-16],[1,-16],[0,-46],[-1,-16],[-1,-16],[-1,-31],[-3,-32],[-4,-31],[-4,-32],[-3,-16],[-2,-16],[-2,-16],[-7,-32],[-3,-16],[-3,-16],[-4,-16],[-3,-15],[-4,-16],[-4,-16],[-3,-16],[-5,-16],[-4,-16],[-9,-32],[-4,-15],[-5,-16],[-5,-15],[-5,-16],[-15,-46],[-5,-16],[-5,-15],[-11,-31],[-3,-7],[-3,-8],[-3,-9],[-5,-16],[-5,-17],[-3,-8],[-2,-9],[-2,-9],[-3,-9],[-2,-9],[-2,-8],[-2,-10],[-2,-9],[-1,-9],[-2,-10],[-2,-9],[-1,-9],[-2,-10],[-4,-28],[-3,-20],[-1,-10],[-1,-10],[-1,-10],[-1,-9],[-1,-10],[0,-10],[-1,-10],[0,-10],[-1,-10],[0,-10],[0,-10],[-1,-10],[0,-39],[1,-10],[0,-9],[1,-10],[0,-10],[1,-10],[0,-9],[1,-10],[1,-9],[1,-9],[1,-10],[1,-9],[1,-9],[1,-9],[2,-9],[3,-17],[2,-9],[1,-9],[2,-8],[2,-8],[2,-9],[3,-8],[1,-8],[4,-13],[13,-48],[2,-12],[7,-24],[2,-12],[3,-12],[3,-12],[3,-12],[2,-12],[3,-12],[3,-12],[4,-25],[2,-12],[7,-36],[4,-24],[2,-12],[1,-12],[1,-12],[2,-12],[1,-12],[1,-12],[2,-24],[1,-12],[1,-12],[0,-12],[1,-12],[0,-12],[0,-36],[0,-11],[-1,-12],[0,-12],[-1,-12],[-1,-12],[-1,-12],[-1,-12],[-1,-11],[-2,-12],[-2,-12],[-2,-11],[-2,-12],[-2,-12],[-3,-11],[-2,-12],[-7,-23],[-3,-12],[-3,-11],[-4,-11],[-12,-35],[-5,-11],[-8,-18],[-3,-7],[-7,-15],[-4,-8],[-5,-7],[-4,-8],[-9,-14],[-5,-7],[-5,-8],[-11,-14],[-6,-7],[-5,-8],[-12,-14],[-13,-15],[-6,-7],[-7,-7],[-20,-21],[-14,-14],[-8,-6],[-14,-14],[-8,-7],[-8,-7],[-7,-6],[-15,-13],[-8,-7],[-16,-13],[-8,-6],[-15,-12],[-8,-6],[-8,-6],[-8,-6],[-8,-5],[-24,-17],[-16,-11],[-8,-5],[-8,-5],[-15,-10],[-8,-5],[-8,-4],[-14,-9],[-8,-5],[-7,-4],[-15,-8],[-7,-4],[-7,-4],[-7,-3],[-23,-11],[-23,-10],[-23,-10],[-46,-19],[-23,-9],[-24,-8],[-23,-9],[-47,-16],[-24,-7],[-24,-8],[-47,-14],[-24,-6],[-23,-7],[-24,-6],[-24,-6],[-24,-6],[-24,-6],[-24,-5],[-25,-5],[-24,-5],[-24,-5],[-24,-5],[-73,-14],[-25,-4],[-24,-4],[-24,-4],[-24,-4],[-25,-4],[-24,-4],[-25,-4],[-25,-4],[-24,-4],[-98,-14],[-49,-7],[-98,-14],[-25,-4],[-25,-4],[-49,-7],[-24,-4],[-24,-4],[-25,-4],[-25,-4],[-25,-4],[-24,-4],[-49,-9],[-49,-11],[-24,-5],[-24,-5],[-25,-5],[-7,-2],[-8,-2],[-7,-1],[-16,-4],[-15,-5],[-16,-5],[-9,-3],[-8,-3],[-8,-4],[-8,-3],[-16,-7],[-9,-3],[-8,-4],[-9,-4],[-8,-4],[-8,-4],[-9,-4],[-8,-4],[-9,-5],[-8,-4],[-8,-4],[-9,-5],[-9,-5],[-8,-4],[-8,-5],[-17,-10],[-8,-5],[-8,-5],[-8,-6],[-9,-5],[-8,-5],[-8,-6],[-16,-11],[-8,-5],[-15,-11],[-8,-6],[-15,-11],[-15,-12],[-14,-12],[-7,-6],[-7,-6],[-7,-6],[-6,-5],[-26,-24],[-6,-6],[-5,-6],[-11,-12],[-11,-12],[-5,-6],[-13,-15],[-12,-16],[-13,-16],[-12,-16],[-13,-16],[-12,-16],[-13,-16],[-12,-16],[-12,-17],[-11,-16],[-13,-17],[-12,-16],[-12,-17],[-11,-17],[-12,-16],[-12,-17],[-12,-16],[-11,-17],[-12,-17],[-12,-17],[-12,-17],[-11,-17],[-11,-16],[-24,-34],[-11,-17],[-11,-17],[-12,-17],[-12,-17],[-11,-17],[-12,-17],[-23,-34],[-11,-17],[-12,-16],[-11,-17],[-12,-17],[-11,-17],[-12,-16],[-12,-17],[-12,-18],[-11,-16],[-12,-17],[-12,-16],[-12,-17],[-12,-16],[-12,-16],[-12,-16],[-13,-17],[-12,-16],[-24,-32],[-12,-16],[-13,-16],[-12,-15],[-13,-16],[-25,-31],[-13,-15],[-26,-31],[-26,-30],[-14,-15],[-5,-5],[-11,-12],[-12,-12],[-13,-11],[-6,-6],[-6,-6],[-7,-5],[-7,-6],[-29,-22],[-15,-10],[-8,-6],[-7,-5],[-9,-5],[-16,-10],[-16,-10],[-8,-5],[-17,-9],[-26,-14],[-9,-4],[-8,-4],[-9,-4],[-9,-4],[-9,-4],[-9,-4],[-8,-4],[-18,-7],[-9,-4],[-9,-3],[-9,-3],[-9,-3],[-8,-3],[-9,-3],[-9,-3],[-17,-5],[-9,-2],[-9,-2],[-8,-2],[-8,-2],[-9,-2],[-9,-1],[-8,-2],[-24,-3],[-15,-2],[-9,-1],[-15,-1],[-23,0],[-2,1],[-4,0],[-3,0],[-17,0],[-3,1],[-1,0],[-3,0],[-11,0],[-2,1],[-2,0],[-2,0],[-12,0],[-2,1],[-2,0],[-2,0],[-20,0],[-2,1],[-2,0],[-20,0],[-2,1],[-11,0],[-7,1],[-8,1],[-7,1],[-16,3],[-7,2],[-9,2],[-15,5],[-8,3],[-8,3],[-9,3],[-8,3],[-9,3],[-8,4],[-8,3],[-8,4],[-9,4],[-8,4],[-16,8],[-17,9],[-8,5],[-9,5],[-8,4],[-16,10],[-8,5],[-9,6],[-8,5],[-15,11],[-8,7],[-8,6],[-8,5],[-7,6],[-8,7],[-7,6],[-7,6],[-22,19],[-7,7],[-7,6],[-7,7],[-6,7],[-7,6],[-12,13],[-12,14],[-5,7],[-12,14],[-5,7],[-10,14],[-5,7],[-9,14],[-8,14],[-3,7],[-9,17],[-9,17],[-8,17],[-16,34],[-8,18],[-8,17],[-7,18],[-7,18],[-8,18],[-6,18],[-7,18],[-7,18],[-7,18],[-6,19],[-13,37],[-7,19],[-6,18],[-7,19],[-6,19],[-6,18],[-6,19],[-19,56],[-6,18],[-6,19],[-13,37],[-7,19],[-6,18],[-6,18],[-7,19],[-7,18],[-7,18],[-7,18],[-14,36],[-8,18],[-8,17],[-15,35],[-9,18],[-8,17],[-9,17],[-8,17],[-9,17],[-9,16],[-10,16],[-10,16],[-10,16],[-10,16],[-10,15],[-11,16],[-11,15],[-11,15],[-12,14],[-12,15],[-25,28],[-13,14],[-14,13],[-13,13],[-6,5],[-6,5],[-7,5],[-6,5],[-6,5],[-7,5],[-7,4],[-7,5],[-7,4],[-7,4],[-8,5],[-7,4],[-8,4],[-15,8],[-8,3],[-8,4],[-7,4],[-17,7],[-8,3],[-8,3],[-9,3],[-8,3],[-9,4],[-8,2],[-9,3],[-8,3],[-9,3],[-43,12],[-9,3],[-9,2],[-17,4],[-9,2],[-17,4],[-8,1],[-8,2],[-18,3],[-8,2],[-16,3],[-8,1],[-8,1],[-8,2],[-15,2],[-8,1],[-8,1],[-29,4],[-13,1],[-7,1],[-13,1],[-20,0],[-13,-1],[-7,-1],[-7,-1],[-15,-2],[-6,-1],[-15,-3],[-7,-2],[-8,-2],[-7,-2],[-7,-3],[-8,-2],[-7,-3],[-16,-5],[-7,-2],[-15,-6],[-31,-14],[-7,-4],[-8,-3],[-23,-12],[-8,-4],[-7,-4],[-7,-5],[-16,-8],[-15,-9],[-15,-9],[-15,-9],[-14,-10],[-8,-4],[-22,-15],[-7,-5],[-7,-5],[-7,-5],[-7,-5],[-7,-6],[-6,-5],[-7,-5],[-7,-5],[-6,-5],[-7,-5],[-19,-15],[-6,-5],[-6,-5],[-46,-36],[-47,-34],[-47,-32],[-48,-29],[-48,-27],[-49,-25],[-49,-23],[-49,-21],[-50,-19],[-51,-17],[-51,-15],[-51,-14],[-51,-12],[-52,-10],[-52,-8],[-53,-7],[-53,-6],[-53,-4],[-54,-3],[-54,-1],[-53,-1],[-55,1],[-55,2],[-55,3],[-55,4],[-55,5],[-56,6],[-55,7],[-57,8],[-56,8],[-56,8],[-56,10],[-57,10],[-57,10],[-57,11],[-57,11],[-57,11],[-57,12],[-57,12],[-57,11],[-58,12],[-57,12],[-58,12],[-57,11],[-58,12],[-58,11],[-57,11],[-58,10],[-57,10],[-57,10],[-58,9],[-57,8],[-57,8],[-57,7],[-57,7],[-57,5],[-57,4],[-57,4],[-56,2],[-56,2],[-56,0],[-57,-1],[-55,-2],[-56,-3],[-8,0],[-8,-1],[-15,0],[-8,1],[-8,0],[-17,1],[-8,0],[-8,1],[-9,0],[-16,2],[-17,2],[-9,1],[-9,1],[-8,2],[-9,1],[-9,2],[-17,4],[-9,1],[-17,4],[-8,2],[-9,3],[-9,2],[-9,2],[-17,5],[-8,3],[-9,3],[-9,2],[-8,3],[-8,3],[-8,3],[-18,7],[-8,3],[-24,10],[-8,4],[-8,4],[-8,4],[-7,4],[-8,4],[-7,4],[-8,4],[-8,4],[-14,8],[-7,5],[-7,4],[-14,10],[-6,5],[-7,5],[-13,10],[-6,5],[-6,5],[-6,5],[-51,45],[-52,44],[-53,45],[-54,45],[-56,45],[-57,45],[-58,45],[-58,45],[-60,45],[-61,45],[-62,44],[-62,44],[-63,44],[-64,43],[-64,42],[-65,42],[-66,41],[-66,40],[-67,39],[-67,38],[-67,37],[-67,36],[-68,34],[-69,34],[-68,32],[-68,31],[-68,30],[-69,28],[-68,26],[-68,24],[-68,23],[-68,21],[-67,19],[-68,18],[-66,15],[-67,13],[-66,10],[-65,9],[-65,6],[-64,4],[-64,1],[-62,-1],[-62,-4],[-61,-6],[-61,-10],[-59,-12],[-59,-15],[-56,-18],[-57,-21],[-55,-24],[-54,-27],[-52,-31],[-51,-34],[-51,-38],[-48,-41],[-48,-44],[-45,-48],[-44,-51],[-43,-56],[-41,-59],[-39,-64],[-37,-67],[-36,-72],[-33,-75],[-3,-7],[-4,-8],[-2,-9],[-3,-8],[-3,-8],[-2,-8],[-3,-9],[-5,-17],[-2,-9],[-2,-9],[-2,-9],[-4,-19],[-1,-9],[-4,-19],[0,-9],[-2,-10],[-1,-9],[-1,-10],[-1,-10],[0,-10],[-1,-9],[-1,-10],[0,-10],[-1,-10],[0,-10],[0,-49],[0,-10],[1,-10],[0,-10],[1,-10],[1,-19],[1,-10],[1,-10],[2,-9],[1,-10],[1,-10],[2,-9],[1,-10],[2,-9],[2,-9],[3,-18],[3,-9],[1,-9],[3,-9],[2,-9],[3,-8],[4,-17],[6,-16],[3,-8],[3,-8],[3,-8],[3,-8],[3,-7],[44,-94],[45,-91],[48,-88],[50,-86],[52,-82],[53,-80],[56,-77],[58,-74],[59,-72],[62,-69],[62,-67],[65,-64],[67,-62],[67,-59],[70,-57],[71,-55],[72,-53],[74,-50],[75,-49],[77,-46],[78,-44],[79,-42],[80,-40],[82,-38],[82,-36],[84,-35],[84,-32],[86,-31],[86,-29],[88,-28],[87,-26],[89,-24],[90,-23],[90,-21],[91,-20],[91,-18],[92,-17],[92,-16],[94,-14],[93,-13],[93,-12],[94,-11],[95,-10],[94,-8],[95,-8],[94,-7],[95,-5],[95,-5],[94,-4],[95,-4],[94,-2],[95,-2],[94,-1],[94,-1],[93,0],[93,1],[186,2],[92,2],[91,2],[91,2],[90,3],[89,3],[89,3],[8,0],[8,0],[7,0],[17,0],[8,-1],[8,0],[16,-2],[17,-2],[9,-2],[8,-1],[9,-1],[8,-2],[9,-2],[17,-4],[9,-2],[9,-2],[26,-7],[9,-3],[8,-2],[17,-6],[18,-7],[8,-3],[17,-7],[8,-4],[18,-7],[16,-8],[8,-4],[9,-5],[8,-4],[7,-4],[9,-4],[23,-14],[7,-5],[8,-4],[14,-10],[7,-5],[7,-5],[7,-5],[7,-5],[6,-6],[7,-5],[6,-5],[7,-6],[6,-5],[6,-6],[5,-6],[6,-5],[5,-6],[5,-6],[7,-8],[1,-2],[2,-1],[3,-3],[1,-1],[7,-7],[1,-1],[3,-4],[1,-1],[1,-1],[1,-1],[2,-1],[1,-2],[1,-2],[1,-1],[5,-5],[1,-1],[2,-2],[1,-1],[5,-5],[1,-2],[2,-2],[0,-1],[2,-1],[1,-1],[1,-2],[1,-1],[0,-1],[2,-2],[2,-1],[0,-2],[2,-2],[2,-3],[2,-2],[1,-1],[2,-2],[1,-2],[0,-1],[1,-1],[1,-1],[5,-6],[5,-7],[4,-7],[14,-21],[13,-22],[13,-24],[4,-8],[3,-9],[4,-8],[4,-9],[4,-9],[3,-8],[4,-10],[3,-9],[4,-9],[6,-19],[4,-9],[3,-9],[2,-10],[4,-10],[2,-9],[3,-10],[3,-10],[3,-10],[4,-20],[6,-20],[9,-40],[3,-20],[3,-10],[2,-10],[1,-9],[2,-10],[2,-10],[1,-10],[3,-20],[1,-9],[1,-10],[2,-19],[1,-9],[1,-9],[1,-9],[1,-10],[1,-9],[0,-8],[1,-9],[0,-9],[1,-8],[1,-17],[0,-2],[1,-3],[0,-2],[1,-5],[0,-5],[0,-2],[1,-2],[0,-3],[0,-2],[0,-2],[0,-2],[0,-5],[1,-5],[0,-5],[1,-4],[0,-13],[1,-2],[0,-2],[0,-2],[0,-19],[1,-3],[0,-4],[0,-3],[0,-54],[0,-8],[-1,-17],[-2,-17],[-2,-18],[-2,-9],[-1,-9],[-2,-9],[-1,-9],[-2,-9],[-7,-27],[-4,-19],[-3,-9],[-3,-10],[-3,-9],[-2,-10],[-3,-9],[-4,-9],[-6,-19],[-4,-9],[-3,-10],[-4,-9],[-3,-10],[-4,-9],[-4,-10],[-4,-9],[-3,-10],[-5,-9],[-8,-18],[-4,-9],[-5,-9],[-4,-9],[-9,-18],[-18,-34],[-10,-17],[-10,-16],[-10,-16],[-5,-7],[-5,-8],[-5,-7],[-5,-8],[-10,-14],[-5,-7],[-5,-7],[-5,-6],[-6,-7],[-10,-13],[-5,-5],[-44,-50],[-46,-50],[-46,-49],[-46,-49],[-47,-48],[-48,-47],[-49,-46],[-48,-46],[-50,-46],[-50,-45],[-50,-44],[-51,-45],[-51,-44],[-51,-43],[-53,-43],[-52,-44],[-52,-42],[-53,-43],[-106,-84],[-53,-42],[-53,-41],[-53,-42],[-54,-42],[-53,-42],[-53,-41],[-53,-42],[-54,-42],[-53,-42],[-52,-42],[-53,-42],[-53,-42],[-52,-43],[-52,-43],[-52,-43],[-51,-43],[-51,-44],[-51,-44],[-50,-46],[-50,-45],[-49,-45],[-49,-46],[-48,-47],[-47,-47],[-47,-47],[-46,-49],[-46,-49],[-45,-49],[-43,-51],[-44,-51],[-43,-52],[-41,-53],[-41,-53],[-40,-55],[-39,-56],[-38,-56],[-37,-57],[-35,-58],[-35,-60],[-34,-60],[-32,-61],[-32,-63],[-30,-63],[-29,-65],[-4,-7],[-3,-8],[-3,-8],[-6,-16],[-3,-8],[-3,-9],[-3,-8],[-3,-9],[-3,-8],[-3,-9],[-3,-9],[-3,-9],[-3,-9],[-2,-9],[-5,-19],[-5,-19],[-3,-10],[-2,-9],[-3,-10],[-2,-10],[-2,-10],[-2,-10],[-2,-10],[-2,-10],[-2,-10],[-4,-20],[-1,-10],[-4,-20],[-4,-30],[-1,-10],[-3,-20],[-2,-20],[-1,-10],[-1,-9],[-2,-20],[0,-10],[-1,-9],[-1,-10],[0,-9],[-1,-9],[0,-10],[0,-9],[0,-9],[0,-18],[0,-17],[0,-9],[1,-8],[0,-8],[1,-8],[1,-9],[0,-8],[1,-7],[3,-16],[1,-8],[2,-8],[2,-8],[2,-9],[7,-24],[3,-8],[4,-9],[6,-16],[11,-24],[12,-24],[9,-16],[5,-7],[5,-8],[9,-15],[6,-8],[5,-8],[5,-7],[5,-7],[12,-15],[5,-7],[12,-14],[7,-7],[6,-7],[13,-13],[12,-13],[21,-18],[6,-6],[7,-5],[14,-11],[7,-6],[7,-5],[7,-5],[7,-5],[15,-9],[14,-8],[8,-4],[14,-7],[8,-3],[7,-4],[7,-3],[16,-5],[7,-2],[41,-12],[41,-11],[41,-10],[41,-7],[40,-7],[41,-6],[42,-4],[40,-3],[41,-2],[42,-1],[40,0],[41,2],[42,2],[40,3],[41,5],[41,5],[42,6],[41,6],[41,8],[41,8],[41,10],[41,10],[41,10],[42,11],[41,12],[41,12],[41,13],[42,13],[41,14],[41,14],[41,14],[83,30],[41,16],[42,16],[83,32],[41,16],[41,17],[42,16],[41,17],[41,16],[41,17],[42,17],[42,16],[41,16],[41,17],[42,16],[42,16],[41,16],[41,15],[42,15],[41,14],[42,14],[41,14],[42,13],[41,13],[42,12],[41,12],[42,11],[83,20],[42,9],[41,8],[7,1],[8,2],[8,1],[7,1],[7,1],[8,1],[8,1],[7,1],[7,1],[8,0],[7,1],[16,1],[15,0],[15,1],[15,0],[14,-1],[8,0],[7,-1],[14,-1],[8,0],[6,-1],[8,0],[7,-1],[7,-1],[20,-3],[6,-1],[7,-1],[6,-1],[7,-1],[12,-3],[6,-2],[6,-1],[6,-2],[5,-1],[6,-2],[6,-2],[5,-1],[5,-2],[5,-2],[10,-4],[5,-2],[5,-2],[4,-2],[8,-4],[4,-3],[4,-2],[4,-2],[3,-3],[6,-5],[3,-2],[3,-3],[5,-5],[3,-3],[2,-3],[3,-3],[2,-3],[6,-7],[8,-12],[2,-5],[6,-9],[8,-15],[2,-5],[6,-11],[3,-5],[2,-6],[2,-6],[3,-6],[3,-7],[8,-19],[2,-7],[3,-6],[2,-7],[6,-14],[2,-7],[2,-8],[3,-7],[4,-15],[3,-8],[2,-7],[5,-16],[2,-8],[2,-7],[2,-8],[3,-8],[1,-8],[4,-16],[4,-16],[1,-9],[2,-8],[2,-8],[1,-8],[2,-8],[2,-16],[2,-8],[1,-9],[1,-8],[1,-8],[3,-24],[4,-43],[3,-44],[2,-42],[1,-43],[0,-42],[-1,-41],[-2,-41],[-3,-41],[-4,-40],[-5,-39],[-5,-40],[-7,-39],[-7,-38],[-17,-76],[-10,-38],[-10,-37],[-12,-37],[-11,-37],[-13,-36],[-14,-35],[-14,-36],[-14,-35],[-15,-34],[-16,-35],[-17,-34],[-17,-33],[-18,-34],[-18,-33],[-18,-33],[-20,-32],[-19,-32],[-20,-32],[-21,-32],[-21,-32],[-21,-31],[-22,-30],[-22,-31],[-23,-30],[-46,-60],[-23,-30],[-24,-29],[-24,-29],[-24,-29],[-24,-28],[-25,-29],[-24,-28],[-25,-28],[-25,-28],[-25,-28],[-25,-27],[-26,-27],[-25,-27],[-25,-27],[-25,-27],[-51,-53],[-51,-52],[-25,-26],[-25,-26],[-50,-51],[-80,-78],[-83,-78],[-87,-74],[-91,-72],[-93,-71],[-97,-68],[-100,-66],[-103,-65],[-106,-63],[-109,-61],[-111,-59],[-114,-58],[-117,-56],[-119,-54],[-122,-53],[-124,-51],[-126,-50],[-128,-50],[-130,-48],[-132,-46],[-134,-45],[-135,-45],[-137,-43],[-139,-42],[-140,-42],[-141,-40],[-143,-40],[-144,-39],[-144,-39],[-146,-38],[-146,-37],[-147,-37],[-148,-36],[-148,-36],[-149,-36],[-149,-35],[-149,-36],[-299,-70],[-150,-35],[-149,-35],[-149,-35],[-148,-36],[-149,-36],[-148,-35],[-147,-37],[-146,-36],[-146,-37],[-145,-38],[-143,-38],[-143,-39],[-141,-39],[-140,-40],[-139,-41],[-137,-42],[-136,-44],[-133,-43],[-133,-45],[-130,-46],[-129,-47],[-126,-48],[-124,-50],[-121,-51],[-120,-52],[-93,-42],[-90,-43],[-88,-45],[-87,-45],[-84,-46],[-82,-46],[-80,-48],[-79,-49],[-77,-49],[-75,-50],[-74,-51],[-72,-52],[-70,-54],[-69,-53],[-68,-55],[-66,-55],[-65,-56],[-64,-56],[-63,-58],[-61,-58],[-61,-58],[-60,-60],[-59,-60],[-58,-61],[-57,-61],[-56,-62],[-56,-63],[-55,-63],[-55,-64],[-53,-64],[-54,-65],[-54,-66],[-52,-66],[-53,-67],[-53,-66],[-52,-68],[-53,-68],[-52,-69],[-53,-69],[-52,-69],[-52,-70],[-54,-70],[-106,-143],[-54,-71],[-55,-72],[-55,-72],[-56,-72],[-56,-73],[-57,-73],[-58,-74],[-58,-73],[-60,-74],[-61,-74],[-61,-75],[-63,-74],[-63,-75],[-65,-75],[-66,-76],[-68,-75],[-68,-76],[-71,-75],[-71,-76],[-74,-76],[-66,-67],[-69,-66],[-72,-66],[-74,-66],[-76,-66],[-78,-66],[-81,-65],[-84,-66],[-85,-65],[-87,-65],[-89,-64],[-91,-65],[-92,-64],[-95,-64],[-96,-64],[-97,-64],[-99,-64],[-101,-63],[-102,-64],[-103,-63],[-105,-63],[-105,-62],[-107,-64],[-107,-62],[-109,-63],[-109,-62],[-110,-63],[-111,-62],[-111,-62],[-112,-62],[-113,-62],[-113,-62],[-113,-62],[-114,-61],[-113,-62],[-114,-61],[-113,-62],[-114,-61],[-114,-62],[-114,-61],[-113,-61],[-113,-61],[-113,-61],[-112,-61],[-112,-61],[-111,-60],[-110,-62],[-110,-61],[-109,-61],[-107,-61],[-107,-60],[-106,-61],[-104,-61],[-104,-61],[-102,-61],[-101,-61],[-100,-61],[-98,-60],[-96,-61],[-95,-61],[-94,-61],[-91,-61],[-90,-61],[-87,-61]],[[479852,134187],[47,10],[46,7],[45,4],[45,1],[45,-2],[43,-4],[44,-8],[42,-10],[42,-13],[42,-16],[41,-18],[40,-20],[39,-23],[39,-25],[38,-27],[37,-30],[37,-31],[35,-34],[36,-35],[34,-38],[33,-39],[33,-41],[32,-42],[31,-44],[30,-45],[29,-47],[29,-48],[27,-49],[26,-50],[26,-52],[25,-53],[23,-53],[23,-54],[21,-55],[21,-56],[19,-56],[19,-57],[17,-57],[16,-58],[15,-58],[15,-58],[12,-59],[12,-58],[10,-59],[10,-59],[8,-58],[7,-58],[6,-59],[4,-57],[3,-57],[2,-57],[1,-56],[-1,-55],[-2,-55],[-4,-54],[-4,-53],[-7,-52],[-7,-51],[-9,-50],[-10,-49],[-12,-47],[-13,-46],[-15,-45],[-16,-43],[-9,-22],[-8,-21],[-7,-22],[-8,-22],[-6,-23],[-6,-23],[-6,-23],[-5,-23],[-5,-24],[-5,-23],[-8,-48],[-4,-24],[-3,-25],[-3,-24],[-3,-25],[-3,-25],[-3,-25],[-2,-25],[-2,-26],[-2,-25],[-1,-26],[-2,-25],[-1,-26],[-3,-53],[-1,-26],[-1,-26],[-1,-27],[-1,-26],[-4,-132],[-2,-27],[-1,-26],[-1,-27],[-1,-27],[-6,-79],[-2,-27],[-2,-26],[-2,-27],[-3,-26],[-3,-27],[-3,-26],[-4,-26],[-3,-26],[-4,-26],[-4,-25],[-5,-26],[-5,-26],[-5,-26],[-6,-25],[-7,-25],[-6,-25],[-8,-25],[-7,-24],[-8,-25],[-8,-24],[-9,-24],[-10,-24],[-9,-22],[-9,-21],[-9,-21],[-10,-21],[-9,-20],[-10,-21],[-10,-20],[-10,-20],[-10,-20],[-10,-20],[-10,-20],[-11,-20],[-21,-39],[-11,-20],[-11,-19],[-11,-19],[-33,-57],[-23,-38],[-24,-37],[-11,-19],[-24,-37],[-12,-19],[-12,-18],[-49,-72],[-12,-18],[-13,-18],[-13,-18],[-12,-18],[-12,-17],[-14,-18],[-12,-18],[-13,-18],[-13,-18],[-12,-17],[-13,-18],[-13,-18],[-13,-17],[-13,-18],[-13,-18],[-13,-17],[-13,-18],[-13,-18],[-13,-17],[-13,-19],[-13,-17],[-13,-18],[-26,-36],[-14,-17],[-13,-18],[-13,-18],[-12,-18],[-14,-17],[-13,-18],[-13,-18],[-14,-20],[-15,-21],[-15,-23],[-15,-23],[-17,-25],[-17,-26],[-17,-27],[-19,-27],[-18,-29],[-19,-29],[-20,-30],[-20,-31],[-20,-32],[-21,-32],[-21,-32],[-22,-33],[-22,-33],[-23,-34],[-23,-33],[-23,-34],[-24,-34],[-24,-34],[-25,-34],[-25,-34],[-25,-34],[-25,-34],[-26,-33],[-27,-33],[-26,-33],[-27,-32],[-28,-32],[-27,-31],[-28,-30],[-28,-30],[-28,-29],[-28,-28],[-29,-27],[-29,-26],[-29,-25],[-29,-24],[-30,-23],[-30,-22],[-29,-20],[-31,-19],[-30,-18],[-30,-17],[-31,-14],[-30,-13],[-31,-11],[-31,-10],[-31,-8],[-31,-6],[-31,-4],[-31,-2],[-31,0],[-32,2],[-31,4],[-31,6],[-31,9],[-32,11],[-31,14],[-31,16],[-31,19],[-32,21],[-33,26],[-30,28],[-26,29],[-23,31],[-19,33],[-16,34],[-13,35],[-10,36],[-6,38],[-4,39],[-2,40],[2,41],[4,42],[7,44],[9,44],[11,45],[14,46],[16,47],[18,48],[19,48],[21,49],[23,50],[25,50],[27,50],[27,52],[30,51],[30,52],[31,52],[33,52],[33,53],[35,52],[35,53],[36,53],[36,53],[37,53],[38,53],[38,52],[38,53],[37,52],[38,51],[38,52],[37,50],[37,51],[37,50],[36,49],[37,49],[34,48],[35,47],[34,47],[32,45],[32,45],[30,44],[29,43],[28,43],[26,40],[25,40],[23,38],[21,37],[20,37],[18,34],[15,33],[14,32],[11,31],[9,28],[15,56],[13,55],[12,55],[12,55],[10,54],[10,54],[8,54],[8,53],[6,53],[6,54],[4,52],[4,53],[4,53],[2,52],[2,52],[1,51],[0,52],[-1,51],[0,52],[-2,51],[-2,51],[-3,52],[-3,51],[-4,51],[-4,51],[-5,51],[-5,51],[-5,51],[-6,51],[-13,103],[-7,51],[-21,155],[-8,51],[-8,52],[-8,52],[-8,52],[-7,53],[-8,53],[-9,53],[-7,53],[-8,53],[-9,54],[-7,54],[-16,109],[-7,55],[-14,111],[-7,56],[-6,57],[-6,56],[-6,58],[-5,57],[-5,58],[-5,59],[-4,60],[-3,59],[-3,60],[-3,61],[-2,61],[-1,62],[0,8],[1,24],[1,8],[2,16],[3,17],[2,9],[1,8],[4,16],[4,17],[3,9],[3,8],[5,18],[6,16],[3,8],[4,9],[7,16],[4,8],[13,24],[9,15],[9,16],[5,7],[5,8],[5,7],[5,7],[10,14],[6,6],[5,7],[6,6],[6,7],[5,6],[12,12],[6,5],[6,6],[6,5],[7,5],[12,10],[7,4],[6,4],[7,4],[6,4],[21,11],[7,2],[7,3],[7,3],[7,2],[7,2]],[[473469,122986],[7,-4],[7,-4],[7,-4],[7,-4],[7,-5],[7,-5],[7,-5],[6,-5],[13,-11],[12,-12],[6,-6],[12,-13],[12,-14],[5,-8],[6,-7],[5,-7],[5,-7],[5,-8],[5,-8],[5,-8],[4,-8],[5,-8],[5,-8],[4,-9],[5,-8],[4,-9],[4,-8],[3,-9],[4,-9],[4,-8],[3,-9],[3,-9],[10,-27],[5,-19],[7,-27],[4,-18],[1,-9],[2,-9],[1,-10],[1,-9],[1,-9],[1,-8],[1,-9],[1,-9],[0,-9],[0,-17],[0,-9],[-1,-9],[0,-8],[-1,-8],[-1,-9],[-2,-16],[-7,-44],[-9,-44],[-10,-44],[-11,-43],[-13,-42],[-14,-42],[-14,-42],[-17,-41],[-17,-41],[-18,-40],[-19,-40],[-21,-40],[-21,-39],[-23,-39],[-23,-38],[-24,-38],[-25,-38],[-26,-38],[-26,-37],[-28,-37],[-28,-36],[-29,-37],[-29,-36],[-30,-36],[-31,-36],[-31,-35],[-32,-36],[-32,-34],[-33,-35],[-33,-35],[-34,-35],[-34,-34],[-34,-34],[-34,-34],[-35,-34],[-35,-34],[-35,-34],[-36,-34],[-35,-34],[-71,-67],[-36,-33],[-71,-67],[-35,-34],[-72,-67],[-34,-34],[-35,-34],[-35,-33],[-34,-34],[-34,-34],[-34,-34],[-33,-34],[-33,-35],[-33,-34],[-32,-34],[-32,-35],[-31,-35],[-30,-35],[-30,-35],[-29,-36],[-28,-35],[-28,-36],[-21,-28],[-21,-28],[-20,-28],[-20,-30],[-20,-29],[-20,-30],[-19,-30],[-18,-30],[-19,-31],[-19,-30],[-19,-31],[-18,-32],[-36,-63],[-18,-31],[-18,-32],[-18,-31],[-18,-32],[-17,-32],[-18,-32],[-18,-32],[-18,-32],[-18,-32],[-18,-31],[-18,-31],[-19,-31],[-18,-31],[-19,-30],[-19,-31],[-18,-30],[-20,-29],[-20,-30],[-20,-29],[-20,-28],[-20,-28],[-21,-29],[-21,-27],[-22,-27],[-22,-26],[-22,-25],[-23,-25],[-23,-25],[-24,-23],[-24,-23],[-25,-23],[-25,-22],[-26,-21],[-26,-20],[-27,-19],[-28,-19],[-28,-18],[-29,-16],[-29,-16],[-31,-15],[-31,-14],[-32,-13],[-32,-12],[-34,-11],[-34,-10],[-35,-9],[-35,-7],[-37,-7],[-37,-5],[-39,-4],[-10,46],[-8,46],[-8,48],[-5,48],[-4,49],[-3,50],[-2,50],[1,51],[1,52],[3,52],[4,53],[5,53],[7,54],[8,54],[9,55],[10,55],[11,55],[12,56],[14,56],[15,57],[15,56],[17,57],[18,57],[18,57],[20,58],[20,57],[21,58],[22,58],[23,57],[23,58],[25,57],[25,58],[26,57],[27,57],[27,58],[28,56],[29,57],[29,57],[29,56],[31,56],[30,56],[32,55],[31,55],[32,54],[33,54],[33,54],[33,53],[34,52],[34,52],[34,51],[34,51],[35,50],[35,49],[34,49],[35,48],[36,47],[35,46],[36,46],[35,44],[35,44],[35,43],[36,42],[36,41],[35,39],[20,23],[21,23],[20,24],[22,24],[22,25],[22,25],[23,25],[46,51],[24,26],[23,27],[49,53],[24,27],[25,26],[26,27],[25,26],[26,27],[26,27],[26,26],[26,27],[54,52],[27,26],[27,25],[27,25],[28,25],[27,24],[28,24],[28,23],[29,23],[28,23],[28,21],[29,22],[28,20],[29,20],[29,19],[29,19],[29,18],[29,17],[29,16],[29,15],[30,14],[29,14],[29,12],[29,11],[29,11],[29,9],[29,8],[30,7],[29,6],[29,5],[29,3],[29,2],[29,1],[29,-1],[29,-2],[29,-4],[28,-5],[29,-7],[28,-8],[28,-9],[29,-11],[28,-13]],[[273470,281357],[-1116,6],[-1117,6],[-1116,6],[-1116,6],[-2233,12],[-1116,6],[-2232,13],[-1117,6],[-2232,12],[-1116,6],[-1116,6],[-2233,12],[-2232,12],[-1117,6],[-1116,6],[-2232,12],[-2233,12],[-1116,6],[-2232,12],[-2233,12],[-1116,6],[-1117,6],[-1116,6],[-1116,7],[-1117,6],[-1116,6],[-1116,6],[-2233,12],[-2232,12],[-1117,6],[-1116,6],[-2232,12],[-2233,12],[-1116,6],[-2232,12],[-2233,12],[-1116,6],[-1116,6],[-2233,12],[-1116,7],[-1116,6],[-1116,6],[-1117,6],[-2232,12],[-1116,6],[-1117,6],[-1116,6]],[[202119,330785],[1040,-5],[344,-2],[695,-3],[1039,-6],[1040,-5],[1040,-6],[2079,-11],[1040,-5],[1039,-6],[1040,-5],[695,-4],[344,-1],[1040,-6],[1040,-5],[344,-2],[696,-3],[1039,-6],[2079,-11],[1040,-5],[695,-4],[345,-1],[1040,-6],[1040,-5],[344,-2],[695,-3],[1039,-6],[2080,-11],[1039,-5],[1040,-6],[2079,-11],[1040,-5],[695,-4],[344,-1],[1040,-6],[1040,-5],[344,-2],[695,-3],[1039,-6],[1040,-5],[1040,-6],[1039,-5],[1040,-6],[1040,-5],[1039,-6],[1040,-6],[695,-3],[344,-2],[2080,-11],[344,-1],[695,-4],[1040,-5],[1039,-6],[1040,-5],[1040,-6],[695,-3],[344,-2],[2080,-11],[344,-1],[695,-4],[1039,-5],[1040,-6],[1040,-5],[1039,-6],[1040,-5],[1040,-6],[1039,-5],[1040,-6],[689,-3],[351,-2],[1039,-5]],[[432098,223418],[0,-302],[0,-302],[0,-302],[1,-302],[0,-301],[0,-303],[1,-302],[0,-301],[0,-303],[1,-301],[0,-302],[0,-303],[1,-301],[0,-302],[0,-303],[1,-301],[0,-302],[0,-302],[0,-302],[0,-302],[1,-302],[0,-302],[0,-302],[1,-302],[0,-302],[0,-302],[1,-302],[0,-302],[0,-302],[1,-302],[0,-302],[0,-604],[0,-302],[1,-302],[0,-302],[0,-302],[1,-302],[0,-302],[0,-302],[1,-301],[0,-303],[0,-302],[1,-301],[0,-303],[0,-301],[1,-302],[0,-604],[0,-302],[0,-303],[0,-301],[1,-302],[0,-302],[0,-302],[1,-302],[0,-302],[0,-302],[1,-302],[0,-302],[0,-302],[1,-302],[0,-302],[0,-302]],[[432116,204092],[-65,-10],[-64,-14],[-65,-17],[-65,-21],[-65,-24],[-64,-28],[-65,-31],[-64,-35],[-64,-38],[-65,-41],[-63,-45],[-64,-47],[-63,-50],[-63,-53],[-63,-55],[-62,-59],[-62,-61],[-62,-63],[-61,-66],[-61,-68],[-60,-70],[-60,-72],[-59,-75],[-60,-76],[-58,-78],[-58,-79],[-57,-82],[-56,-82],[-56,-85],[-55,-86],[-54,-87],[-54,-89],[-53,-89],[-51,-91],[-52,-92],[-51,-92],[-49,-93],[-49,-94],[-48,-95],[-47,-95],[-46,-96],[-45,-95],[-44,-97],[-43,-96],[-42,-97],[-41,-96],[-39,-97],[-39,-96],[-38,-96],[-36,-95],[-35,-96],[-34,-94],[-33,-94],[-31,-93],[-30,-93],[-29,-92],[-28,-91],[-25,-89],[-25,-88],[-23,-88],[-22,-86],[-21,-84],[-19,-83],[-17,-82],[-23,-111],[-20,-112],[-21,-113],[-19,-113],[-19,-114],[-18,-115],[-17,-117],[-16,-116],[-16,-117],[-15,-118],[-14,-118],[-13,-119],[-13,-120],[-12,-119],[-12,-120],[-11,-121],[-11,-120],[-10,-121],[-10,-122],[-9,-122],[-9,-122],[-9,-123],[-9,-123],[-7,-122],[-8,-123],[-8,-123],[-7,-123],[-7,-123],[-15,-245],[-7,-123],[-14,-245],[-7,-122],[-7,-123],[-7,-122],[-8,-121],[-7,-121],[-8,-122],[-8,-120],[-8,-120],[-9,-119],[-9,-119],[-9,-119],[-10,-118],[-9,-118],[-10,-117],[-11,-116],[-12,-116],[-12,-115],[-12,-114],[-13,-114],[-14,-112],[-14,-112],[-15,-111],[-16,-109],[-17,-109],[-17,-108],[-18,-107],[-19,-106],[-20,-106],[-20,-104],[-22,-103],[-22,-101],[-15,-63],[-16,-64],[-16,-64],[-17,-65],[-17,-65],[-18,-65],[-18,-66],[-19,-66],[-20,-66],[-20,-67],[-21,-67],[-21,-67],[-44,-134],[-22,-67],[-23,-68],[-24,-67],[-23,-68],[-24,-68],[-25,-68],[-24,-67],[-25,-68],[-25,-67],[-26,-67],[-26,-68],[-26,-67],[-26,-66],[-27,-67],[-27,-66],[-26,-66],[-27,-65],[-27,-66],[-27,-65],[-28,-64],[-27,-64],[-28,-64],[-27,-63],[-27,-62],[-27,-62],[-28,-62],[-28,-61],[-27,-60],[-27,-59],[-27,-59],[-27,-58],[-27,-57],[-27,-57],[-27,-56],[-27,-55],[-26,-54],[-26,-53],[-25,-53],[-26,-51],[-25,-50],[-25,-50],[-25,-48],[-25,-48],[-24,-46],[-24,-46],[-23,-43],[-23,-43],[-22,-42],[-22,-40],[-22,-40],[-35,-64],[-35,-64],[-35,-64],[-34,-65],[-35,-64],[-34,-64],[-34,-64],[-35,-64],[-34,-64],[-34,-64],[-34,-64],[-33,-64],[-34,-64],[-34,-63],[-34,-64],[-33,-63],[-34,-63],[-33,-63],[-33,-62],[-67,-126],[-33,-62],[-33,-62],[-33,-62],[-33,-62],[-33,-61],[-33,-61],[-65,-121],[-33,-61],[-33,-60],[-65,-119],[-32,-59],[-33,-58],[-33,-59],[-33,-58],[-65,-115],[-33,-57],[-32,-56],[-33,-56],[-32,-56],[-33,-55],[-65,-110],[-32,-54],[-33,-53],[-33,-53],[-33,-53],[-32,-52],[-33,-51],[-33,-51],[-33,-51],[-33,-50],[-33,-50],[-33,-49],[-33,-48],[-33,-48],[-33,-47],[-34,-47],[-33,-46],[-33,-45],[-33,-46],[-37,-48],[-38,-46],[-38,-44],[-38,-42],[-39,-40],[-40,-38],[-39,-36],[-41,-35],[-40,-33],[-41,-31],[-42,-29],[-42,-28],[-42,-27],[-43,-26],[-43,-24],[-44,-23],[-44,-21],[-45,-21],[-45,-20],[-45,-18],[-46,-18],[-47,-16],[-46,-16],[-48,-16],[-48,-14],[-48,-14],[-49,-14],[-49,-13],[-50,-12],[-50,-13],[-51,-12],[-51,-12],[-51,-11],[-53,-12],[-52,-12],[-53,-12],[-54,-12],[-54,-12],[-54,-13],[-55,-12],[-56,-13],[-57,-14],[-56,-14],[-58,-14],[-57,-16],[-58,-16],[-59,-17],[-59,-18],[-60,-18],[-60,-20],[-61,-20],[-62,-22],[-62,-23],[-61,-24],[-64,-25],[-63,-27],[-64,-28],[-65,-30],[-65,-31],[-66,-32],[-66,-35],[-67,-36],[-67,-38],[-68,-40],[-6,-4],[-7,-4],[-7,-5],[-7,-4],[-14,-9],[-7,-5],[-7,-5],[-15,-10],[-7,-5],[-15,-10],[-15,-11],[-7,-6],[-8,-5],[-16,-12],[-7,-6],[-8,-6],[-8,-6],[-7,-6],[-16,-12],[-15,-13],[-8,-7],[-7,-6],[-16,-13],[-7,-7],[-16,-13],[-7,-6],[-15,-14],[-8,-7],[-7,-6],[-15,-14],[-14,-13],[-7,-7],[-7,-7],[-7,-7],[-7,-6],[-13,-13],[-7,-7],[-6,-6],[-6,-7],[-19,-20],[-6,-6],[-6,-6],[-6,-7],[-6,-6],[-5,-6],[-11,-12],[-10,-12],[-57,-70],[-55,-72],[-54,-72],[-52,-73],[-51,-73],[-50,-75],[-49,-75],[-47,-75],[-46,-77],[-45,-78],[-45,-78],[-42,-78],[-42,-80],[-41,-79],[-40,-81],[-39,-81],[-38,-82],[-37,-82],[-37,-82],[-36,-83],[-35,-84],[-35,-83],[-34,-84],[-33,-85],[-33,-84],[-32,-85],[-32,-86],[-31,-86],[-32,-85],[-30,-86],[-31,-86],[-29,-86],[-30,-86],[-30,-87],[-29,-86],[-30,-86],[-29,-86],[-30,-87],[-29,-86],[-29,-86],[-30,-86],[-30,-86],[-29,-86],[-30,-86],[-31,-85],[-30,-85],[-31,-85],[-31,-84],[-32,-84],[-32,-85],[-33,-83],[-33,-84],[-33,-82],[-35,-83],[-35,-81],[-36,-82],[-36,-81],[-38,-80],[-38,-80],[-38,-79],[-40,-79],[-41,-78],[-41,-77],[-43,-76],[-4,-7],[-4,-7],[-13,-21],[-5,-7],[-5,-7],[-11,-14],[-5,-6],[-5,-7],[-11,-14],[-12,-13],[-19,-19],[-7,-7],[-6,-6],[-20,-18],[-8,-6],[-14,-12],[-22,-16],[-15,-11],[-7,-5],[-8,-5],[-8,-5],[-8,-5],[-8,-5],[-7,-5],[-8,-4],[-9,-5],[-7,-4],[-8,-4],[-8,-4],[-8,-4],[-8,-4],[-25,-11],[-7,-3],[-9,-4],[-8,-3],[-8,-3],[-16,-5],[-8,-2],[-8,-3],[-16,-4],[-8,-1],[-8,-2],[-8,-1],[-8,-2],[-15,-2],[-8,0],[-33,-2],[-65,-2],[-33,-1],[-33,0],[-33,1],[-32,1],[-33,1],[-32,2],[-33,3],[-32,2],[-32,4],[-33,4],[-64,9],[-31,5],[-32,6],[-32,6],[-63,14],[-32,8],[-31,8],[-32,8],[-31,9],[-31,10],[-31,10],[-30,10],[-31,11],[-30,11],[-31,12],[-30,12],[-30,12],[-30,13],[-30,14],[-29,14],[-29,14],[-30,14],[-29,15],[-29,16],[-28,16],[-29,16],[-28,17],[-28,17],[-28,18],[-28,18],[-27,18],[-27,19],[-27,19],[-27,20],[-27,20],[-26,21],[-26,20],[-26,22],[-26,21],[-25,22],[-25,22],[-25,23],[-25,23],[-24,23],[-24,24],[-24,24],[-24,25],[-23,24],[-29,32],[-10,11],[-11,12],[-12,12],[-5,5],[-6,6],[-12,12],[-6,5],[-6,6],[-6,6],[-6,6],[-13,11],[-6,5],[-12,11],[-6,6],[-13,11],[-12,10],[-7,5],[-7,6],[-12,10],[-7,5],[-6,4],[-13,11],[-6,4],[-7,5],[-6,4],[-7,4],[-6,4],[-7,5],[-19,12],[-6,3],[-6,4],[-13,7],[-6,3],[-12,7],[-12,5],[-6,3],[-18,8],[-6,2],[-5,2],[-6,1],[-6,2],[-11,3],[-5,1],[-6,2],[-10,2],[-11,1],[-6,0],[-12,1],[-5,0],[-7,1],[-13,0],[-6,-1],[-13,0],[-14,-1],[-14,-1],[-7,0],[-15,-2],[-7,-1],[-15,-2],[-15,-3],[-15,-3],[-15,-3],[-9,-2],[-7,-2],[-8,-2],[-15,-4],[-8,-2],[-16,-5],[-8,-2],[-8,-3],[-15,-5],[-8,-3],[-8,-2],[-23,-9],[-8,-4],[-14,-6],[-8,-3],[-29,-14],[-7,-4],[-7,-4],[-7,-4],[-7,-4],[-13,-9],[-7,-4],[-6,-4],[-7,-5],[-6,-4],[-52,-38],[-51,-40],[-50,-42],[-48,-44],[-46,-45],[-45,-47],[-44,-49],[-42,-51],[-42,-52],[-40,-53],[-39,-56],[-38,-56],[-36,-57],[-36,-59],[-35,-60],[-34,-61],[-33,-62],[-32,-63],[-31,-65],[-31,-65],[-30,-67],[-29,-67],[-29,-68],[-28,-68],[-28,-69],[-28,-70],[-26,-71],[-27,-71],[-26,-71],[-25,-72],[-26,-72],[-26,-73],[-50,-146],[-25,-74],[-25,-73],[-26,-73],[-25,-74],[-25,-74],[-51,-146],[-53,-146],[-26,-73],[-28,-72],[-27,-72],[-28,-72],[-29,-71],[-29,-70],[-29,-70],[-31,-69],[-31,-68],[-33,-68],[-32,-67],[-34,-66],[-34,-65],[-36,-64],[-36,-63],[-38,-62],[-39,-61],[-39,-60],[-42,-59],[-42,-57],[-43,-56],[-32,-39],[-33,-40],[-34,-40],[-35,-41],[-36,-42],[-38,-43],[-38,-43],[-40,-44],[-41,-44],[-42,-45],[-42,-45],[-44,-45],[-45,-46],[-45,-47],[-46,-47],[-46,-48],[-48,-48],[-48,-48],[-99,-99],[-50,-49],[-51,-50],[-51,-51],[-51,-51],[-52,-51],[-53,-51],[-53,-52],[-53,-52],[-53,-52],[-54,-53],[-53,-53],[-55,-53],[-54,-53],[-54,-54],[-54,-53],[-55,-54],[-54,-54],[-55,-55],[-54,-54],[-54,-55],[-54,-54],[-54,-55],[-54,-55],[-53,-55],[-54,-55],[-53,-55],[-52,-56],[-104,-110],[-51,-55],[-51,-55],[-50,-55],[-50,-55],[-49,-55],[-48,-55],[-48,-56],[-46,-55],[-47,-54],[-45,-55],[-45,-54],[-44,-54],[-43,-55],[-42,-54],[-41,-54]],[[402548,218686],[-1,-14],[0,-27],[1,-14],[0,-14],[0,-14],[1,-13],[0,-14],[1,-13],[1,-14],[1,-13],[1,-14],[3,-27],[4,-27],[2,-13],[1,-13],[3,-14],[2,-13],[3,-13],[2,-14],[3,-13],[3,-13],[3,-14],[3,-13],[4,-13],[3,-13],[4,-13],[4,-13],[5,-14],[4,-13],[5,-13],[5,-13],[5,-13],[4,-13],[6,-13],[5,-13],[6,-13],[6,-13],[6,-13],[6,-13],[6,-14],[7,-13],[7,-13],[7,-13],[7,-13],[16,-26],[8,-13],[8,-14],[16,-26],[9,-13],[9,-14],[9,-13],[10,-13],[10,-13],[10,-14],[10,-14],[10,-13],[11,-14],[11,-13],[11,-13],[17,-22],[18,-21],[18,-21],[18,-22],[18,-21],[18,-22],[18,-21],[18,-22],[18,-21],[19,-22],[18,-21],[19,-21],[18,-22],[19,-21],[18,-21],[19,-22],[19,-21],[19,-22],[18,-21],[19,-22],[19,-21],[20,-21],[19,-21],[19,-22],[19,-21],[19,-21],[19,-21],[39,-42],[20,-21],[19,-21],[20,-21],[20,-21],[19,-21],[20,-21],[20,-21],[20,-20],[39,-41],[20,-21],[40,-41],[20,-20],[40,-41],[41,-40],[40,-40],[20,-19],[20,-20],[21,-20],[21,-19],[20,-20],[21,-19],[20,-19],[20,-19],[21,-19],[20,-19],[21,-19],[21,-19],[20,-19],[21,-18],[21,-19],[10,-9],[11,-10],[11,-9],[11,-9],[11,-10],[11,-9],[11,-9],[11,-9],[11,-10],[23,-18],[11,-9],[11,-9],[12,-10],[34,-27],[11,-9],[12,-8],[11,-9],[12,-9],[12,-9],[12,-8],[23,-18],[24,-17],[12,-9],[12,-8],[12,-9],[12,-8],[24,-16],[12,-9],[12,-8],[24,-16],[13,-8],[24,-16],[25,-15],[12,-8],[13,-8],[12,-7],[25,-15],[50,-28],[13,-7],[25,-14],[13,-7],[13,-6],[25,-13],[13,-7],[13,-6],[12,-6],[14,-6],[12,-6],[13,-6],[72,-31],[73,-30],[74,-29],[76,-27],[77,-25],[79,-25],[80,-23],[82,-22],[83,-21],[84,-19],[85,-19],[87,-18],[88,-16],[89,-16],[90,-15],[91,-14],[92,-14],[93,-12],[94,-12],[95,-12],[96,-11],[97,-11],[98,-10],[99,-10],[99,-9],[101,-10],[101,-9],[101,-9],[103,-9],[103,-9],[104,-8],[104,-9],[105,-10],[105,-9],[107,-10],[106,-9],[107,-10],[107,-11],[108,-11],[108,-12],[108,-12],[109,-12],[109,-14],[109,-14],[109,-15],[110,-15],[109,-17],[110,-17],[110,-19],[110,-19],[110,-21],[110,-22],[110,-22],[110,-25],[110,-25],[109,-27],[110,-29],[109,-29],[108,-31],[109,-33],[109,-35],[108,-36],[108,-38],[107,-40],[13,-5],[13,-5],[27,-11],[12,-6],[13,-7],[13,-6],[27,-14],[25,-15],[13,-8],[13,-7],[13,-8],[13,-9],[12,-8],[26,-17],[12,-8],[12,-9],[13,-9],[12,-9],[12,-9],[13,-9],[13,-10],[24,-18],[12,-9],[13,-10],[11,-9],[13,-9],[11,-10],[24,-19],[12,-9],[11,-9],[12,-10],[12,-9],[12,-9],[34,-27],[11,-9],[11,-9],[11,-8],[12,-9],[11,-8],[11,-9],[11,-8],[21,-16],[22,-15],[21,-14],[11,-7],[21,-13],[20,-12],[10,-6],[20,-10],[10,-5],[51,-24],[52,-24],[52,-23],[53,-22],[53,-20],[54,-20],[54,-19],[55,-18],[54,-17],[56,-16],[55,-15],[56,-14],[56,-13],[56,-12],[57,-12],[56,-10],[57,-10],[57,-9],[58,-8],[57,-7],[58,-6],[57,-5],[57,-5],[58,-4],[58,-3],[58,-2],[57,-1],[58,-1],[58,0],[57,1],[58,2],[57,2],[57,3],[57,4],[113,10],[56,6],[56,7],[55,7],[56,8],[55,8],[55,10],[54,9],[54,11],[54,11],[52,12],[53,12],[52,13],[52,13],[51,15],[51,14],[50,15],[50,16],[48,17],[48,16],[48,18],[47,18],[46,18],[46,19],[45,19],[44,20],[43,20],[43,21],[41,21],[7,4],[7,3],[15,8],[7,4],[8,4],[7,4],[16,8],[8,4],[8,4],[8,4],[8,4],[16,8],[18,8],[8,4],[17,8],[9,4],[18,8],[9,4],[9,4],[9,4],[9,4],[9,4],[9,4],[9,4],[9,3],[9,4],[9,4],[9,4],[10,4],[18,7],[10,4],[36,14],[18,7],[9,3],[17,7],[9,3],[9,3],[17,6],[17,6],[17,5],[8,3],[17,5],[7,3],[8,2],[8,2],[8,2],[7,2],[8,2],[134,34],[135,34],[134,36],[135,37],[134,37],[134,39],[134,40],[133,40],[134,42],[133,43],[133,44],[133,44],[133,46],[132,47],[132,47],[132,49],[132,49],[131,51],[130,52],[131,52],[130,54],[130,55],[130,55],[129,57],[128,58],[129,58],[128,60],[127,62],[128,61],[126,63],[127,64],[126,65],[125,66],[125,67],[124,69],[124,69],[124,70],[123,72],[122,72],[121,73],[121,74],[121,77],[120,76],[120,78],[119,78],[118,80],[117,81],[117,82],[117,84],[116,84],[115,85],[114,86],[113,88],[113,89],[113,90],[111,90],[111,92],[110,93],[109,94],[109,96],[108,96],[106,97],[107,98],[105,100],[5,5],[12,11],[12,11],[12,13],[13,11],[13,12],[7,6],[7,6],[7,5],[15,12],[7,7],[15,12],[7,6],[24,18],[15,13],[8,6],[8,6],[15,12],[8,6],[17,12],[24,18],[16,12],[16,12],[8,5],[8,6],[8,6],[8,6],[16,11],[16,11],[8,5],[15,11],[8,6],[8,5],[7,5],[15,10],[15,10],[7,4],[7,5],[14,9],[7,4],[7,5],[6,4],[44,25],[43,26],[44,26],[43,26],[44,26],[43,26],[44,27],[44,27],[43,26],[44,27],[88,53],[43,27],[44,27],[44,27],[45,28],[44,27],[44,27],[44,28],[44,27],[45,28],[44,28],[44,27],[45,28],[44,29],[45,27],[44,28],[45,28],[44,28],[45,29],[44,28],[91,56],[45,28],[44,28],[46,29],[45,28],[45,29],[46,28],[45,29],[45,28],[46,29],[45,29],[46,28],[46,29],[45,28],[46,29],[46,28],[92,57],[47,29],[92,57],[46,28],[47,29],[46,28],[47,29],[47,28],[46,28],[47,29],[94,57],[47,28],[47,28],[53,31],[52,32],[52,32],[104,64],[103,65],[51,33],[52,33],[102,65],[51,33],[51,33],[51,33],[51,33],[51,33],[51,33],[51,33],[51,33],[50,33],[51,33],[51,33],[50,33],[102,65],[51,33],[102,65],[51,32],[103,64],[51,32],[51,31],[103,62],[52,31],[52,31],[52,31],[104,60],[52,29],[53,30],[52,29],[53,29],[53,28],[53,28],[107,55],[54,27],[54,27],[54,26],[54,26],[55,25],[55,25],[55,25],[56,24],[55,23],[56,23],[57,23],[56,22],[57,22],[57,21],[58,21],[57,20],[25,8],[50,17],[24,9],[25,8],[24,9],[25,8],[25,9],[24,8],[24,9],[25,8],[24,8],[25,9],[24,8],[25,8],[24,8],[23,9],[25,8],[72,24],[48,17],[72,24],[23,8],[48,16],[24,8],[94,32],[24,9],[141,48],[23,8],[23,8],[23,8],[24,8],[23,8],[23,9],[47,16],[23,8],[23,9],[23,8],[23,8],[22,8],[23,9],[23,8],[23,9],[23,8],[23,9],[23,8],[23,9],[22,8],[23,9],[23,8]],[[295448,105916],[-7,5],[-7,5],[-6,4],[-7,5],[-7,5],[-7,5],[-6,4],[-7,5],[-7,5],[-7,5],[-20,15],[-7,5],[-7,5],[-12,10],[-14,11],[-6,5],[-7,5],[-6,6],[-7,5],[-7,5],[-6,6],[-13,11],[-13,11],[-7,5],[-12,11],[-7,6],[-6,6],[-7,5],[-13,12],[-12,11],[-13,12],[-7,6],[-6,6],[-6,6],[-19,18],[-13,12],[-13,13],[-12,12],[-13,13],[-19,20],[-13,13],[-19,20],[-22,24],[-16,18],[-16,19],[-17,19],[-16,20],[-17,20],[-18,20],[-17,21],[-18,22],[-18,21],[-18,22],[-37,45],[-19,23],[-19,23],[-19,23],[-20,24],[-19,24],[-20,23],[-20,24],[-20,25],[-20,24],[-21,24],[-21,24],[-20,24],[-21,24],[-21,25],[-22,24],[-21,24],[-22,23],[-21,24],[-44,47],[-44,46],[-45,45],[-22,22],[-23,22],[-23,21],[-22,21],[-23,21],[-23,20],[-23,20],[-23,19],[-24,19],[-23,18],[-24,18],[-23,17],[-24,16],[-23,16],[-24,16],[-23,14],[-24,14],[-23,13],[-24,13],[-24,11],[-24,11],[-24,10],[-23,9],[-24,9],[-24,7],[-24,7],[-23,5],[-133,30],[-131,32],[-130,34],[-129,35],[-127,38],[-126,39],[-125,41],[-124,43],[-123,44],[-122,46],[-121,47],[-119,48],[-119,50],[-118,51],[-117,53],[-116,53],[-115,54],[-115,56],[-114,56],[-113,56],[-113,58],[-111,58],[-112,59],[-110,59],[-111,60],[-109,60],[-109,60],[-109,60],[-108,61],[-108,61],[-108,60],[-107,61],[-108,61],[-107,60],[-106,60],[-107,60],[-106,59],[-106,58],[-106,58],[-107,58],[-106,57],[-106,57],[-107,55],[-106,54],[-107,53],[-107,52],[-107,51],[-107,50],[-108,49],[-108,47],[-108,45],[-108,45],[-110,43],[-109,41],[-110,40],[-111,37],[-111,36],[-112,34],[-112,31],[-113,30],[-114,28],[-114,25],[-115,23],[-117,21],[-51,9],[-52,8],[-52,8],[-53,8],[-52,7],[-52,7],[-54,7],[-106,12],[-54,6],[-54,5],[-54,5],[-54,4],[-55,4],[-109,7],[-55,3],[-56,3],[-55,2],[-55,2],[-55,1],[-56,1],[-56,1],[-56,1],[-56,0],[-57,-1],[-56,0],[-57,-2],[-56,-1],[-57,-2],[-57,-2],[-57,-3],[-57,-3],[-57,-3],[-57,-4],[-57,-4],[-115,-9],[-115,-11],[-58,-6],[-57,-6],[-57,-7],[-58,-7],[-58,-8],[-58,-7],[-57,-9],[-58,-8],[-58,-9],[-57,-10],[-58,-9],[-57,-10],[-58,-11],[-58,-11],[-58,-11],[-57,-12],[-58,-12],[-57,-12],[-58,-13],[-58,-13],[-57,-14],[-57,-14],[-57,-14],[-58,-15],[-118,-32],[-116,-33],[-115,-33],[-115,-35],[-113,-36],[-111,-37],[-111,-37],[-110,-39],[-108,-39],[-107,-39],[-107,-41],[-105,-41],[-104,-41],[-103,-42],[-102,-42],[-102,-43],[-100,-43],[-100,-43],[-99,-44],[-98,-44],[-97,-44],[-97,-45],[-95,-44],[-96,-44],[-94,-44],[-94,-44],[-93,-44],[-94,-44],[-92,-44],[-91,-43],[-92,-43],[-91,-43],[-90,-42],[-91,-42],[-89,-41],[-90,-40],[-89,-40],[-89,-40],[-89,-38],[-88,-38],[-89,-37],[-88,-37],[-88,-36],[-88,-34],[-88,-33],[-88,-33],[-88,-31],[-88,-30],[-88,-29],[-88,-28],[-88,-27],[-88,-25],[-89,-24],[-89,-22],[-89,-21],[-89,-20],[-90,-17],[-90,-17],[-90,-14],[-91,-13],[-91,-11],[-91,-10],[-92,-8],[-93,-5],[-68,-3],[-67,-1],[-66,0],[-66,2],[-66,4],[-65,4],[-64,7],[-63,7],[-63,9],[-63,10],[-61,12],[-62,12],[-61,14],[-60,15],[-61,16],[-60,17],[-59,18],[-59,18],[-59,20],[-59,20],[-59,22],[-58,22],[-58,22],[-58,24],[-58,24],[-58,25],[-57,25],[-58,26],[-58,26],[-58,27],[-58,27],[-58,27],[-58,28],[-58,28],[-58,28],[-118,57],[-59,28],[-59,29],[-60,28],[-60,29],[-121,57],[-61,28],[-62,28],[-62,27],[-62,28],[-63,27],[-64,27],[-64,26],[-65,26],[-65,25],[-66,25],[-67,24],[-67,24],[-69,23],[-68,22],[-70,21],[-71,21],[-71,19],[-73,19],[-73,18],[-74,17],[-75,16],[-68,13],[-69,12],[-69,9],[-69,8],[-69,6],[-69,4],[-70,3],[-70,2],[-70,0],[-70,-1],[-70,-2],[-71,-4],[-71,-5],[-71,-6],[-71,-7],[-71,-8],[-72,-9],[-72,-9],[-71,-11],[-72,-11],[-73,-12],[-72,-12],[-73,-13],[-73,-13],[-73,-14],[-73,-14],[-73,-14],[-73,-15],[-74,-15],[-74,-15],[-74,-15],[-74,-15],[-74,-15],[-74,-15],[-75,-14],[-74,-15],[-75,-14],[-150,-27],[-75,-12],[-75,-12],[-75,-12],[-76,-11],[-76,-9],[-76,-10],[-75,-8],[-76,-7],[-76,-7],[-77,-5],[-76,-4],[-76,-3],[-76,-1],[-77,-1],[-77,1],[-77,3],[-76,4],[-77,5],[-78,7],[-76,9],[-78,11],[-77,13],[-77,14],[-78,16],[-77,18],[-8,2],[-15,5],[-15,5],[-9,3],[-8,3],[-7,3],[-17,6],[-8,3],[-17,7],[-8,3],[-26,11],[-8,4],[-9,4],[-9,3],[-9,4],[-8,5],[-9,4],[-9,4],[-9,4],[-9,4],[-9,4],[-18,9],[-17,9],[-18,9],[-9,5],[-8,4],[-18,9],[-17,9],[-18,10],[-8,5],[-26,13],[-16,9],[-8,5],[-8,5],[-17,9],[-7,4],[-8,5],[-8,4],[-15,9],[-15,8],[-7,4],[-7,4],[-7,4],[-7,4],[-7,4],[-7,4],[-17,9],[-17,10],[-17,9],[-17,10],[-18,9],[-17,8],[-17,9],[-18,8],[-53,24],[-18,8],[-18,7],[-18,7],[-36,14],[-18,6],[-36,13],[-36,12],[-19,6],[-18,5],[-19,6],[-18,5],[-38,9],[-37,9],[-19,4],[-18,3],[-19,4],[-19,4],[-18,3],[-19,3],[-19,3],[-57,8],[-38,4],[-38,3],[-19,1],[-19,1],[-19,1],[-19,1],[-19,1],[-19,0],[-57,0],[-19,0],[-20,-1],[-19,0],[-38,-2],[-20,-2],[-19,-1],[-38,-3],[-19,-2],[-19,-3],[-20,-2],[-7,-1],[-7,-1],[-8,-1],[-8,-2],[-8,-1],[-9,-1],[-8,-1],[-8,-1],[-9,-1],[-8,-2],[-18,-2],[-18,-2],[-9,-1],[-18,-2],[-9,-1],[-9,-1],[-19,-2],[-10,0],[-9,-1],[-10,-1],[-10,-1],[-19,-2],[-10,0],[-10,-1],[-10,-1],[-9,0],[-10,-1],[-10,0],[-10,-1],[-9,0],[-10,-1],[-10,0],[-9,-1],[-10,0],[-10,0],[-10,-1],[-9,0],[-10,0],[-9,0],[-10,-1],[-19,0],[-9,1],[-18,0],[-9,0],[-18,0],[-9,1],[-9,0],[-9,0],[-8,1],[-9,0],[-8,1],[-9,0],[-8,1],[-7,1],[-9,0],[-7,1],[-81,8],[-80,6],[-78,5],[-79,5],[-77,3],[-76,3],[-75,2],[-74,2],[-74,0],[-73,1],[-72,-1],[-71,-1],[-70,-2],[-70,-2],[-69,-2],[-68,-3],[-68,-4],[-67,-3],[-66,-4],[-66,-4],[-65,-4],[-64,-5],[-65,-4],[-63,-5],[-63,-4],[-63,-5],[-61,-5],[-62,-5],[-61,-4],[-60,-4],[-61,-4],[-59,-3],[-60,-3],[-59,-3],[-59,-3],[-58,-2],[-59,-1],[-58,-1],[-58,-1],[-57,0],[-58,1],[-57,1],[-57,2],[-57,3],[-57,4],[-57,5],[-57,5],[-56,7],[-57,8],[-57,8],[-56,10],[-57,10],[-57,12],[-56,13],[-57,14],[-57,15],[-57,17],[-57,18],[-57,20],[-58,21],[-58,22],[-58,24],[-58,25],[-59,27],[-47,23],[-45,24],[-46,25],[-44,26],[-44,27],[-43,28],[-43,29],[-42,29],[-41,31],[-41,32],[-40,32],[-39,34],[-40,34],[-39,35],[-38,36],[-38,36],[-38,38],[-37,38],[-37,38],[-37,40],[-36,39],[-37,41],[-36,42],[-36,42],[-36,42],[-35,43],[-36,44],[-36,44],[-36,45],[-71,91],[-71,93],[-37,48],[-36,47],[-36,48],[-37,48],[-37,49],[-37,48],[-37,50],[-76,99],[-39,50],[-39,51],[-39,50],[-40,51],[-41,50],[-41,52],[-41,51],[-42,51],[-43,52],[-44,51],[-44,52],[-91,103],[-46,52],[-47,51],[-48,52],[-49,51],[-50,52],[-51,51],[-51,51],[-53,52],[-53,51],[-75,67],[-75,65],[-76,63],[-78,61],[-78,58],[-81,57],[-80,54],[-82,52],[-83,50],[-84,48],[-85,46],[-86,44],[-87,43],[-87,40],[-89,39],[-89,37],[-91,35],[-90,34],[-91,32],[-93,31],[-92,29],[-93,28],[-94,26],[-94,25],[-95,24],[-95,22],[-96,22],[-96,20],[-96,19],[-97,17],[-97,17],[-97,16],[-98,15],[-98,13],[-98,13],[-98,13],[-98,11],[-98,11],[-98,10],[-98,10],[-99,9],[-98,8],[-98,8],[-98,7],[-98,7],[-98,7],[-97,6],[-97,6],[-97,6],[-96,6],[-96,5],[-96,5],[-96,5],[-95,6],[-188,11],[-93,6],[-92,6],[-93,6],[-91,6],[-91,7],[-90,7],[-89,7],[-89,8],[-27,2],[-29,2],[-31,2],[-31,2],[-34,1],[-34,1],[-36,0],[-37,1],[-39,0],[-40,0],[-41,1],[-176,0],[-47,-1],[-48,0],[-99,0],[-50,0],[-52,1],[-52,0],[-54,1],[-54,1],[-54,1],[-57,1],[-56,1],[-57,2],[-58,2],[-59,3],[-58,3],[-60,3],[-60,3],[-61,4],[-61,5],[-61,5],[-62,5],[-62,6],[-126,14],[-63,8],[-63,8],[-64,9],[-64,10],[-63,10],[-64,11],[-64,12],[-64,12],[-65,14],[-63,14],[-64,15],[-64,16],[-64,16],[-63,18],[-64,18],[-63,20],[-63,20],[-63,22],[-62,22],[-62,24],[-62,24],[-61,26],[-61,27],[-61,28],[-28,14],[-28,14],[-27,15],[-28,15],[-27,16],[-27,16],[-27,17],[-27,17],[-27,17],[-27,18],[-27,18],[-26,19],[-26,19],[-26,19],[-26,20],[-26,20],[-26,20],[-25,20],[-26,21],[-26,21],[-25,20],[-25,22],[-26,21],[-25,21],[-25,22],[-25,22],[-25,21],[-26,22],[-25,21],[-25,22],[-25,21],[-25,22],[-24,21],[-51,43],[-25,21],[-25,21],[-25,20],[-51,41],[-25,20],[-26,20],[-25,19],[-26,20],[-25,19],[-26,19],[-26,18],[-26,18],[-26,17],[-26,18],[-26,16],[-26,16],[-27,16],[-27,15],[-26,15],[-28,14],[-27,13],[-27,13],[-27,13],[-28,11],[-28,11],[-28,11],[-28,10],[-28,9],[-52,15],[-51,14],[-52,13],[-51,12],[-50,11],[-51,10],[-51,9],[-50,9],[-50,7],[-50,7],[-50,6],[-49,5],[-50,5],[-48,3],[-49,3],[-49,3],[-48,2],[-48,1],[-48,1],[-47,0],[-47,0],[-47,-1],[-47,0],[-47,-2],[-46,-1],[-46,-2],[-91,-5],[-46,-3],[-45,-3],[-45,-4],[-44,-3],[-45,-3],[-87,-7],[-87,-7],[-43,-4],[-43,-3],[-42,-4],[-42,-3],[-83,-7],[-41,-2],[-41,-3],[-40,-2],[-40,-2],[-40,-1],[-40,-1],[-40,-1],[-38,0],[-39,0],[-38,0],[-38,1],[-38,2],[-37,2],[-37,3],[-37,3],[-37,4],[-36,5],[-36,6],[-35,6],[-35,7],[-35,8],[-49,12],[-49,13],[-47,14],[-48,14],[-48,15],[-47,15],[-47,16],[-46,17],[-47,17],[-46,18],[-45,19],[-46,19],[-45,20],[-44,20],[-45,21],[-44,21],[-44,22],[-44,22],[-43,23],[-44,23],[-43,24],[-43,24],[-42,24],[-43,25],[-42,25],[-42,26],[-42,26],[-42,26],[-41,27],[-42,27],[-41,27],[-41,27],[-41,28],[-41,28],[-41,29],[-41,28],[-40,29],[-41,29],[-40,29],[-41,30],[-40,29],[-40,30],[-40,30],[-41,30],[-39,29],[-41,31],[-39,30],[-40,30],[-40,31],[-40,31],[-40,30],[-40,31],[-40,30],[-40,31],[-40,30],[-80,61],[-40,30],[-40,30],[-40,30],[-41,30],[-40,30],[-41,30],[-40,29],[-36,26],[-37,26],[-36,24],[-36,25],[-36,24],[-35,23],[-36,23],[-35,22],[-36,22],[-34,21],[-35,21],[-35,20],[-35,20],[-34,19],[-34,19],[-35,19],[-34,18],[-34,17],[-34,17],[-34,17],[-34,16],[-34,15],[-34,16],[-33,15],[-34,14],[-33,14],[-34,14],[-33,13],[-34,13],[-34,13],[-33,12],[-34,12],[-33,11],[-34,11],[-33,11],[-34,10],[-33,10],[-34,10],[-34,9],[-67,18],[-34,8],[-34,8],[-34,8],[-34,7],[-34,7],[-34,7],[-34,7],[-69,12],[-35,6],[-35,5],[-35,5],[-34,5],[-36,5],[-70,9],[-36,4],[-36,4],[-35,4],[-36,3],[-73,7],[-37,2],[-8,1],[-15,2],[-7,1],[-15,3],[-7,1],[-14,4],[-7,3],[-7,2],[-7,3],[-7,3],[-7,2],[-6,4],[-7,3],[-13,7],[-6,4],[-13,8],[-6,4],[-11,9],[-6,4],[-6,5],[-6,5],[-5,5],[-6,5],[-4,5],[-6,6],[-10,11],[-5,6],[-4,5],[-5,6],[-4,6],[-4,7],[-5,6],[-8,13],[-3,6],[-4,7],[-4,7],[-6,14],[-3,7],[-5,14],[-7,23],[-6,23],[-3,16],[-3,24],[-1,16],[-1,16],[-1,398],[-1,400],[-1,399],[-5,2393],[-1,399],[-1,400],[-2,797],[-1,400],[-2,798],[-1,398],[-4,1995],[-1,399],[-1,399],[-1,399],[-1,400],[-4,1994],[-1,399],[-2,798],[-1,399],[-2,798],[-1,399],[-1,399],[0,399],[-6,2394],[-1,399],[-2,798],[0,399],[-3,1197],[-1,399],[-4,1596],[-1,399],[-1,798],[-1,399],[-1,399],[-2,399],[0,8],[0,8],[-1,16],[-3,24],[-2,8],[-2,8],[-5,22],[-2,8],[-3,7],[-2,7],[-5,14],[-7,14],[-3,7],[-11,19],[-3,7],[-4,6],[-4,6],[-5,6],[-4,6],[-5,6],[-9,11],[-5,5],[-5,5],[-5,6],[-5,5],[-6,4],[-5,5],[-6,5],[-6,5],[-5,4],[-6,4],[-6,4],[-6,4],[-6,4],[-19,10],[-7,3],[-7,3],[-7,3],[-20,8],[-7,2],[-7,2],[-15,4],[-7,1],[-7,1],[-15,2],[-8,1],[-15,1],[-447,6],[-893,12],[-447,6],[-446,6],[-447,7],[-447,6],[-893,12],[-893,13],[-894,12],[-893,12],[-893,13],[-1787,24],[-893,13],[-894,12],[-446,7],[-447,6],[-447,6],[-446,6],[-894,12],[-446,7],[-447,6],[-447,6],[-446,6],[-894,12],[-447,7],[-446,7],[-447,6],[-447,6],[-446,6],[-447,7],[-1340,18],[-447,6],[-446,6],[-447,7],[-893,12],[-447,6],[-447,6],[-446,6],[-447,7],[-893,12],[-447,6],[-447,7],[-446,6],[-1340,18],[-447,6]],[[5091,223010],[-19,80],[-20,80],[-19,81],[-20,80],[-19,81],[-20,81],[-20,81],[-20,80],[-20,81],[-20,80],[-20,82],[-21,80],[-20,81],[-21,81],[-21,80],[-20,81],[-21,81],[-22,81],[-21,80],[-21,81],[-22,81],[-21,80],[-22,82],[-22,80],[-22,81],[-22,81],[-22,80],[-23,81],[-22,81],[-23,80],[-23,81],[-23,80],[-23,81],[-24,80],[-23,81],[-24,80],[-24,81],[-24,80],[-24,80],[-24,80],[-25,80],[-25,81],[-25,80],[-25,79],[-25,80],[-26,80],[-25,80],[-26,80],[-53,159],[-26,79],[-27,80],[-27,79],[-27,80],[-27,79],[-27,79],[-28,79],[-28,79],[-28,78],[-29,80],[-28,78],[-29,79],[-29,78],[-29,79],[-76,207],[-72,206],[-69,205],[-65,204],[-62,202],[-58,201],[-56,200],[-51,198],[-49,198],[-45,197],[-43,196],[-39,195],[-36,194],[-33,194],[-30,192],[-28,192],[-24,191],[-22,190],[-19,191],[-17,189],[-13,189],[-12,188],[-8,188],[-7,187],[-3,187],[-2,187],[1,186],[3,186],[6,187],[7,185],[10,186],[12,186],[14,186],[16,186],[17,186],[20,186],[21,186],[23,186],[25,187],[27,187],[28,187],[30,187],[32,188],[32,188],[35,189],[35,190],[37,189],[39,191],[39,191],[41,193],[41,192],[43,194],[44,194],[45,195],[46,197],[47,197],[47,198],[48,199],[50,200],[49,202],[51,202],[51,204],[51,205],[52,206],[47,185],[47,183],[48,183],[49,183],[50,182],[51,182],[51,181],[51,181],[52,181],[52,180],[53,180],[53,180],[106,358],[53,179],[107,358],[53,178],[53,179],[54,179],[52,178],[53,179],[52,178],[52,179],[51,179],[51,180],[50,179],[50,179],[49,181],[48,180],[47,181],[46,180],[46,181],[44,182],[44,182],[42,183],[41,183],[40,184],[39,184],[37,185],[36,186],[35,186],[33,187],[32,188],[30,189],[28,189],[26,190],[25,191],[23,192],[21,193],[19,194],[17,195],[15,196],[13,197],[10,198],[9,199],[6,201],[4,202],[1,202],[-1,205],[-4,205],[-6,207],[-9,208],[-12,209],[-1,19],[-1,18],[-1,19],[-1,19],[-1,18],[-1,18],[-1,18],[0,18],[-1,17],[-1,18],[0,17],[-1,17],[0,17],[-1,16],[0,17],[0,16],[-1,16],[0,16],[0,15],[0,15],[0,16],[0,29],[0,15],[0,28],[1,14],[0,14],[0,13],[0,13],[1,13],[0,13],[1,13],[1,13],[0,12],[1,12],[0,12],[1,12],[1,11],[0,11],[2,22],[1,11],[1,10],[1,10],[1,10],[1,9],[2,19],[3,17],[2,17],[1,8],[2,8],[3,15],[1,7],[2,7],[1,7],[3,13],[2,6],[1,6],[23,84],[21,85],[21,86],[20,86],[18,86],[18,86],[17,87],[17,87],[15,87],[14,88],[14,87],[13,88],[12,88],[12,88],[10,88],[11,89],[9,88],[9,89],[8,89],[8,89],[7,89],[7,89],[6,89],[5,90],[6,89],[4,90],[5,90],[3,89],[4,90],[3,90],[3,90],[3,90],[2,89],[2,90],[2,90],[2,90],[2,90],[1,90],[2,89],[1,90],[1,89],[2,179],[2,178],[2,90],[1,89],[1,89],[2,88],[1,89],[2,88],[4,177],[3,88],[3,87],[3,87],[3,87],[4,87],[4,88],[4,86],[5,86],[5,86],[6,86],[6,85],[9,114],[9,113],[10,114],[10,115],[10,115],[11,115],[12,116],[12,117],[12,117],[12,118],[13,118],[13,118],[14,119],[14,120],[14,120],[15,121],[15,121],[15,122],[15,122],[16,122],[16,122],[16,124],[17,124],[16,124],[17,124],[17,125],[18,126],[17,125],[18,126],[17,128],[18,127],[18,127],[18,129],[19,128],[18,128],[18,129],[19,130],[19,130],[18,130],[19,130],[18,132],[19,131],[19,131],[37,265],[19,132],[19,133],[18,133],[19,134],[19,134],[18,134],[18,135],[19,135],[18,135],[18,135],[18,136],[18,136],[17,136],[17,137],[18,137],[17,136],[16,138],[17,137],[17,138],[19,167],[19,168],[18,166],[17,167],[17,167],[16,165],[15,166],[15,166],[14,165],[13,164],[13,165],[12,164],[12,164],[10,165],[11,163],[9,163],[9,163],[8,163],[8,162],[7,163],[7,162],[6,161],[5,162],[5,161],[4,161],[3,161],[4,160],[2,161],[2,160],[2,160],[1,159],[0,159],[0,160],[-1,158],[-1,159],[-2,158],[-2,158],[-3,158],[-3,158],[-4,158],[-4,157],[-5,157],[-5,157],[-6,156],[-6,157],[-6,156],[-7,156],[-8,156],[-8,155],[-8,156],[-9,155],[-9,155],[-10,154],[-10,155],[-10,154],[-11,154],[-11,154],[-12,154],[-12,154],[-25,306],[-14,153],[-13,153],[-14,153],[-3,37],[-13,152],[-6,77],[-3,39],[-3,38],[-9,115],[-3,39],[-5,77],[-3,39],[-3,38],[-3,39],[-2,38],[-3,38],[-2,38],[-3,38],[-3,38],[-2,37],[-2,38],[-5,74],[-3,37],[-2,37],[-2,37],[-2,36],[-5,72],[-1,35],[-2,35],[-2,35],[-2,34],[-4,68],[-1,34],[-2,33],[-1,33],[-2,33],[-1,32],[-2,31],[-1,31],[-1,31],[-1,30],[-1,29],[-1,29],[-1,29],[-1,28],[-1,28],[-1,27],[0,26],[-1,27],[0,25],[-1,25],[0,24],[0,24],[0,23],[0,22],[0,21],[0,21],[1,117],[0,117],[1,117],[0,116],[1,116],[1,115],[1,231],[2,114],[1,114],[1,114],[2,113],[2,113],[2,113],[3,112],[3,112],[3,111],[4,111],[5,110],[5,110],[6,110],[6,108],[7,109],[8,108],[8,108],[9,108],[10,106],[11,106],[11,106],[13,106],[13,104],[14,104],[15,104],[17,103],[17,103],[19,102],[20,101],[21,101],[22,101],[23,99],[25,99],[26,99],[27,98],[29,98],[30,96],[32,96],[33,96],[35,94],[36,94],[37,94],[40,93],[41,92],[43,92],[44,90],[47,91],[48,90],[50,89],[52,88],[54,87],[55,87],[58,86],[60,85],[62,84],[64,84],[5,6],[4,6],[5,6],[6,7],[10,13],[6,6],[12,13],[6,6],[6,7],[6,6],[13,13],[7,6],[14,13],[7,7],[7,6],[14,13],[8,6],[7,6],[8,7],[7,7],[8,6],[8,6],[7,6],[8,7],[16,12],[8,5],[8,6],[16,12],[16,11],[8,5],[16,11],[9,6],[8,5],[8,5],[16,10],[8,5],[8,5],[16,9],[8,5],[16,9],[24,12],[15,7],[8,3],[7,4],[15,7],[15,6],[7,2],[117,42],[115,36],[116,31],[114,27],[114,23],[112,17],[113,14],[111,9],[111,5],[111,1],[110,-2],[109,-7],[108,-10],[108,-13],[108,-17],[107,-21],[107,-23],[106,-27],[105,-29],[106,-32],[105,-35],[104,-37],[104,-39],[104,-42],[103,-45],[103,-46],[103,-49],[102,-49],[102,-52],[102,-53],[102,-55],[101,-56],[101,-57],[101,-58],[101,-60],[100,-60],[101,-61],[100,-61],[100,-62],[101,-62],[200,-125],[100,-63],[100,-62],[100,-62],[100,-62],[100,-61],[100,-61],[101,-60],[100,-59],[100,-59],[101,-57],[101,-56],[100,-54],[101,-53],[102,-52],[101,-49],[102,-48],[102,-46],[102,-44],[102,-43],[103,-39],[104,-37],[103,-35],[3,-1],[4,-1],[3,-1],[8,-2],[7,-2],[8,-2],[7,-1],[4,-1],[15,-2],[4,0],[4,0],[4,-1],[8,0],[4,0],[15,0],[4,0],[16,0],[8,1],[4,0],[4,1],[8,1],[4,0],[4,1],[4,1],[4,0],[3,1],[5,1],[7,2],[4,1],[19,5],[4,1],[4,1],[4,2],[4,1],[7,3],[8,3],[7,3],[3,2],[4,1],[3,2]],[[16323,284007],[1,-1],[2,-6],[1,-2],[0,-2],[1,-3],[1,-2],[1,-1],[0,-3],[2,-3],[1,-3],[1,-3],[1,-3],[1,-2],[0,-2],[1,-3],[1,-2],[1,-1],[0,-3],[2,-3],[1,-3],[1,-3],[1,-3],[1,-2],[0,-2],[1,-3],[1,-2],[1,-1],[1,-3],[1,-3],[1,-3],[0,-2],[1,-2],[1,-3],[1,-2],[0,-1],[1,-3],[2,-3],[1,-5],[0,-2],[1,-1],[2,-70],[2,-69],[2,-69],[3,-69],[2,-70],[3,-69],[4,-70],[3,-69],[3,-69],[4,-70],[4,-69],[4,-70],[4,-69],[9,-139],[9,-138],[4,-69],[5,-70],[10,-138],[5,-70],[4,-69],[5,-69],[5,-69],[5,-70],[5,-70],[5,-69],[5,-69],[5,-69],[4,-69],[5,-69],[5,-70],[4,-69],[5,-69],[4,-70],[5,-69],[8,-138],[8,-140],[3,-69],[4,-69],[3,-69],[6,-138],[2,-69],[3,-70],[2,-69],[2,-69],[1,-69],[2,-69],[1,-69],[1,-69],[1,-70],[0,-69],[0,-70],[-1,-69],[0,-69],[-1,-69],[-2,-69],[-1,-69],[-5,-138],[0,-8],[0,-9],[0,-17],[1,-17],[1,-8],[1,-9],[0,-8],[2,-9],[2,-17],[2,-9],[1,-9],[2,-8],[2,-9],[2,-9],[2,-9],[2,-8],[2,-9],[3,-9],[2,-8],[3,-9],[6,-17],[3,-9],[3,-8],[3,-9],[7,-17],[7,-17],[4,-8],[4,-8],[4,-9],[4,-8],[4,-8],[5,-8],[4,-8],[4,-8],[5,-7],[14,-23],[10,-14],[5,-7],[5,-7],[6,-7],[10,-13],[6,-6],[5,-6],[6,-6],[6,-6],[11,-12],[12,-11],[6,-5],[6,-5],[6,-4],[6,-5],[7,-5],[229,-151],[231,-142],[232,-132],[233,-121],[234,-113],[236,-103],[236,-95],[238,-86],[238,-77],[240,-70],[240,-62],[241,-54],[242,-47],[243,-40],[244,-34],[245,-27],[245,-20],[246,-15],[247,-10],[248,-4],[247,1],[249,6],[250,11],[249,14],[251,19],[251,22],[251,26],[252,30],[252,32],[252,34],[253,37],[253,39],[254,41],[254,43],[254,44],[254,44],[254,46],[254,46],[255,46],[254,47],[255,46],[255,45],[254,44],[254,44],[255,42],[254,40],[254,39],[254,36],[254,33],[254,31],[253,28],[253,25],[253,21],[252,18],[252,13],[252,9],[251,4],[250,-1],[251,-6],[249,-11],[249,-17],[248,-23],[248,-30],[247,-35],[15,-2],[8,-1],[8,-1],[8,-1],[8,0],[8,-1],[8,0],[8,0],[9,-1],[8,0],[18,0],[8,0],[9,1],[9,0],[9,0],[9,1],[9,0],[9,1],[9,1],[9,0],[10,1],[9,1],[9,1],[9,2],[19,2],[9,1],[19,3],[18,3],[9,2],[10,2],[9,2],[9,1],[9,2],[10,3],[18,4],[18,5],[9,2],[26,7],[9,3],[8,2],[9,3],[8,3],[8,2],[8,3],[17,6],[8,3],[8,3],[7,3],[23,9],[7,4],[7,3],[7,3],[161,80],[161,75],[162,68],[161,64],[162,59],[162,53],[162,49],[163,45],[162,40],[163,35],[163,31],[163,28],[163,24],[163,20],[163,17],[164,14],[164,10],[163,8],[164,5],[164,2],[164,0],[165,-2],[164,-4],[165,-6],[164,-8],[165,-10],[165,-10],[165,-12],[165,-13],[165,-14],[165,-15],[166,-15],[165,-15],[166,-16],[165,-15],[166,-16],[166,-15],[166,-15],[165,-14],[166,-13],[166,-12],[166,-12],[167,-10],[166,-8],[166,-6],[166,-5],[167,-2],[166,0],[166,2],[167,4],[167,8],[166,10],[167,13],[166,17],[167,19],[166,23],[167,27],[167,31],[166,35],[167,39],[167,44],[166,48],[167,53],[167,58],[43,16],[44,17],[43,18],[43,17],[43,19],[43,19],[43,19],[42,20],[42,20],[42,20],[42,21],[42,21],[42,22],[41,22],[42,22],[83,45],[42,23],[41,23],[42,23],[41,24],[42,24],[41,23],[42,25],[41,24],[42,24],[42,25],[42,25],[42,25],[42,24],[43,25],[42,25],[43,25],[43,24],[44,25],[43,25],[44,25],[44,24],[44,25],[44,25],[45,24],[45,24],[46,25],[46,23],[46,24],[46,23],[47,24],[48,23],[47,23],[49,23],[48,22],[49,22],[50,22],[50,21],[51,21],[51,21],[51,21],[53,20],[52,19],[54,19],[53,19],[55,18],[55,18],[56,17],[76,23],[76,21],[77,20],[77,19],[77,18],[77,17],[77,16],[78,15],[77,14],[78,14],[78,12],[77,11],[78,11],[79,10],[78,9],[78,9],[78,8],[157,14],[79,6],[78,5],[79,5],[79,5],[79,4],[79,4],[78,4],[80,3],[78,3],[79,3],[79,2],[80,3],[79,2],[79,2],[79,2],[79,2],[79,2],[79,3],[79,2],[79,2],[79,3],[79,3],[79,2],[158,7],[79,4],[78,4],[79,5],[79,5],[78,5],[79,6],[78,7],[79,7],[78,7],[78,9],[78,9],[78,9],[77,11],[78,11],[78,12],[77,13],[78,14],[77,14],[77,16],[77,17],[111,26],[110,27],[109,27],[108,29],[107,29],[106,30],[105,31],[104,31],[103,32],[102,32],[101,32],[101,34],[99,33],[99,34],[98,35],[98,34],[97,35],[96,35],[95,36],[95,36],[95,36],[93,35],[94,36],[93,36],[92,36],[92,35],[92,36],[91,35],[91,35],[91,35],[90,35],[90,35],[90,34],[90,34],[90,33],[89,33],[90,33],[89,32],[90,31],[89,31],[89,30],[90,30],[90,29],[89,28],[90,27],[91,27],[90,26],[90,24],[91,24],[91,23],[92,22],[92,21],[92,20],[93,19],[93,17],[94,16],[94,15],[95,14],[95,13],[96,11],[96,10],[98,8],[98,7],[98,5],[180,8],[179,8],[181,6],[181,6],[181,5],[182,5],[182,4],[183,4],[184,3],[183,2],[185,2],[185,1],[185,0],[186,0],[186,0],[186,-1],[187,-1],[188,-2],[188,-2],[188,-3],[189,-3],[189,-3],[189,-4],[190,-4],[190,-4],[190,-4],[191,-5],[191,-5],[191,-5],[191,-6],[192,-5],[193,-6],[192,-5],[193,-7],[386,-12],[193,-6],[194,-6],[194,-7],[193,-6],[195,-6],[194,-6],[194,-7],[390,-12],[195,-5],[195,-6],[196,-6],[195,-5],[391,-10],[196,-5],[196,-5],[196,-4],[195,-4],[196,-3],[196,-3],[196,-3],[196,-3],[196,-2],[196,-1],[392,-2],[196,-1],[61,1],[60,0],[61,1],[60,0],[60,1],[120,2],[61,2],[60,1],[60,2],[60,2],[59,2],[60,2],[60,2],[60,2],[59,3],[59,2],[60,3],[60,3],[59,2],[59,3],[60,3],[59,4],[59,3],[59,3],[119,7],[59,3],[59,3],[118,7],[118,7],[59,4],[176,10],[236,14],[58,4],[59,3],[58,3],[59,4],[58,3],[59,3],[59,3],[58,3],[58,3],[59,2],[58,3],[59,2],[117,5],[116,4],[59,2],[116,4],[59,2],[58,1],[58,1],[59,1],[25,1],[25,0],[26,0],[27,1],[138,0],[28,-1],[29,0],[119,0],[30,-1],[31,0],[188,0],[32,0],[32,0],[33,1],[65,0],[32,0],[33,1],[33,1],[33,0],[66,2],[33,1],[33,2],[33,1],[33,1],[33,1],[34,2],[66,4],[32,2],[33,3],[66,5],[33,3],[32,3],[32,3],[64,7],[32,4],[32,4],[31,4],[31,4],[31,5],[62,10],[30,6],[30,6],[30,6],[29,6],[29,7],[29,6]],[[442719,188896],[-662,4],[-166,1],[-331,2],[-165,1],[-166,0],[-496,3],[-165,1],[-993,6],[-166,1],[-496,3],[-166,1],[-165,0],[-496,3],[-166,1],[-993,6],[-165,1],[-497,3],[-165,1],[-166,0],[-330,2],[-166,1],[-1158,7],[-166,1],[-496,3],[-166,1],[-165,0],[-331,2],[-165,1],[-662,4],[0,236],[-1,237],[0,237],[0,472],[-1,237],[0,237],[0,472],[-1,474],[0,946],[0,236],[-1,236],[0,946],[0,237],[-1,237],[0,472],[0,237],[-1,237],[0,472],[0,237],[-1,237],[0,472],[0,237],[-1,237],[0,472],[0,237],[0,237],[0,472],[-1,473],[0,946],[-1,237],[0,236],[0,946],[-1,237],[0,236],[0,473],[-1,237],[0,236],[0,473],[0,237],[-1,236],[0,237]],[[432098,223418],[47,19],[24,10],[23,10],[24,9],[24,10],[23,10],[24,10],[24,10],[23,10],[24,10],[24,10],[23,10],[24,10],[23,11],[24,10],[23,11],[24,10],[23,11],[24,10],[23,11],[24,11],[23,10],[24,11],[24,11],[23,11],[23,11],[24,12],[23,11],[23,12],[24,11],[47,23],[23,12],[23,12],[24,12],[23,12],[23,13],[24,13],[23,12],[24,13],[23,12],[23,13],[24,13],[23,13],[23,13],[24,13],[24,14],[23,13],[24,14],[23,14],[23,14],[24,14],[23,14],[23,14],[24,15],[23,14],[24,15],[23,15],[23,15],[24,15],[23,15],[24,16],[23,15],[83,55],[83,55],[83,54],[83,54],[84,53],[84,54],[84,53],[85,52],[84,53],[85,52],[85,51],[86,53],[85,51],[86,51],[87,50],[86,51],[86,50],[87,50],[87,49],[88,49],[87,49],[88,49],[87,49],[88,48],[89,47],[88,48],[89,47],[88,47],[90,47],[89,46],[89,46],[89,46],[89,46],[90,46],[90,45],[89,44],[91,45],[90,44],[90,43],[90,44],[91,43],[91,43],[90,43],[91,42],[90,42],[92,42],[91,42],[91,41],[91,41],[92,40],[91,41],[91,40],[92,39],[183,79],[91,39],[184,77],[92,38],[92,38],[91,37],[92,37],[92,37],[92,36]],[[523675,215147],[-14,-8],[-27,-19],[-13,-10],[-14,-10],[-13,-10],[-13,-10],[-13,-10],[-13,-10],[-12,-11],[-12,-10],[-13,-11],[-11,-11],[-12,-11],[-12,-11],[-11,-11],[-23,-23],[-11,-12],[-22,-24],[-22,-24],[-20,-25],[-21,-24],[-31,-37],[-10,-13],[-10,-13],[-10,-12],[-10,-13],[-10,-13],[-10,-12],[-10,-13],[-10,-13],[-10,-13],[-10,-12],[-10,-13],[-10,-13],[-10,-13],[-10,-13],[-9,-13],[-10,-12],[-10,-13],[-10,-13],[-10,-12],[-10,-13],[-11,-12],[-10,-13],[-21,-25],[-10,-12],[-22,-25],[-10,-12],[-11,-12],[-11,-12],[-11,-12],[-11,-11],[-11,-12],[-12,-12],[-8,-8],[-15,-15],[-8,-7],[-9,-8],[-8,-7],[-8,-8],[-8,-7],[-8,-8],[-8,-7],[-8,-7],[-9,-7],[-8,-7],[-9,-7],[-8,-7],[-17,-14],[-9,-7],[-8,-6],[-9,-7],[-8,-7],[-9,-6],[-9,-7],[-9,-6],[-9,-6],[-8,-6],[-9,-6],[-18,-12],[-27,-17],[-10,-5],[-9,-5],[-9,-5],[-10,-5],[-9,-5],[-9,-5],[-29,-14],[-9,-4],[-10,-4],[-10,-4],[-9,-4],[-10,-3],[-20,-7],[-10,-3],[-20,-6],[-20,-5],[-10,-3],[-10,-2],[-10,-2],[-10,-2],[-11,-1],[-10,-2],[-21,-2],[-11,-1],[-11,0],[-10,-1],[-5,0],[-6,0],[-7,1],[-6,0],[-16,1],[-8,0],[-8,1],[-10,1],[-9,2],[-10,1],[-10,1],[-11,2],[-11,2],[-11,2],[-12,2],[-11,2],[-12,2],[-13,3],[-12,3],[-13,3],[-12,2],[-13,3],[-40,10],[-39,11],[-14,4],[-13,4],[-13,4],[-13,4],[-13,4],[-13,4],[-26,9],[-12,5],[-12,5],[-12,5],[-12,5],[-12,5],[-11,5],[-11,5],[-11,5],[-10,6],[-10,5],[-10,6],[-9,5],[-9,6],[-9,6],[-7,5],[-8,6],[-7,6],[-7,6],[-11,12],[-4,6],[-5,7],[-4,6],[-3,6],[-2,6],[-1,7],[-1,6],[-4,30],[-3,31],[-5,32],[-4,34],[-5,35],[-5,35],[-6,36],[-7,38],[-6,38],[-8,39],[-7,39],[-8,40],[-9,41],[-10,41],[-9,41],[-10,42],[-11,43],[-11,42],[-12,43],[-12,42],[-13,43],[-13,42],[-13,43],[-15,42],[-15,42],[-15,42],[-16,41],[-17,41],[-17,40],[-18,40],[-18,38],[-19,39],[-20,37],[-20,37],[-21,35],[-20,35],[-23,33],[-22,33],[-23,31],[-24,30],[-24,28],[-26,27],[-25,26],[-27,25],[-27,22],[-28,21],[-28,19],[-29,17],[-30,15],[-30,14],[-31,11],[-33,10],[-32,7],[-34,5],[-33,3],[-35,0],[-36,-2],[-36,-4],[-37,-7],[-38,-10],[-39,-12],[-39,-15],[-41,-18],[-40,-21],[-22,-12],[-21,-12],[-22,-11],[-21,-12],[-21,-12],[-20,-12],[-21,-13],[-21,-12],[-20,-13],[-40,-25],[-20,-12],[-19,-13],[-20,-14],[-19,-13],[-19,-13],[-18,-14],[-19,-14],[-18,-14],[-19,-14],[-17,-14],[-18,-14],[-17,-15],[-33,-30],[-17,-15],[-16,-16],[-16,-15],[-16,-16],[-15,-16],[-15,-16],[-15,-17],[-14,-17],[-14,-17],[-14,-17],[-13,-18],[-14,-18],[-12,-18],[-25,-37],[-11,-19],[-11,-19],[-11,-20],[-10,-19],[-10,-20],[-10,-21],[-9,-20],[-9,-21],[-9,-21],[-8,-22],[-7,-22],[-8,-22],[-6,-23],[-7,-23],[-6,-23],[-5,-24],[-5,-24],[-5,-24],[-4,-25],[-3,-25],[-3,-25],[-3,-27],[-1,-26],[-2,-26],[-2,-27],[-1,-26],[-1,-27],[-2,-52],[-1,-26],[-1,-27],[-2,-52],[-2,-53],[-1,-52],[-1,-26],[-1,-27],[-2,-52],[0,-53],[-2,-52],[-1,-27],[0,-26],[-1,-26],[-1,-26],[0,-26],[-1,-26],[-1,-26],[-1,-26],[0,-27],[-1,-26],[-1,-52],[-2,-53],[-1,-27],[-1,-26],[-2,-52],[-1,-26],[-1,-26],[-1,-26],[-1,-27],[-1,-26],[-1,-26],[-2,-26],[-1,-27],[-1,-26],[-2,-26],[-3,-53],[-3,-52],[-2,-26],[-2,-27],[-4,-52],[-9,-106],[-2,-26],[-3,-27],[-2,-26],[-1,-8],[-2,-16],[-2,-9],[-2,-8],[-1,-9],[-2,-8],[-4,-17],[-2,-9],[-2,-9],[-3,-9],[-2,-8],[-3,-9],[-2,-9],[-6,-19],[-6,-18],[-3,-9],[-3,-9],[-7,-19],[-3,-9],[-8,-18],[-4,-10],[-3,-9],[-4,-10],[-4,-9],[-4,-9],[-5,-8],[-4,-9],[-4,-9],[-4,-9],[-5,-9],[-4,-9],[-5,-8],[-5,-9],[-9,-17],[-5,-8],[-15,-24],[-11,-16],[-10,-15],[-10,-15],[-11,-14],[-6,-7],[-6,-7],[-5,-7],[-12,-12],[-11,-12],[-6,-6],[-12,-11],[-6,-5],[-16,-14],[-17,-13],[-16,-14],[-17,-14],[-17,-13],[-17,-14],[-17,-13],[-37,-27],[-18,-13],[-18,-13],[-18,-13],[-37,-26],[-19,-13],[-38,-25],[-18,-12],[-20,-13],[-19,-12],[-19,-12],[-20,-12],[-19,-12],[-20,-12],[-20,-11],[-19,-12],[-40,-23],[-20,-11],[-20,-11],[-20,-11],[-20,-11],[-20,-11],[-20,-10],[-20,-11],[-20,-10],[-20,-10],[-40,-20],[-20,-10],[-20,-9],[-20,-10],[-19,-9],[-20,-10],[-20,-9],[-19,-9],[-20,-8],[-19,-9],[-20,-9],[-19,-8],[-57,-24],[-18,-8],[-19,-8],[-18,-7],[-54,-21],[-18,-7],[-18,-6],[-17,-7],[-18,-6],[-17,-6],[-25,-9],[-27,-9],[-26,-8],[-27,-9],[-28,-8],[-27,-8],[-28,-7],[-27,-8],[-28,-7],[-29,-7],[-28,-6],[-29,-7],[-28,-6],[-29,-6],[-30,-5],[-29,-6],[-29,-5],[-29,-5],[-30,-5],[-60,-9],[-30,-4],[-30,-4],[-30,-4],[-31,-4],[-61,-7],[-30,-3],[-31,-3],[-30,-3],[-31,-3],[-31,-2],[-31,-3],[-30,-2],[-93,-6],[-30,-1],[-31,-2],[-30,-1],[-31,-1],[-30,-2],[-31,-1],[-30,-1],[-31,-1],[-30,0],[-30,-1],[-31,-1],[-29,0],[-30,0],[-30,-1],[-233,0],[-29,1],[-56,1],[-27,0],[-28,1],[-3,-1],[-20,0],[-3,1],[-7,0],[-3,0],[-26,0],[-3,1],[-3,0],[-4,0],[-16,0],[-3,1],[-4,0],[-3,0],[-16,0],[-4,1],[-3,0],[-3,0],[-30,0],[-3,1],[-4,0],[-48,0]],[[450114,109637],[-20,-14],[-11,-8],[-20,-14],[-10,-7],[-29,-21],[-10,-7],[-10,-8],[-20,-14],[-9,-7],[-38,-28],[-10,-8],[-19,-14],[-9,-7],[-10,-7],[-18,-14],[-9,-7],[-10,-8],[-18,-14],[-9,-7],[-9,-7],[-9,-7],[-18,-14],[-9,-7],[-19,-14],[-8,-7],[-9,-7],[-18,-14],[-8,-7],[-9,-8],[-9,-7],[-9,-7],[-8,-7],[-26,-21],[-9,-7],[-8,-8],[-17,-14],[-9,-7],[-8,-7],[-17,-14],[-8,-7],[-9,-8],[-17,-14],[-8,-7],[-16,-14],[-238,-211],[-233,-212],[-229,-216],[-224,-217],[-221,-221],[-217,-222],[-213,-225],[-210,-226],[-207,-228],[-203,-230],[-201,-231],[-198,-234],[-195,-234],[-193,-236],[-191,-237],[-190,-238],[-187,-239],[-186,-240],[-185,-240],[-184,-241],[-182,-242],[-182,-242],[-181,-242],[-181,-243],[-181,-242],[-180,-243],[-181,-242],[-182,-242],[-182,-242],[-182,-241],[-184,-240],[-185,-240],[-186,-239],[-188,-238],[-189,-237],[-192,-236],[-193,-234],[-196,-233],[-199,-232],[-200,-229],[-204,-229],[-207,-226],[-210,-225],[-214,-222],[-217,-220],[-221,-218],[-226,-216],[-229,-212],[-234,-210],[-238,-208],[-243,-204],[-248,-203],[-254,-198],[-258,-196],[-265,-192],[-270,-188],[-276,-186],[-282,-181],[-288,-178],[-295,-174],[-302,-170],[-309,-166],[-315,-162],[-323,-158],[-113,-55],[-110,-57],[-109,-60],[-108,-63],[-106,-64],[-105,-67],[-103,-68],[-101,-71],[-101,-73],[-99,-75],[-98,-77],[-97,-78],[-95,-80],[-94,-82],[-94,-84],[-91,-85],[-91,-87],[-90,-88],[-89,-90],[-89,-91],[-87,-92],[-87,-93],[-86,-95],[-84,-96],[-85,-97],[-84,-98],[-82,-98],[-83,-100],[-82,-101],[-81,-101],[-81,-101],[-81,-103],[-81,-103],[-80,-103],[-79,-104],[-80,-105],[-79,-105],[-79,-105],[-79,-105],[-79,-105],[-79,-106],[-79,-106],[-79,-105],[-79,-105],[-79,-105],[-80,-105],[-79,-105],[-80,-104],[-81,-104],[-80,-104],[-163,-205],[-82,-102],[-82,-101],[-83,-100],[-84,-100],[-84,-98],[-85,-98],[-86,-97],[-86,-95],[-88,-95],[-88,-93],[-89,-92],[-90,-91],[-5,-6],[-6,-5],[-12,-10],[-6,-4],[-6,-5],[-6,-4],[-7,-5],[-6,-4],[-7,-4],[-7,-4],[-7,-4],[-7,-4],[-7,-3],[-7,-4],[-14,-6],[-16,-6],[-14,-5],[-16,-5],[-15,-4],[-8,-1],[-15,-3],[-9,-1],[-7,-1],[-8,-1],[-8,-1],[-8,0],[-7,-1],[-24,0],[-8,1],[-8,0],[-7,1],[-16,2],[-7,1],[-8,1],[-7,2],[-7,2],[-15,4],[-7,3],[-7,2],[-7,3],[-13,7],[-7,3],[-7,4],[-19,12],[-5,5],[-12,10],[-6,5],[-5,5],[-5,6],[-21,26],[-20,26],[-19,27],[-17,28],[-16,28],[-15,28],[-14,29],[-12,29],[-12,30],[-10,30],[-10,32],[-9,31],[-8,31],[-6,32],[-7,32],[-5,32],[-5,33],[-4,33],[-3,33],[-3,34],[-2,34],[-2,34],[-1,34],[-1,34],[0,34],[-1,36],[1,35],[0,35],[1,35],[1,35],[1,35],[2,70],[0,36],[2,35],[2,70],[0,36],[1,35],[0,105],[-2,69],[-1,34],[-2,34],[-3,34],[-3,34],[-4,33],[-4,33],[-5,33],[-6,32],[-6,32],[-7,32],[-9,32],[-9,31],[-11,31],[-10,30],[-13,30],[-13,30],[-14,29],[-16,28],[-16,28],[-18,28],[-5,6],[-4,6],[-5,7],[-5,6],[-6,5],[-6,6],[-5,5],[-6,6],[-6,5],[-12,10],[-7,5],[-7,4],[-7,5],[-7,4],[-14,8],[-8,4],[-7,4],[-8,4],[-8,3],[-7,3],[-8,4],[-8,3],[-8,2],[-9,3],[-8,3],[-8,2],[-9,2],[-8,3],[-9,2],[-8,1],[-9,2],[-17,3],[-9,1],[-9,1],[-8,1],[-9,0],[-8,1],[-9,0],[-35,0],[-8,0],[-9,-1],[-17,-2],[-8,-1],[-8,-1],[-8,-1],[-8,-2],[-17,-4],[-7,-2],[-23,-7],[-8,-3],[-14,-6],[-8,-3],[-6,-4],[-69,-38],[-64,-40],[-61,-44],[-57,-46],[-53,-49],[-49,-51],[-46,-54],[-42,-57],[-40,-59],[-36,-60],[-33,-63],[-31,-65],[-28,-67],[-25,-69],[-24,-71],[-21,-73],[-18,-74],[-17,-75],[-15,-77],[-13,-78],[-12,-79],[-10,-81],[-10,-82],[-7,-82],[-7,-84],[-5,-84],[-5,-85],[-4,-86],[-4,-87],[-4,-86],[-2,-88],[-4,-87],[-3,-87],[-2,-88],[-4,-88],[-4,-88],[-5,-87],[-5,-87],[-5,-87],[-8,-87],[-7,-86],[-10,-86],[-10,-84],[-13,-84],[-13,-83],[-15,-83],[-18,-81],[-19,-80],[-21,-79],[-24,-78],[-26,-76],[-29,-75],[-32,-73],[-34,-71],[-37,-70],[-40,-68],[-43,-66],[-47,-64],[-50,-62],[-54,-60],[-58,-58],[-62,-55],[-65,-52],[-70,-50],[-6,-5],[-14,-9],[-7,-4],[-7,-4],[-8,-4],[-8,-5],[-7,-4],[-7,-4],[-8,-4],[-25,-12],[-8,-4],[-9,-3],[-8,-4],[-8,-4],[-9,-4],[-9,-3],[-9,-4],[-9,-3],[-9,-3],[-18,-7],[-9,-3],[-9,-3],[-9,-3],[-10,-3],[-9,-3],[-9,-3],[-10,-3],[-28,-8],[-10,-2],[-19,-5],[-9,-2],[-10,-2],[-9,-2],[-9,-2],[-10,-2],[-9,-2],[-9,-1],[-10,-2],[-9,-1],[-9,-2],[-10,-1],[-36,-4],[-8,-1],[-9,-1],[-8,0],[-18,-1],[-41,0],[-8,0],[-8,1],[-4,1],[-5,0],[-5,1],[-4,1],[-5,0],[-5,1],[-5,1],[-9,1],[-10,1],[-9,2],[-10,1],[-9,2],[-10,1],[-9,2],[-5,0],[-10,2],[-4,1],[-10,2],[-5,1],[-5,1],[-5,0],[-15,3],[-25,5],[-5,1],[-10,2],[-11,2],[-10,2],[-11,3],[-10,2],[-11,3],[-10,2],[-10,3],[-11,2],[-11,3],[-5,2],[-11,3],[-6,1],[-6,1]],[[201948,237350],[1,452],[2,902],[1,451],[0,451],[1,451],[1,451],[2,902],[1,452],[2,902],[1,451],[2,902],[1,903],[2,902],[1,451],[2,902],[1,452],[0,451],[1,451],[1,451],[0,451],[1,451],[1,451],[2,902],[2,903],[2,902],[1,452],[1,902],[1,451],[1,451],[0,451],[1,451],[1,451],[1,451],[1,452],[2,902],[1,903],[1,451],[1,450],[2,903],[2,902],[0,452],[1,451],[2,902],[1,452],[1,901],[1,452],[1,451]],[[402177,144388],[255,-1],[254,0],[255,0],[254,-1],[255,0],[254,0],[255,-1],[255,0],[509,-1],[254,0],[255,0],[254,-1],[255,0],[254,0],[255,-1],[254,0],[255,0],[254,-1],[255,0],[254,0],[255,-1],[254,0],[255,0],[255,-1],[254,0],[255,0],[254,-1],[255,0],[254,0],[254,-1],[509,0],[254,0],[255,-1],[254,0],[255,0],[255,-1],[254,0],[255,0],[254,-1],[255,0],[254,0],[255,-1],[254,0],[255,0],[254,-1],[509,0],[255,0],[254,-1],[255,0],[255,0],[254,-1],[255,0],[509,-1],[254,0],[255,0],[254,-1],[255,0],[254,0],[255,-1],[254,0]],[[300097,58375],[-81,23],[-79,20],[-80,18],[-79,17],[-78,14],[-79,13],[-78,11],[-78,9],[-78,8],[-77,6],[-77,4],[-76,2],[-77,1],[-76,-1],[-75,-2],[-76,-3],[-75,-6],[-75,-6],[-75,-8],[-74,-10],[-74,-10],[-74,-12],[-74,-14],[-74,-14],[-73,-16],[-73,-17],[-73,-18],[-73,-19],[-73,-20],[-72,-22],[-73,-23],[-72,-23],[-72,-24],[-72,-25],[-72,-26],[-72,-27],[-72,-28],[-71,-28],[-72,-29],[-72,-29],[-71,-31],[-72,-31],[-71,-31],[-71,-32],[-71,-33],[-72,-33],[-71,-34],[-72,-35],[-71,-34],[-72,-35],[-71,-35],[-71,-36],[-72,-36],[-71,-35],[-72,-37],[-72,-36],[-71,-36],[-72,-37],[-72,-36],[-73,-37],[-71,-36],[-73,-37],[-73,-37],[-72,-36],[-89,-45],[-90,-45],[-90,-44],[-90,-44],[-91,-44],[-90,-44],[-91,-44],[-90,-43],[-91,-43],[-182,-86],[-90,-43],[-92,-42],[-91,-43],[-91,-42],[-91,-42],[-91,-42],[-91,-41],[-91,-42],[-92,-41],[-91,-41],[-91,-41],[-92,-41],[-91,-41],[-91,-40],[-92,-40],[-91,-41],[-91,-40],[-91,-39],[-91,-40],[-91,-40],[-90,-39],[-91,-39],[-91,-40],[-90,-39],[-90,-39],[-91,-39],[-90,-38],[-180,-77],[-90,-39],[-89,-38],[-89,-38],[-89,-38],[-89,-37],[-89,-38],[-89,-38],[-88,-37],[-88,-38],[-89,-37],[-87,-37],[-88,-37],[-87,-36],[-87,-37],[-86,-37],[-87,-36],[-86,-36],[-86,-37],[-85,-36],[-86,-37],[-85,-36],[-84,-36],[-85,-36],[-84,-36],[-14,-6],[-22,-10],[-15,-7],[-16,-8],[-7,-5],[-8,-4],[-8,-4],[-7,-4],[-8,-5],[-9,-5],[-15,-10],[-16,-10],[-8,-5],[-8,-5],[-16,-11],[-8,-6],[-7,-6],[-8,-5],[-9,-6],[-15,-12],[-8,-6],[-7,-7],[-8,-6],[-7,-6],[-7,-7],[-8,-6],[-14,-13],[-7,-7],[-7,-6],[-7,-7],[-7,-7],[-13,-14],[-19,-21],[-7,-7],[-11,-14],[-6,-7],[-6,-7],[-5,-8],[-5,-7],[-5,-7],[-5,-7],[-5,-8],[-5,-7],[-4,-8],[-5,-7],[-4,-8],[-4,-7],[-4,-7],[-3,-8],[-4,-7],[-4,-13],[-5,-12],[-5,-12],[-5,-13],[-5,-12],[-4,-13],[-5,-12],[-12,-38],[-4,-12],[-4,-13],[-3,-12],[-4,-12],[-4,-13],[-3,-12],[-3,-12],[-7,-25],[-6,-24],[-3,-12],[-5,-24],[-3,-12],[-2,-12],[-3,-12],[-9,-46],[-3,-22],[-2,-11],[-2,-11],[-2,-10],[-1,-11],[-3,-22],[-1,-10],[-1,-10],[-3,-20],[-3,-28],[-1,-10],[-2,-25],[-1,-9],[0,-8],[-1,-16],[-1,-15],[-1,-7],[0,-7],[0,-6],[0,-7],[0,-6],[0,-17],[-3,-98],[-6,-95],[-8,-93],[-11,-89],[-13,-87],[-16,-85],[-18,-82],[-20,-80],[-23,-78],[-25,-75],[-27,-74],[-29,-72],[-30,-69],[-33,-68],[-35,-67],[-37,-65],[-38,-64],[-39,-62],[-42,-60],[-43,-60],[-44,-58],[-46,-58],[-47,-56],[-49,-56],[-50,-56],[-50,-54],[-52,-53],[-53,-54],[-53,-53],[-55,-53],[-55,-52],[-56,-53],[-57,-52],[-57,-53],[-59,-53],[-58,-53],[-59,-53],[-59,-54],[-59,-54],[-60,-55],[-59,-56],[-61,-57],[-60,-58],[-59,-58],[-60,-60],[-60,-61],[-59,-62],[-59,-64],[-59,-65],[-58,-66],[-58,-69],[-57,-70],[-56,-72],[-56,-73],[-55,-76],[-54,-78],[-54,-80],[-52,-83],[-51,-85],[-50,-87],[-49,-90],[-48,-92],[-46,-96],[-45,-98],[-63,-138],[-62,-134],[-63,-130],[-62,-127],[-62,-122],[-63,-119],[-62,-116],[-63,-111],[-63,-109],[-62,-105],[-63,-102],[-63,-99],[-63,-96],[-63,-93],[-63,-90],[-63,-88],[-64,-85],[-64,-83],[-64,-80],[-64,-77],[-65,-76],[-64,-73],[-66,-71],[-65,-71],[-66,-67],[-66,-66],[-67,-65],[-67,-63],[-68,-61],[-67,-60],[-69,-60],[-68,-58],[-70,-57],[-70,-55],[-70,-55],[-70,-55],[-72,-53],[-72,-54],[-72,-53],[-73,-53],[-74,-52],[-74,-52],[-75,-52],[-76,-52],[-76,-52],[-77,-53],[-78,-52],[-79,-54],[-79,-53],[-80,-55],[-81,-56],[-82,-56],[-83,-56],[-83,-59],[-84,-59],[-86,-60],[-86,-62],[-87,-63],[-88,-65],[-89,-66],[-90,-68],[-91,-70],[-92,-72],[-93,-74],[-91,-75],[-92,-76],[-90,-78],[-91,-79],[-89,-81],[-90,-82],[-89,-84],[-89,-85],[-89,-85],[-88,-86],[-88,-87],[-88,-87],[-88,-89],[-87,-88],[-87,-89],[-174,-178],[-86,-90],[-86,-89],[-86,-89],[-86,-88],[-86,-88],[-85,-87],[-85,-87],[-85,-86],[-85,-85],[-85,-84],[-85,-82],[-84,-82],[-85,-81],[-85,-79],[-84,-77],[-84,-75],[-84,-74],[-84,-72],[-84,-70],[-84,-68],[-84,-66],[-84,-63],[-84,-61],[-84,-58],[-85,-56],[-83,-53],[-84,-50],[-84,-47],[-84,-44],[-85,-41],[-84,-38],[-85,-34],[-84,-31],[-85,-27],[-84,-23],[-85,-19],[-85,-16],[-85,-11],[-85,-7],[-86,-3],[-85,2],[-86,6],[-86,10],[-86,15],[-86,21],[-87,25],[-87,30],[-7,3],[-7,3],[-7,3],[-8,3],[-14,7],[-22,12],[-7,5],[-7,4],[-7,5],[-15,10],[-6,5],[-15,11],[-7,6],[-6,6],[-7,6],[-7,6],[-7,6],[-7,7],[-6,6],[-6,7],[-7,7],[-6,6],[-13,14],[-6,8],[-6,7],[-11,15],[-6,8],[-6,7],[-5,8],[-5,7],[-5,8],[-5,8],[-5,8],[-9,16],[-5,8],[-4,8],[-8,16],[-7,17],[-3,9],[-3,8],[-4,8],[-2,9],[-3,8],[-5,17],[-2,8],[-2,8],[-1,9],[-1,8],[-2,17],[-1,17],[0,8],[0,54],[4,54],[6,54],[8,55],[11,55],[13,55],[14,55],[18,55],[19,56],[20,55],[23,56],[23,56],[25,55],[27,57],[27,55],[29,56],[30,56],[30,55],[31,56],[32,56],[32,55],[32,55],[33,56],[33,55],[33,55],[33,55],[33,55],[33,54],[32,54],[32,54],[30,54],[31,54],[29,53],[28,53],[28,52],[25,52],[25,52],[23,51],[22,51],[20,51],[18,50],[17,50],[14,49],[12,49],[10,48],[7,48],[6,47],[2,47],[0,46],[-2,45],[-7,45],[-8,45],[-12,43],[-15,43],[-19,42],[-22,42],[-26,41],[-29,40],[-33,39],[-38,39],[-41,38],[-45,37],[-50,36],[-54,36],[-7,4],[-7,4],[-7,3],[-14,7],[-7,3],[-8,4],[-8,3],[-7,3],[-8,3],[-8,2],[-8,3],[-8,2],[-8,3],[-8,2],[-9,2],[-17,4],[-17,3],[-9,2],[-18,3],[-8,1],[-18,2],[-10,0],[-9,1],[-9,1],[-9,0],[-9,0],[-9,1],[-9,0],[-9,0],[-9,-1],[-18,0],[-9,0],[-9,-1],[-9,0],[-18,-2],[-9,-1],[-18,-2],[-17,-3],[-9,-2],[-8,-1],[-8,-2],[-18,-4],[-8,-2],[-16,-4],[-31,-10],[-7,-3],[-15,-6],[-7,-3],[-7,-3],[-73,-37],[-71,-37],[-71,-39],[-70,-40],[-69,-41],[-69,-42],[-68,-44],[-67,-44],[-66,-45],[-66,-46],[-65,-47],[-65,-49],[-64,-49],[-63,-50],[-63,-50],[-63,-52],[-62,-52],[-123,-106],[-60,-54],[-61,-54],[-60,-56],[-60,-56],[-59,-56],[-59,-56],[-59,-57],[-59,-58],[-58,-57],[-58,-58],[-58,-58],[-58,-59],[-58,-59],[-58,-58],[-57,-59],[-58,-60],[-115,-118],[-58,-59],[-57,-59],[-116,-118],[-116,-117],[-116,-116],[-118,-115],[-59,-58],[-119,-113],[-60,-55],[-61,-56],[-61,-54],[-61,-54],[-61,-54],[-62,-52],[-63,-53],[-63,-51],[-63,-51],[-65,-50],[-64,-49],[-65,-48],[-66,-47],[-67,-47],[-6,-4],[-7,-5],[-6,-4],[-13,-10],[-14,-11],[-6,-5],[-7,-6],[-14,-11],[-13,-12],[-7,-6],[-7,-6],[-7,-6],[-8,-7],[-7,-6],[-7,-7],[-7,-7],[-7,-7],[-7,-6],[-7,-7],[-14,-14],[-7,-6],[-22,-21],[-6,-8],[-8,-7],[-13,-14],[-7,-8],[-7,-7],[-7,-8],[-7,-7],[-6,-7],[-7,-7],[-14,-15],[-25,-30],[-6,-8],[-6,-7],[-12,-14],[-12,-15],[-10,-15],[-6,-7],[-5,-8],[-10,-14],[-5,-7],[-5,-7],[-5,-7],[-5,-7],[-4,-7],[-4,-7],[-4,-7],[-38,-64],[-38,-63],[-36,-63],[-37,-62],[-36,-60],[-35,-59],[-35,-59],[-35,-57],[-34,-57],[-34,-56],[-33,-55],[-33,-54],[-33,-53],[-32,-53],[-32,-51],[-32,-50],[-31,-50],[-31,-49],[-30,-48],[-31,-47],[-30,-47],[-30,-46],[-30,-45],[-29,-45],[-29,-43],[-29,-43],[-29,-42],[-29,-42],[-29,-41],[-29,-40],[-29,-40],[-28,-39],[-28,-38],[-28,-38],[-29,-38],[-28,-37],[-28,-36],[-28,-35],[-29,-35],[-28,-35],[-28,-34],[-28,-33],[-29,-33],[-28,-33],[-29,-32],[-29,-31],[-57,-63],[-30,-30],[-29,-30],[-30,-29],[-29,-30],[-31,-29],[-30,-28],[-62,-56],[-31,-28],[-31,-27],[-32,-27],[-33,-27],[-32,-27],[-33,-26],[-33,-26],[-34,-26],[-37,-28],[-38,-27],[-39,-27],[-38,-25],[-78,-49],[-39,-23],[-40,-23],[-40,-23],[-40,-22],[-40,-21],[-40,-20],[-41,-20],[-40,-20],[-41,-20],[-41,-19],[-82,-37],[-41,-17],[-42,-18],[-41,-17],[-42,-17],[-41,-17],[-84,-33],[-41,-16],[-42,-16],[-41,-16],[-42,-16],[-41,-16],[-42,-15],[-41,-16],[-41,-15],[-42,-16],[-41,-16],[-41,-16],[-41,-16],[-41,-16],[-40,-16],[-82,-33],[-40,-17],[-119,-52],[-40,-18],[-39,-19],[-38,-19],[-39,-19],[-39,-20],[-38,-20],[-38,-20],[-37,-21],[-37,-22],[-37,-22],[-37,-23],[-36,-24],[-36,-24],[-36,-24],[-35,-26],[-34,-26],[-35,-26],[-33,-28],[-34,-28],[-29,-26],[-30,-26],[-28,-27],[-29,-27],[-28,-28],[-28,-29],[-27,-29],[-27,-29],[-27,-31],[-53,-61],[-25,-31],[-26,-31],[-25,-32],[-48,-65],[-24,-33],[-24,-34],[-23,-33],[-23,-34],[-22,-35],[-23,-34],[-21,-35],[-22,-35],[-20,-35],[-21,-36],[-21,-35],[-19,-36],[-20,-36],[-19,-36],[-37,-72],[-18,-36],[-18,-36],[-17,-37],[-17,-36],[-17,-36],[-16,-37],[-16,-36],[-31,-73],[-15,-36],[-14,-36],[-14,-36],[-13,-36],[-13,-35],[-13,-36],[-13,-35],[-12,-35],[-11,-35],[-11,-35],[-11,-35],[-11,-34],[-10,-34],[-9,-34],[-10,-34],[-9,-33],[-8,-33],[-8,-32],[-8,-32],[-7,-32],[-7,-31],[-6,-31],[-6,-31],[-2,-8],[-1,-8],[-3,-17],[-1,-8],[-1,-9],[-3,-27],[-2,-19],[-1,-19],[0,-10],[-1,-9],[0,-10],[-1,-10],[0,-20],[0,-10],[0,-10],[0,-10],[0,-31],[1,-10],[0,-11],[1,-10],[0,-11],[1,-21],[1,-10],[0,-10],[0,-10],[2,-21],[1,-11],[2,-21],[0,-10],[1,-10],[1,-10],[2,-10],[1,-10],[0,-10],[2,-10],[1,-10],[1,-10],[1,-10],[1,-9],[1,-10],[1,-9],[1,-10],[1,-9],[2,-9],[1,-9],[1,-9],[3,-18],[1,-9],[1,-8],[1,-8],[1,-8],[1,-8],[1,-6],[3,-11],[2,-11],[1,-6],[1,-6],[2,-11],[1,-6],[1,-11],[1,-6],[2,-11],[2,-12],[2,-11],[1,-12],[1,-5],[1,-6],[1,-6],[2,-11],[0,-6],[2,-11],[2,-12],[1,-11],[1,-6],[1,-6],[1,-5],[0,-6],[1,-6],[2,-11],[1,-6],[1,-11],[1,-12],[1,-5],[1,-6],[1,-6],[2,-11],[0,-6],[2,-11],[0,-6],[2,-11],[1,-5],[0,-6],[1,-6],[2,-11],[1,-5],[1,-11],[1,-8],[2,-8],[2,-26],[1,-9],[1,-9],[3,-27],[1,-10],[0,-9],[1,-10],[1,-9],[0,-10],[1,-10],[0,-10],[1,-10],[0,-10],[1,-10],[0,-10],[0,-10],[1,-10],[0,-10],[0,-21],[1,-10],[0,-11],[0,-10],[0,-21],[0,-10],[-1,-11],[0,-21],[0,-10],[-1,-10],[0,-10],[0,-11],[-1,-10],[0,-10],[-1,-10],[0,-11],[-1,-20],[-1,-10],[-2,-20],[-1,-10],[-3,-38],[-2,-9],[-1,-9],[-2,-18],[-1,-9],[-1,-9],[-3,-18],[-1,-8],[-2,-8],[-2,-8],[-20,-86],[-20,-86],[-21,-85],[-44,-171],[-23,-86],[-24,-86],[-24,-85],[-24,-86],[-25,-85],[-26,-85],[-25,-85],[-53,-169],[-26,-85],[-55,-169],[-27,-84],[-28,-83],[-27,-84],[-28,-84],[-28,-83],[-29,-84],[-28,-83],[-28,-83],[-28,-82],[-84,-247],[-28,-81],[-27,-82],[-28,-81],[-27,-81],[-27,-80],[-27,-81],[-26,-80],[-27,-80],[-25,-80],[-26,-79],[-25,-79],[-25,-78],[-24,-79],[-24,-78],[-23,-78],[-23,-77],[-22,-77],[-21,-77],[-21,-76],[-21,-76],[-19,-76],[-19,-75],[-18,-75],[-17,-75],[-17,-74],[-15,-74],[-15,-73],[-14,-73],[-13,-73],[-13,-72],[-10,-72],[-11,-71],[-9,-71],[-8,-70],[-7,-70],[-9,-104],[-6,-104],[-3,-105],[-1,-103],[1,-104],[4,-103],[5,-104],[7,-104],[9,-103],[12,-104],[12,-103],[15,-103],[16,-103],[17,-103],[19,-103],[20,-103],[21,-103],[23,-103],[23,-102],[25,-103],[25,-102],[26,-102],[26,-103],[27,-102],[28,-102],[27,-101],[28,-103],[29,-102],[28,-101],[28,-102],[29,-101],[28,-102],[28,-101],[28,-101],[27,-101],[26,-101],[27,-101],[25,-101],[24,-101],[24,-100],[23,-101],[22,-100],[20,-101],[19,-100],[19,-100],[16,-100],[15,-100],[14,-100],[12,-99],[9,-100],[9,-99],[6,-100],[4,-99],[2,-99],[0,-99],[-2,-99],[-4,-100],[-8,-98],[-10,-99],[-12,-98],[-15,-99],[-18,-98],[-22,-98],[-24,-98],[-1,-8],[-2,-8],[-2,-8],[-4,-16],[-2,-9],[-2,-8],[-4,-18],[-2,-9],[-2,-9],[-2,-9],[-1,-10],[-3,-9],[-3,-19],[-2,-10],[-4,-19],[-3,-20],[-6,-31],[-2,-10],[-1,-10],[-2,-10],[-4,-20],[-1,-11],[-2,-10],[-1,-10],[-2,-10],[-1,-11],[-2,-10],[-1,-10],[-2,-10],[-3,-21],[-2,-20],[-2,-11],[-1,-10],[-1,-10],[-1,-10],[-1,-10],[-2,-10],[-1,-20],[-1,-9],[-1,-10],[-1,-10],[-2,-19],[-1,-9],[0,-9],[-1,-10],[-1,-9],[-1,-9],[-1,-17],[0,-8],[0,-17],[-1,-56],[-2,-55],[-2,-55],[-2,-54],[-3,-53],[-3,-54],[-4,-53],[-8,-105],[-4,-53],[-6,-51],[-5,-53],[-5,-51],[-6,-51],[-6,-51],[-6,-51],[-7,-50],[-6,-51],[-7,-50],[-7,-50],[-14,-100],[-8,-50],[-15,-99],[-7,-49],[-8,-50],[-8,-49],[-7,-50],[-15,-99],[-8,-49],[-8,-49],[-14,-99],[-7,-50],[-8,-50],[-6,-50],[-7,-50],[-13,-100],[-6,-51],[-5,-50],[-6,-51],[-6,-51],[-5,-51],[-5,-52],[-4,-51],[-4,-52],[-4,-52],[-4,-53],[-3,-53],[-2,-53],[-2,-54],[-2,-54],[-1,-54],[-1,-54],[0,-110],[1,-57],[0,-56],[2,-57],[3,-57],[3,-57],[6,-93],[8,-92],[9,-94],[11,-92],[13,-93],[13,-93],[15,-93],[16,-93],[18,-93],[19,-93],[20,-93],[20,-93],[22,-93],[23,-93],[23,-93],[24,-93],[25,-92],[26,-93],[26,-93],[27,-92],[27,-92],[27,-92],[28,-92],[28,-92],[29,-91],[28,-91],[29,-91],[29,-91],[29,-91],[28,-90],[29,-90],[28,-90],[28,-90],[28,-89],[27,-89],[27,-89],[27,-88],[25,-87],[26,-88],[25,-87],[24,-87],[23,-86],[22,-86],[21,-85],[20,-85],[20,-85],[18,-84],[17,-84],[16,-83],[14,-82],[14,-82],[11,-82],[11,-81],[9,-81],[7,-80],[5,-79],[4,-78],[2,-79],[0,-77],[-1,-77],[-4,-76],[-6,-76],[-7,-75],[-10,-74],[-2,-12],[-1,-6],[-1,-6],[-1,-7],[-2,-12],[-1,-5],[-1,-6],[-2,-6],[-1,-6],[-3,-12],[-2,-11],[-2,-11],[-2,-6],[-2,-11],[-2,-5],[-2,-11],[-3,-10],[-3,-11],[-1,-5],[-3,-10],[-1,-5],[-4,-10],[-3,-9],[-2,-9],[-2,-4],[-2,-9],[-3,-8],[-2,-5],[-1,-4],[-2,-4],[-1,-4],[-2,-3],[-2,-8],[-4,-11],[-2,-3],[-3,-6],[-1,-4],[-2,-3],[-2,-3],[-1,-2],[-1,-3],[-6,-10],[0,-1],[-1,-1],[0,0],[-1,-2],[-2,-2],[-1,-1],[-1,-1],[0,-1],[-5,-5],[0,-1],[-6,-6],[-1,0],[-1,-1],[0,0],[-2,-2],[0,0],[-3,-3],[-1,0],[0,-1],[-1,0],[-3,-3],[0,0],[0,-1],[-1,0],[-1,0],[-1,-1],[-1,0],[-1,-1],[0,0],[-1,0],[-2,-1],[-1,0],[-1,-1],[-1,0],[-2,-1],[-1,0],[0,-1],[-2,-1],[0,0],[-1,0],[-2,-1],[0,0],[-2,-1],[-2,0],[-1,-1],[0,0],[-1,0],[-3,-2],[0,0],[-1,0],[-1,-1],[0,0],[-2,0],[-2,-1],[-1,0],[-1,-1],[-1,0],[-1,0],[-2,-2],[-1,0],[-1,0],[-1,-1],[0,0],[-1,0],[-2,-1],[-96,-32],[-96,-27],[-95,-22],[-95,-18],[-93,-14],[-93,-10],[-92,-6],[-91,-2],[-91,2],[-89,6],[-89,9],[-89,12],[-87,16],[-88,19],[-86,22],[-87,24],[-86,28],[-85,30],[-84,33],[-85,35],[-84,37],[-84,40],[-83,41],[-83,44],[-83,45],[-82,47],[-82,49],[-82,50],[-81,51],[-82,53],[-82,53],[-81,55],[-81,55],[-81,57],[-82,56],[-81,57],[-81,57],[-81,57],[-82,58],[-82,57],[-81,58],[-82,57],[-82,57],[-82,56],[-82,55],[-83,55],[-83,54],[-83,52],[-84,52],[-84,50],[-85,49],[-84,48],[-86,45],[-85,44],[-86,43],[-87,39],[-87,38],[-88,36],[-89,33],[-89,31],[-90,28],[-90,26],[-91,22],[-92,19],[-8,1],[-8,2],[-8,2],[-8,2],[-8,1],[-8,2],[-9,2],[-8,2],[-17,4],[-9,3],[-8,2],[-9,2],[-9,3],[-18,5],[-9,3],[-18,5],[-9,3],[-9,3],[-10,2],[-18,6],[-9,3],[-9,3],[-9,4],[-10,3],[-9,3],[-9,3],[-10,4],[-9,3],[-18,7],[-9,3],[-19,7],[-9,4],[-9,3],[-36,14],[-9,4],[-8,4],[-9,4],[-18,7],[-8,3],[-17,8],[-16,7],[-8,4],[-9,4],[-15,8],[-15,7],[-15,8],[-7,4],[-7,4],[-7,4],[-56,32],[-57,31],[-56,31],[-57,30],[-57,30],[-57,29],[-56,28],[-58,28],[-57,28],[-58,27],[-115,53],[-57,26],[-58,25],[-58,25],[-58,25],[-58,24],[-58,24],[-117,47],[-59,23],[-58,22],[-59,23],[-117,44],[-59,22],[-59,21],[-59,22],[-59,21],[-59,21],[-59,21],[-59,21],[-59,21],[-59,20],[-60,21],[-59,21],[-60,20],[-9,3],[-50,18],[-60,21],[-59,20],[-59,21],[-76,26],[0,0],[-44,15],[-119,42],[-60,21],[-59,21],[-60,22],[-60,21],[-179,66],[-60,23],[-59,22],[-60,23],[-60,23],[-119,48],[-60,24],[-59,25],[-60,25],[-60,25],[-59,26],[-60,26],[-138,63],[-139,63],[-138,64],[-137,65],[-137,66],[-136,68],[-136,68],[-135,70],[-135,70],[-133,72],[-133,73],[-133,73],[-131,76],[-131,76],[-131,77],[-129,79],[-129,80],[-128,81],[-127,83],[-126,83],[-126,85],[-124,86],[-124,88],[-123,89],[-122,91],[-121,92],[-120,93],[-119,95],[-118,96],[-116,98],[-116,99],[-115,100],[-113,102],[-113,104],[-111,106],[-111,107],[-109,108],[-108,110],[-106,113],[-106,113],[-104,115],[-103,117],[-101,118],[-101,121],[-99,122],[-97,124],[-97,125],[-94,128],[-94,129],[-92,131],[-90,134],[-89,135],[-88,137],[-86,138],[-84,142],[-83,142],[-81,145],[-80,146],[-78,149],[-77,151],[-74,152],[-74,156],[-72,156],[-69,159],[-36,86],[-36,84],[-35,85],[-36,84],[-34,84],[-34,84],[-34,84],[-34,84],[-33,84],[-33,84],[-33,83],[-32,84],[-32,84],[-32,83],[-32,83],[-32,83],[-31,83],[-31,82],[-31,84],[-31,82],[-30,83],[-15,39],[-16,43],[-30,82],[-122,329],[-60,163],[-30,81],[-31,82],[-30,81],[-31,81],[-12,33],[-18,48],[-30,81],[-31,80],[-31,82],[-31,80],[-31,81],[-62,160],[-32,80],[-32,80],[-32,80],[-32,80],[-33,79],[-33,80],[-33,79],[-33,80],[-34,79],[-69,158],[-35,79],[-35,78],[-36,79],[-36,79],[-36,78],[-37,78],[-38,78],[-38,78],[-38,78],[-39,78],[-40,78],[-40,77],[-33,64],[-35,65],[-34,65],[-36,65],[-36,66],[-36,65],[-37,66],[-37,66],[-38,67],[-38,66],[-39,67],[-38,67],[-39,68],[-40,67],[-27,46],[-12,21],[-40,68],[-40,68],[-41,68],[-40,67],[-41,69],[-40,68],[-41,67],[-42,68],[-40,67],[-41,68],[-42,67],[-40,68],[-41,67],[-41,67],[-41,66],[-12,19],[-29,48],[-40,66],[-40,66],[-41,66],[-40,66],[-40,65],[-78,129],[-39,64],[-39,64],[-38,63],[-75,126],[-37,62],[-37,61],[-36,61],[-36,60],[-35,60],[-35,59],[-34,58],[-33,59],[-33,57],[-32,57],[-31,56],[-31,55],[-30,54],[-30,54],[-29,53],[-27,52],[-27,52],[-27,51],[-25,49],[-24,49],[-24,48],[-43,86],[-45,86],[-47,87],[-48,87],[-51,86],[-53,87],[-54,87],[-56,88],[-58,88],[-58,87],[-61,87],[-62,88],[-63,87],[-64,88],[-66,88],[-66,87],[-68,87],[-69,87],[-69,87],[-71,87],[-71,87],[-145,172],[-73,85],[-74,85],[-74,86],[-75,84],[-75,84],[-75,84],[-75,83],[-76,82],[-75,83],[-76,81],[-75,81],[-75,80],[-75,80],[-74,79],[-75,78],[-74,77],[-73,77],[-72,75],[-73,75],[-71,74],[-70,73],[-70,73],[-35,36],[0,0],[-34,35],[-68,71],[-67,69],[-65,68],[-15,16],[-50,51],[-47,50],[-16,17],[-62,65],[-61,64],[-58,62],[-58,62],[-55,60],[-55,59],[-52,57],[-51,57],[-49,55],[-46,54],[-45,52],[-43,51],[-41,49],[-80,97],[-78,97],[-78,96],[-78,95],[-153,187],[-75,92],[-76,92],[-75,91],[-73,90],[-73,90],[-73,89],[-72,89],[-71,88],[-70,88],[-70,87],[-70,87],[-69,87],[-67,86],[-68,86],[-67,86],[-66,86],[-66,85],[-65,85],[-64,85],[-64,86],[-63,86],[-63,85],[-62,85],[-61,85],[-61,87],[-60,86],[-60,86],[-59,86],[-59,87],[-58,87],[-57,88],[-57,88],[-56,89],[-56,89],[-55,89],[-54,90],[-54,92],[-54,91],[-53,93],[-52,92],[-52,94],[-51,95],[-51,95],[-50,97],[-50,97],[-48,98],[-49,100],[-48,101],[-47,101],[-47,103],[-46,104],[-46,105],[-45,107],[-45,107],[-44,109],[-44,111],[-43,112],[-43,113],[-10,27],[-10,28],[-10,29],[-10,29],[-11,30],[-10,31],[-11,31],[-10,32],[-11,33],[-11,33],[-10,33],[-11,34],[-11,35],[-4,13],[-7,22],[-11,35],[-11,35],[-11,36],[-11,36],[-11,36],[-11,37],[-11,36],[-11,37],[-11,38],[-10,37],[-11,37],[-22,74],[-11,37],[-21,74],[-9,33],[-1,3],[-11,37],[-10,36],[-11,36],[-10,36],[-10,35],[-10,36],[-10,35],[-9,34],[-10,34],[-10,33],[-9,33],[-10,32],[-9,32],[-9,31],[-9,31],[-8,30],[-9,29],[-8,29],[-5,14],[-4,13],[-7,27],[-8,26],[-8,26],[-8,25],[-7,23],[-7,23],[-6,22],[-7,20],[-6,19],[-6,19],[-6,17],[-6,16],[-5,16],[-5,13],[-45,120],[-91,242],[-45,121],[-46,121],[-45,121],[-46,122],[-46,122],[-47,122],[-47,122],[-46,123],[-47,122],[-47,122],[-48,123],[-47,123],[-48,122],[-47,122],[-48,122],[-48,123],[-49,122],[-48,122],[-48,122],[-49,122],[-50,121],[-49,121],[-49,121],[-49,121],[-50,121],[-50,120],[-50,119],[-50,120],[-50,119],[-51,119],[-101,236],[-51,117],[-52,117],[-51,116],[-52,116],[-52,115],[-51,115],[-52,114],[-53,113],[-52,113],[-52,111],[-53,112],[-53,110],[-54,110],[-106,217],[-54,107],[-53,107],[-55,106],[-53,104],[-55,104],[-54,102],[-55,102],[-55,101],[-55,100],[-55,99],[-55,97],[-56,97],[-55,96],[-57,94],[-6,9],[-8,13],[-11,14],[-13,17],[-14,19],[-16,22],[-18,23],[-20,25],[-22,27],[-7,9],[-16,20],[-25,31],[-26,32],[-27,34],[-29,36],[-30,37],[-31,38],[-31,39],[-34,40],[-34,42],[-35,42],[-36,43],[-36,44],[-17,21],[0,0],[-20,24],[-37,45],[-38,46],[-39,47],[-39,47],[-39,47],[-40,47],[-13,16],[-26,31],[-80,95],[-40,47],[-39,48],[-22,26],[-17,20],[-39,47],[-39,46],[-38,46],[-37,45],[-38,44],[-36,43],[-36,42],[-35,42],[-34,41],[-34,39],[-31,38],[-31,37],[-30,36],[-29,34],[-27,32],[-26,31],[-25,29],[-23,28],[-22,25],[-20,24],[-18,21],[-16,20],[-15,17],[-13,15],[-10,12],[-9,10],[-7,8],[-4,5],[-2,2],[-52,50],[-52,48],[-55,48],[-55,48],[-56,47],[-57,46],[-59,45],[-59,45],[-60,44],[-62,44],[-62,43],[-64,42],[-64,42],[-65,41],[-66,42],[-67,40],[-68,39],[-68,40],[-69,38],[-70,38],[-71,37],[-71,37],[-72,37],[-73,36],[-73,35],[-74,35],[-74,35],[-75,34],[-76,34],[-76,34],[-76,32],[-77,33],[-77,32],[-79,31],[-77,31],[-79,31],[-79,31],[-79,30],[-79,29],[-80,30],[-80,29],[-81,28],[-80,28],[-81,28],[-81,28],[-81,28],[-81,26],[-81,27],[-80,27],[-82,26],[-81,26],[-81,25],[-81,26],[-81,25],[-81,25],[-81,24],[-81,25],[-80,24],[-81,24],[-80,24],[-79,23],[-80,24],[-79,23],[-80,24],[-58,17],[-60,17],[-117,34],[-59,17],[-59,17],[-58,18],[-59,17],[-59,17],[-58,17],[-59,18],[-59,17],[-59,18],[-58,18],[-59,18],[-116,35],[-59,18],[-58,18],[-59,18],[-59,19],[-58,18],[-58,18],[-58,19],[-58,19],[-44,14],[-15,4],[-58,19],[-58,19],[-58,19],[-59,20],[-58,19],[-116,39],[-58,19],[-58,20],[-58,20],[-58,20],[-58,20],[-58,21],[-58,20],[-57,21],[-20,7],[-38,14],[-58,20],[-58,22],[-58,21],[-58,21],[-57,22],[-58,21],[-58,22],[-115,44],[-58,23],[-58,23],[-57,23],[-57,23],[-58,23],[-58,24],[-57,23],[-57,24],[-58,24],[-57,24],[-58,25],[-57,24],[-57,25],[-70,31],[-68,30],[-69,31],[-68,31],[-68,31],[-67,31],[-67,32],[-66,32],[-66,32],[-66,31],[-65,32],[-65,32],[-64,32],[-65,33],[-64,32],[-64,32],[-126,64],[-63,32],[-62,32],[-63,32],[-4,3],[-58,29],[-57,30],[-5,2],[-123,63],[-61,31],[-122,62],[-61,31],[-61,30],[-60,31],[-61,29],[-60,30],[-60,29],[-60,29],[-61,29],[-60,28],[-59,28],[-60,27],[-60,27],[-60,27],[-60,26],[-60,26],[-60,25],[-60,24],[-60,24],[-60,24],[-60,23],[-60,22],[-61,22],[-60,21],[-60,21],[-61,20],[-61,19],[-60,19],[-62,17],[-61,17],[-62,17],[-61,15],[-62,15],[-63,14],[-62,14],[-62,12],[-63,12],[-53,9],[-52,8],[-54,8],[-53,8],[-54,7],[-54,7],[-55,7],[-55,6],[-56,6],[-56,6],[-56,5],[-57,5],[-57,4],[-57,4],[-58,4],[-58,4],[-57,3],[-59,3],[-58,2],[-59,2],[-59,2],[-59,2],[-60,1],[-59,1],[-60,0],[-60,1],[-59,-1],[-60,0],[-61,-1],[-60,-1],[-60,-2],[-60,-1],[-61,-2],[-120,-5],[-61,-3],[-60,-3],[-60,-4],[-61,-4],[-60,-4],[-61,-4],[-60,-5],[-60,-5],[-60,-5],[-59,-6],[-60,-5],[-60,-7],[-59,-6],[-59,-7],[-59,-7],[-59,-7],[-59,-8],[-58,-7],[-58,-8],[-58,-9],[-57,-8],[-57,-10],[-57,-9],[-57,-9],[-56,-9],[-56,-10],[-56,-10],[-55,-10],[-55,-11],[-78,-15],[-77,-17],[-75,-18],[-75,-19],[-72,-20],[-72,-22],[-71,-22],[-69,-24],[-69,-25],[-67,-26],[-66,-27],[-64,-29],[-64,-29],[-62,-31],[-61,-32],[-61,-33],[-59,-34],[-58,-35],[-57,-36],[-56,-38],[-54,-38],[-55,-39],[-53,-41],[-52,-41],[-51,-42],[-50,-43],[-49,-44],[-48,-46],[-47,-46],[-47,-48],[-45,-48],[-45,-48],[-44,-50],[-43,-51],[-42,-51],[-41,-53],[-41,-54],[-40,-54],[-39,-56],[-38,-56],[-38,-57],[-36,-58],[-37,-59],[-35,-59],[-35,-60],[-34,-61],[-33,-62],[-33,-63],[-32,-63],[-31,-64],[-31,-65],[-31,-66],[-30,-66],[-29,-67],[-29,-68],[-28,-68],[-28,-69],[-27,-70],[-26,-71],[-27,-71],[-26,-71],[-25,-73],[-25,-73],[-24,-74],[-29,-89],[-29,-89],[-27,-90],[-26,-91],[-25,-91],[-25,-91],[-23,-92],[-23,-92],[-23,-93],[-22,-94],[-21,-93],[-21,-94],[-20,-94],[-20,-95],[-20,-96],[-19,-95],[-19,-96],[-20,-96],[-19,-96],[-19,-97],[-19,-97],[-19,-96],[-16,-76],[0,0],[-4,-21],[-20,-98],[-19,-98],[-21,-98],[-41,-196],[-22,-98],[-23,-98],[-22,-99],[-24,-98],[-24,-99],[-25,-98],[-26,-99],[-27,-99],[-28,-99],[-29,-98],[-30,-99],[-30,-99],[-33,-98],[-34,-99],[-35,-98],[-36,-98],[-37,-99],[-40,-98],[-40,-98],[-43,-97],[-44,-98],[-45,-97],[-48,-97],[-49,-97],[-52,-97],[-53,-96],[-55,-96],[-58,-96],[-59,-95],[-62,-96],[-64,-94],[-66,-95],[-68,-94],[-72,-94],[-73,-93],[-76,-93],[-11,-12],[-5,-6],[-11,-12],[-11,-11],[-6,-6],[-7,-6],[-12,-11],[-7,-6],[-6,-5],[-8,-6],[-6,-5],[-22,-17],[-7,-5],[-16,-11],[-30,-20],[-9,-5],[-8,-5],[-8,-5],[-8,-5],[-16,-9],[-17,-9],[-9,-4],[-8,-4],[-8,-4],[-9,-5],[-8,-4],[-9,-3],[-8,-4],[-9,-4],[-17,-7],[-9,-3],[-8,-3],[-17,-7],[-9,-3],[-17,-5],[-8,-2],[-17,-5],[-25,-6],[-8,-2],[-8,-2],[-8,-1],[-8,-1],[-8,-2],[-8,-1],[-7,0],[-8,-1],[-105,-13],[-107,-12],[-107,-11],[-107,-11],[-108,-10],[-108,-10],[-109,-10],[-109,-8],[-109,-8],[-110,-8],[-110,-6],[-110,-6],[-110,-5],[-111,-5],[-110,-3],[-111,-3],[-110,-2],[-111,-1],[-110,-1],[-110,1],[-110,2],[-110,2],[-109,4],[-109,4],[-109,6],[-108,7],[-108,8],[-107,9],[-107,10],[-106,11],[-106,12],[-105,14],[-104,15],[-103,17],[-103,17],[-102,19],[-101,20],[-100,22],[-99,23],[-98,25],[-98,26],[-96,28],[-94,29],[-94,31],[-93,32],[-91,34],[-90,35],[-88,37],[-87,39],[-86,40],[-84,42],[-83,44],[-82,46],[-79,48],[-78,50],[-76,51],[-75,53],[-73,55],[-71,57],[-69,59],[-67,61],[-65,63],[-64,65],[-61,67],[-114,128],[-116,126],[-117,125],[-118,123],[-119,120],[-120,119],[-121,117],[-122,116],[-123,113],[-124,113],[-123,111],[-125,110],[-125,108],[-126,107],[-127,106],[-127,104],[-127,104],[-128,102],[-128,101],[-129,100],[-128,100],[-130,99],[-129,97],[-129,97],[-129,97],[-129,96],[-129,95],[-130,95],[-129,95],[-129,94],[-128,94],[-128,94],[-128,93],[-127,93],[-127,93],[-127,93],[-126,94],[-126,93],[-125,94],[-124,94],[-123,94],[-123,94],[-123,95],[-121,96],[-120,95],[-119,97],[-119,97],[-117,98],[-116,98],[-115,99],[-115,100],[-112,101],[-112,103],[-110,103],[-109,104],[-107,105],[-106,107],[-104,108],[-103,110],[-101,110],[-99,112],[-99,115],[-96,115],[-94,116],[-49,64],[-49,65],[-49,65],[-49,67],[-47,67],[-48,68],[-47,69],[-46,70],[-46,70],[-46,71],[-45,73],[-44,72],[-45,73],[-44,74],[-43,74],[-43,75],[-42,76],[-42,76],[-42,77],[-40,76],[-41,77],[-80,155],[-38,79],[-39,79],[-38,78],[-37,79],[-37,79],[-37,79],[-36,80],[-36,80],[-34,80],[-35,80],[-34,79],[-33,80],[-33,79],[-33,80],[-31,80],[-31,79],[-31,79],[-31,79],[-29,79],[-29,78],[-29,79],[-28,77],[-28,78],[-26,77],[-27,77],[-26,77],[-25,76],[-25,75],[-25,75],[-23,74],[-24,74],[-22,73],[-22,73],[-21,72],[-21,71],[-20,71],[-20,69],[-19,69],[-19,68],[-18,68],[-17,67],[-64,243],[-64,242],[-65,238],[-66,237],[-67,233],[-67,232],[-68,229],[-69,226],[-70,224],[-71,221],[-71,220],[-73,217],[-73,215],[-74,213],[-76,210],[-77,209],[-78,206],[-79,205],[-80,202],[-82,200],[-83,198],[-85,196],[-86,195],[-87,193],[-88,191],[-91,189],[-92,187],[-93,186],[-95,184],[-97,182],[-98,181],[-101,179],[-102,178],[-104,176],[-106,174],[-107,174],[-110,171],[-112,170],[-114,170],[-116,168],[-118,166],[-120,166],[-122,164],[-125,162],[-127,163],[-129,160],[-132,160],[-134,159],[-136,157],[-139,157],[-142,156],[-144,155],[-147,154],[-149,153],[-152,153],[-155,151],[-158,151],[-160,151],[-164,150],[-166,149],[-169,149],[-172,148],[-175,147],[-178,148],[-17,14],[-18,14],[-17,13],[-17,14],[-18,13],[-17,12],[-17,13],[-17,12],[-17,13],[-67,46],[-17,11],[-16,11],[-17,11],[-17,11],[-16,10],[-17,11],[-16,10],[-17,10],[-16,10],[-16,11],[-17,10],[-17,10],[-49,30],[-16,10],[-17,9],[-16,10],[-17,10],[-16,10],[-17,10],[-16,10],[-33,20],[-17,11],[-50,32],[-16,11],[-17,10],[-35,22],[-16,12],[-17,11],[-18,12],[-17,12],[-17,12],[-17,13],[-18,12],[-35,26],[-35,27],[-18,14],[-18,14],[-18,15],[-18,15],[-19,15],[-18,15],[-19,16],[-18,16],[-94,84],[-93,88],[-93,91],[-92,95],[-91,97],[-91,101],[-90,103],[-89,106],[-89,109],[-89,111],[-88,114],[-87,116],[-88,118],[-86,120],[-87,122],[-86,124],[-85,125],[-86,126],[-84,128],[-85,130],[-84,130],[-85,132],[-83,132],[-84,133],[-84,134],[-83,134],[-167,269],[-83,135],[-14,23],[-69,112],[-83,134],[-83,135],[-83,134],[-83,133],[-83,133],[-83,132],[-83,131],[-84,129],[-83,129],[-84,128],[-83,125],[-85,125],[-84,123],[-85,121],[-85,119],[-85,117],[-85,115],[-86,113],[-86,110],[-87,107],[-87,105],[-87,102],[-88,100],[-88,96],[-89,92],[-89,90],[-90,86],[-91,83],[-91,78],[-92,75],[-92,71],[-93,67],[-94,63],[-94,58],[-47,27],[-48,26],[-48,25],[-48,24],[-50,22],[-49,22],[-50,21],[-51,20],[-51,19],[-51,19],[-51,17],[-52,17],[-105,32],[-53,15],[-53,14],[-107,28],[-54,13],[-53,13],[-54,13],[-54,13],[-54,12],[-54,12],[-53,12],[-46,10],[-9,2],[-53,11],[-54,12],[-54,12],[-54,12],[-54,12],[-53,13],[-53,12],[-53,13],[-53,14],[-53,13],[-52,14],[-52,15],[-51,15],[-51,15],[-51,16],[-50,17],[-50,18],[-49,18],[-49,19],[-49,20],[-48,21],[-47,22],[-46,23],[-46,24],[-46,24],[-44,26],[-44,28],[-43,28],[-43,30],[-42,31],[-40,32],[-41,33],[-39,35],[-38,37],[-38,38],[-36,39],[-36,41],[-35,43],[-2,4],[-11,12],[-2,3],[-5,6],[-3,4],[-11,12],[-7,6],[-2,3],[-7,6],[-2,3],[-7,6],[-12,12],[-7,5],[-7,6],[-6,6],[-7,5],[-3,3],[-3,3],[-4,3],[-3,2],[-4,3],[-7,5],[-4,3],[-3,2],[-3,3],[-8,5],[-18,13],[-3,2],[-8,4],[-8,5],[-7,4],[-4,3],[-4,2],[-3,2],[-4,2],[-4,3],[-4,2],[-4,2]],[[134144,222540],[0,-225],[1,-224],[0,-224],[0,-450],[1,-224],[0,-225],[0,-449],[1,-225],[0,-224],[0,-449],[0,-225],[1,-224],[0,-450],[0,-224],[1,-225],[0,-449],[0,-224],[1,-225],[0,-449],[0,-225],[1,-224],[0,-449],[0,-225],[0,-224],[0,-449],[1,-225],[0,-225],[0,-449],[1,-224],[0,-225],[0,-449],[1,-224],[0,-225],[0,-449],[1,-225],[0,-224],[0,-449],[1,-225],[0,-224],[0,-450],[0,-224],[1,-225],[0,-449],[0,-224],[1,-225],[0,-224],[0,-225],[1,-225],[0,-224],[0,-225],[2,-32],[3,-24],[3,-15],[2,-7],[4,-15],[2,-8],[2,-7],[3,-7],[5,-14],[6,-14],[3,-7],[4,-7],[4,-6],[3,-7],[8,-12],[4,-6],[4,-6],[5,-6],[4,-5],[10,-11],[5,-6],[10,-10],[10,-10],[17,-13],[6,-4],[5,-4],[12,-8],[19,-11],[7,-3],[13,-6],[20,-7],[14,-4],[7,-2],[15,-3],[21,-3],[8,-1],[7,0],[8,-1],[8,0],[589,-2],[295,-1],[1179,-4],[295,-1],[295,-2],[294,-1],[1769,-6],[295,-1],[589,-2],[295,-1],[295,-2],[295,-1],[294,-1],[2064,-7],[294,-1],[295,-1],[295,-2],[884,-3],[295,-1],[1769,-6],[589,-3],[1474,-5],[295,-1],[1179,-4],[589,-3],[1769,-6],[294,-1]],[[501802,266536],[1890,0],[270,0],[271,1],[3781,0],[270,0],[271,1],[3781,0],[271,0],[270,1],[2700,0],[270,0],[271,1],[2700,0],[271,0]],[[480425,164287],[-9,-90],[-8,-90],[-8,-91],[-9,-91],[-8,-91],[-9,-91],[-8,-91],[-9,-91],[-9,-92],[-9,-92],[-9,-92],[-10,-92],[-9,-92],[-10,-93],[-9,-93],[-11,-92],[-10,-93],[-11,-93],[-11,-94],[-12,-93],[-11,-93],[-13,-93],[-12,-94],[-13,-93],[-14,-94],[-14,-94],[-14,-94],[-15,-94],[-31,-188],[-16,-94],[-17,-94],[-18,-94],[-18,-94],[-18,-95],[-20,-94],[-20,-94],[-21,-95],[-21,-94],[-22,-95],[-23,-94],[-23,-94],[-24,-95],[-26,-94],[-26,-94],[-26,-95],[-27,-94],[-29,-94],[-29,-94],[-30,-94],[-31,-94],[-32,-94],[-32,-94],[-34,-93],[-35,-94],[-36,-94],[-37,-93],[-37,-93],[-39,-94],[-41,-93],[-41,-93],[-42,-93],[-43,-93],[-44,-92],[-28,-56],[-26,-56],[-27,-55],[-26,-55],[-25,-55],[-26,-54],[-25,-54],[-25,-53],[-25,-53],[-24,-53],[-24,-53],[-24,-52],[-24,-53],[-23,-51],[-23,-52],[-23,-51],[-23,-51],[-22,-50],[-44,-100],[-22,-50],[-21,-50],[-22,-49],[-21,-49],[-21,-48],[-20,-48],[-21,-48],[-21,-48],[-20,-47],[-20,-47],[-20,-47],[-19,-46],[-20,-47],[-19,-46],[-19,-46],[-19,-45],[-19,-45],[-19,-45],[-18,-44],[-19,-44],[-18,-44],[-18,-44],[-18,-43],[-18,-44],[-18,-43],[-36,-85],[-34,-84],[-18,-42],[-17,-41],[-17,-41],[-17,-41],[-34,-81],[-17,-40],[-17,-40],[-34,-79],[-16,-39],[-17,-39],[-16,-38],[-17,-39],[-16,-38],[-18,-44],[-9,-22],[-9,-22],[-8,-22],[-9,-23],[-7,-22],[-9,-23],[-15,-45],[-7,-23],[-15,-46],[-7,-22],[-7,-23],[-6,-23],[-7,-23],[-7,-23],[-7,-23],[-7,-22],[-6,-23],[-14,-45],[-7,-22],[-7,-23],[-7,-22],[-6,-22],[-22,-66],[-7,-22],[-8,-22],[-8,-21],[-8,-21],[-8,-22],[-8,-20],[-8,-21],[-9,-20],[-8,-21],[-10,-20],[-9,-20],[-10,-20],[-9,-19],[-10,-19],[-11,-19],[-10,-18],[-12,-19],[-11,-18],[-12,-18],[-11,-17],[-13,-17],[-13,-17],[-13,-16],[-14,-16],[-29,-31],[-15,-16],[-15,-14],[-16,-15],[-16,-13],[-17,-14],[-18,-12],[-18,-13],[-18,-12],[-6,-4],[-7,-4],[-14,-7],[-7,-3],[-7,-4],[-7,-3],[-8,-3],[-15,-5],[-16,-5],[-8,-2],[-9,-1],[-9,-2],[-8,-2],[-8,-1],[-9,-1],[-17,-2],[-9,-1],[-9,-1],[-9,0],[-27,0],[-10,0],[-18,1],[-9,1],[-19,2],[-9,1],[-9,1],[-9,1],[-9,2],[-9,2],[-9,2],[-18,4],[-9,2],[-9,3],[-17,5],[-9,3],[-8,3],[-8,3],[-18,7],[-15,7],[-8,4],[-8,4],[-8,4],[-7,4],[-21,14],[-7,5],[-7,5],[-6,5],[-7,5],[-6,5],[-5,6],[-26,25],[-25,26],[-23,27],[-22,27],[-20,28],[-20,29],[-18,30],[-16,30],[-16,31],[-14,32],[-14,32],[-12,33],[-11,34],[-11,34],[-9,35],[-8,36],[-8,36],[-6,37],[-6,37],[-5,38],[-4,38],[-4,38],[-3,39],[-2,39],[-1,40],[-1,40],[-1,41],[0,41],[1,41],[1,42],[4,84],[2,43],[3,43],[6,86],[4,43],[3,44],[4,43],[4,44],[4,44],[8,89],[3,44],[4,44],[4,44],[4,45],[4,44],[3,45],[4,44],[2,44],[3,44],[2,45],[4,88],[1,43],[0,44],[1,43],[-1,86],[-2,42],[-1,43],[-3,42],[-4,42],[-2,19],[-1,18],[-7,56],[-2,18],[-3,18],[-3,18],[-3,18],[-3,18],[-3,18],[-3,18],[-3,18],[-6,35],[-8,35],[-3,17],[-4,17],[-3,17],[-4,17],[-4,17],[-3,17],[-4,17],[-4,16],[-4,17],[-4,16],[-3,17],[-4,17],[-4,16],[-4,16],[-4,16],[-3,16],[-4,16],[-4,15],[-4,16],[-3,16],[-4,15],[-3,16],[-4,15],[-3,15],[-7,30],[-2,15],[-4,15],[-3,15],[-2,14],[-3,15],[-3,14],[-4,29],[-3,14],[-3,28],[-2,14],[-2,14],[-2,14],[-1,13],[-1,14],[-2,27],[0,13],[-1,13],[0,13],[2,80],[3,80],[5,79],[6,79],[7,78],[8,78],[10,77],[10,77],[12,75],[13,76],[15,75],[15,74],[16,75],[18,73],[18,73],[20,73],[20,73],[21,72],[22,71],[22,72],[24,71],[24,70],[25,70],[25,70],[26,69],[27,69],[28,70],[28,69],[28,68],[30,69],[29,68],[30,68],[30,68],[31,68],[31,67],[31,67],[31,68],[32,67],[32,67],[32,67],[64,135],[32,67],[33,66],[32,67],[32,67],[33,67],[64,134],[32,67],[31,68],[31,67],[32,67],[30,68],[31,67],[30,69],[30,68],[29,68],[29,68],[28,69],[28,69],[27,69],[27,70],[26,69],[12,33],[12,33],[12,32],[11,32],[12,32],[11,31],[11,31],[11,31],[10,31],[11,30],[10,30],[10,30],[10,30],[10,29],[19,58],[10,29],[9,28],[8,28],[9,28],[8,27],[8,28],[9,27],[15,54],[8,26],[7,27],[7,26],[6,26],[7,25],[7,26],[6,25],[6,25],[7,25],[5,25],[5,24],[6,24],[5,25],[5,23],[4,24],[5,24],[8,47],[4,23],[3,23],[3,23],[4,23],[2,22],[3,22],[2,22],[2,23],[2,22],[2,22],[2,22],[1,21],[1,22],[1,21],[1,43],[0,62],[0,21],[-1,21]],[[462333,171744],[-12,2],[-7,0],[-3,0],[-4,0],[-4,1],[-6,0],[-4,-1],[-4,0],[-4,0],[-3,0],[-7,-1],[-5,0],[-3,-1],[-4,0],[-4,-1],[-8,-1],[-9,-2],[-4,-1],[-4,-1],[-4,-1],[-4,-1],[-5,-1],[-8,-2],[-9,-3],[-4,-1],[-9,-3],[-4,-2],[-9,-3],[-9,-4],[-4,-2],[-9,-4],[-5,-2],[-4,-2],[-9,-4],[-9,-5],[-5,-2],[-9,-5],[-5,-3],[-9,-5],[-4,-3],[-4,-3],[-5,-3],[-4,-3],[-5,-3],[-4,-3],[-4,-3],[-8,-5],[-13,-11],[-6,-5],[-7,-5],[-7,-6],[-13,-11],[-7,-5],[-7,-6],[-6,-6],[-7,-6],[-6,-5],[-7,-6],[-6,-6],[-7,-6],[-12,-12],[-7,-6],[-12,-12],[-6,-6],[-6,-6],[-7,-7],[-12,-13],[-6,-6],[-13,-13],[-12,-13],[-6,-7],[-11,-13],[-12,-14],[-6,-7],[-18,-21],[-5,-7],[-6,-6],[-6,-7],[-11,-14],[-6,-8],[-6,-7],[-16,-21],[-6,-7],[-11,-14],[-11,-15],[-5,-7],[-5,-7],[-11,-15],[-5,-8],[-6,-7],[-5,-7],[-5,-7],[-5,-8],[-16,-26],[-8,-14],[-8,-14],[-8,-14],[-8,-15],[-7,-15],[-8,-15],[-7,-15],[-7,-16],[-8,-16],[-6,-16],[-8,-17],[-7,-17],[-6,-17],[-7,-17],[-12,-35],[-7,-18],[-5,-18],[-6,-18],[-6,-18],[-6,-19],[-6,-18],[-5,-19],[-5,-19],[-5,-18],[-5,-19],[-4,-19],[-5,-20],[-4,-19],[-5,-19],[-4,-20],[-4,-19],[-4,-19],[-3,-20],[-10,-58],[-3,-20],[-2,-19],[-3,-19],[-2,-20],[-2,-19],[-3,-39],[-2,-19],[-1,-38],[-1,-18],[-1,-19],[0,-55],[1,-18],[1,-17],[1,-35],[2,-17],[3,-34],[3,-17],[2,-16],[3,-16],[16,-93],[19,-92],[21,-91],[23,-90],[25,-88],[27,-88],[29,-86],[31,-86],[33,-84],[35,-83],[36,-82],[39,-80],[40,-80],[42,-79],[43,-78],[45,-76],[47,-76],[48,-75],[50,-74],[51,-73],[53,-71],[54,-71],[56,-70],[56,-69],[59,-68],[59,-68],[60,-67],[62,-65],[63,-65],[63,-64],[66,-63],[66,-63],[66,-61],[68,-61],[69,-61],[70,-60],[70,-59],[72,-58],[71,-57],[73,-57],[73,-56],[75,-55],[74,-55],[75,-54],[76,-54],[76,-53],[77,-52],[76,-52],[78,-52],[77,-50],[78,-51],[157,-99],[78,-49],[79,-49],[79,-48],[79,-47],[157,-94],[79,-46],[78,-46],[79,-46],[78,-45],[78,-46],[148,-83],[147,-80],[147,-77],[145,-73],[144,-71],[143,-69],[142,-67],[141,-63],[139,-62],[138,-60],[137,-58],[136,-56],[135,-55],[133,-53],[132,-54],[131,-51],[129,-51],[127,-51],[126,-50],[125,-50],[124,-50],[121,-49],[121,-51],[118,-50],[118,-52],[115,-52],[114,-53],[111,-54],[111,-56],[108,-57],[107,-58],[105,-61],[103,-63],[102,-64],[99,-67],[98,-70],[95,-72],[94,-75],[91,-78],[90,-81],[88,-85],[86,-88],[83,-92],[82,-95],[79,-100],[77,-104],[75,-108],[73,-113],[70,-118],[69,-123],[65,-127],[64,-133],[61,-138],[59,-144],[56,-149],[54,-156],[52,-162],[48,-168],[47,-174],[44,-181],[42,-187],[38,-195],[36,-202],[34,-209],[2,-9],[2,-17],[2,-9],[2,-9],[1,-8],[2,-9],[2,-9],[3,-17],[2,-9],[4,-17],[3,-18],[4,-17],[2,-9],[4,-17],[2,-9],[2,-8],[2,-9],[5,-17],[2,-9],[2,-9],[2,-8],[2,-9],[11,-42],[3,-9],[2,-9],[2,-8],[9,-34],[2,-9],[2,-9],[4,-17],[5,-17],[3,-17],[5,-17],[3,-17],[3,-8],[3,-17],[2,-9],[4,-17],[2,-8],[3,-17],[2,-9],[2,-8],[1,-8],[1,-8],[1,-9],[3,-26],[0,-9],[1,-8],[0,-9],[0,-38],[0,-9],[-1,-10],[-1,-19],[0,-10],[-1,-10],[-1,-9],[-1,-10],[-1,-20],[-2,-10],[-1,-10],[-2,-11],[-2,-20],[-2,-10],[-1,-10],[-2,-11],[-2,-10],[-1,-10],[-2,-10],[-2,-10],[-2,-10],[-2,-10],[-2,-11],[-2,-10],[-4,-20],[-4,-20],[-3,-10],[-2,-10],[-3,-9],[-2,-10],[-7,-28],[-2,-10],[-5,-18],[-3,-9],[-2,-9],[-5,-18],[-5,-17],[-2,-9],[-3,-8],[-5,-16],[-2,-8],[-15,-47],[-14,-48],[-13,-48],[-12,-48],[-11,-48],[-11,-48],[-9,-48],[-9,-49],[-9,-49],[-7,-48],[-7,-49],[-7,-48],[-6,-49],[-5,-48],[-5,-49],[-4,-49],[-3,-49],[-3,-49],[-3,-50],[-2,-49],[-2,-49],[-2,-49],[-1,-49],[-1,-49],[-1,-49],[-1,-50],[0,-98],[1,-50],[0,-49],[1,-49],[1,-99],[1,-49],[1,-50],[1,-49],[1,-49],[1,-50],[0,-50],[1,-49],[0,-49],[0,-49],[1,-50],[0,-49],[-1,-49],[0,-49],[-1,-50],[-1,-49],[-2,-49],[-2,-49],[-2,-49],[-2,-49],[-7,-98],[-4,-49],[-4,-49],[-5,-49],[-6,-48],[-6,-49],[-7,-49],[-8,-49],[-8,-48],[-8,-48],[-10,-49],[-5,-24],[-2,-8],[-5,-16],[-2,-8],[-2,-8],[-3,-8],[-5,-16],[-3,-9],[-3,-8],[-3,-8],[-3,-8],[-3,-8],[-9,-24],[-3,-8],[-4,-8],[-3,-8],[-11,-24],[-4,-8],[-4,-8],[-4,-7],[-3,-8],[-9,-15],[-3,-8],[-4,-7],[-4,-8],[-4,-7],[-4,-7],[-4,-7],[-5,-7],[-4,-7],[-8,-14],[-5,-6],[-4,-7],[-4,-6],[-4,-6],[-5,-7],[-4,-6],[-9,-12],[-4,-5],[-5,-6],[-4,-5],[-4,-6],[-4,-5],[-5,-5],[-8,-10],[-4,-4],[-4,-5],[-5,-4],[-4,-4],[-8,-8],[-8,-7],[-9,-6],[-10,-7],[-10,-6],[-6,-3],[-6,-4],[-5,-3],[-6,-3],[-12,-7],[-19,-9],[-7,-3],[-13,-6],[-7,-3],[-7,-3],[-15,-5],[-7,-3],[-7,-2],[-8,-3],[-8,-3],[-15,-5],[-8,-2],[-8,-2],[-8,-2],[-8,-2],[-8,-2],[-8,-2],[-8,-2],[-8,-2],[-8,-2],[-8,-2],[-8,-1],[-9,-2],[-8,-1],[-8,-2],[-8,-1],[-8,-1],[-9,-1],[-8,-1],[-16,-2],[-8,0],[-8,-1],[-17,0],[-16,-1],[-7,1],[-8,0],[-8,0],[-8,0],[-8,1],[-15,2],[-8,1],[-7,1],[-47,8],[-44,11],[-44,13],[-42,15],[-41,17],[-40,18],[-39,21],[-38,23],[-38,24],[-35,26],[-35,27],[-34,29],[-33,30],[-33,32],[-32,33],[-31,34],[-30,35],[-30,36],[-29,37],[-28,38],[-28,39],[-28,40],[-27,40],[-27,41],[-26,42],[-27,42],[-25,42],[-26,43],[-25,43],[-25,44],[-25,43],[-25,43],[-25,44],[-25,43],[-25,43],[-25,43],[-26,42],[-26,43],[-25,42],[-26,41],[-27,41],[-26,40],[-27,39],[-28,38],[-28,38],[-28,36],[-29,36],[-30,34],[-31,34],[-30,32],[-32,31],[-32,29],[-33,28],[-35,26],[-34,25],[-37,23],[-36,21],[-38,19],[-39,18],[-40,16],[-41,13],[-42,12],[-44,9],[-45,7],[-7,1],[-15,1],[-32,0],[-16,-1],[-9,0],[-8,-1],[-8,-1],[-9,-1],[-8,-1],[-9,-1],[-8,-2],[-9,-2],[-9,-2],[-8,-1],[-9,-2],[-9,-2],[-8,-2],[-9,-3],[-9,-2],[-8,-3],[-9,-3],[-8,-2],[-9,-3],[-8,-3],[-18,-7],[-8,-3],[-9,-3],[-8,-4],[-9,-3],[-8,-4],[-8,-4],[-8,-4],[-9,-4],[-15,-8],[-8,-4],[-8,-4],[-7,-4],[-8,-4],[-7,-5],[-8,-4],[-14,-10],[-7,-5],[-7,-4],[-7,-5],[-6,-5],[-7,-5],[-12,-10],[-6,-5],[-5,-5],[-6,-6],[-11,-10],[-10,-11],[-10,-10],[-5,-5],[-5,-6],[-5,-6],[-4,-6],[-5,-6],[-4,-6],[-9,-13],[-4,-7],[-5,-7],[-4,-7],[-4,-8],[-4,-7],[-4,-8],[-8,-16],[-4,-8],[-7,-16],[-7,-17],[-4,-8],[-6,-18],[-3,-9],[-4,-9],[-2,-9],[-3,-9],[-3,-9],[-3,-9],[-3,-9],[-2,-10],[-3,-9],[-2,-9],[-4,-19],[-3,-9],[-2,-10],[-2,-9],[-1,-10],[-2,-9],[-3,-19],[-3,-19],[-1,-9],[-1,-10],[-1,-9],[-1,-9],[-1,-9],[-1,-9],[0,-18],[0,-9],[-1,-9],[0,-9],[1,-17],[0,-9],[0,-8],[1,-17],[1,-8],[6,-61],[8,-60],[10,-59],[12,-58],[13,-57],[15,-56],[16,-55],[18,-54],[20,-54],[21,-52],[22,-52],[24,-51],[25,-50],[27,-49],[28,-49],[29,-47],[30,-48],[32,-46],[32,-46],[34,-46],[34,-44],[35,-45],[37,-43],[37,-44],[38,-42],[38,-43],[40,-42],[40,-41],[40,-41],[41,-42],[42,-41],[42,-40],[43,-40],[43,-40],[43,-39],[44,-40],[44,-40],[44,-39],[44,-39],[44,-40],[45,-39],[44,-39],[45,-40],[44,-39],[44,-40],[44,-39],[44,-40],[43,-40],[44,-40],[43,-40],[43,-40],[42,-41],[41,-41],[42,-42],[40,-42],[40,-42],[39,-43],[38,-43],[38,-43],[37,-44],[36,-45],[35,-45],[35,-45],[33,-47],[4,-6],[4,-7],[5,-7],[4,-7],[4,-7],[17,-30],[4,-8],[4,-8],[3,-8],[5,-8],[7,-17],[3,-8],[4,-8],[4,-9],[3,-9],[7,-17],[6,-18],[4,-9],[6,-18],[3,-9],[3,-9],[3,-9],[3,-10],[3,-9],[2,-9],[3,-9],[3,-9],[2,-10],[2,-9],[3,-9],[2,-9],[3,-9],[1,-9],[2,-10],[3,-9],[5,-27],[3,-18],[3,-17],[1,-9],[2,-8],[0,-9],[2,-8],[1,-8],[2,-16],[0,-8],[1,-8],[0,-8],[1,-7],[0,-8],[1,-7],[0,-22],[-1,-7],[0,-7],[-1,-8],[-1,-15],[-3,-23],[-4,-15],[-3,-16],[-5,-15],[-2,-8],[-3,-8],[-3,-7],[-2,-8],[-7,-16],[-3,-7],[-3,-8],[-7,-16],[-4,-8],[-4,-8],[-4,-7],[-4,-8],[-4,-7],[-4,-8],[-14,-22],[-5,-8],[-10,-14],[-10,-14],[-5,-7],[-5,-6],[-6,-7],[-5,-7],[-6,-6],[-6,-6],[-12,-13],[-6,-6],[-6,-6],[-6,-5],[-6,-6],[-7,-6],[-12,-10],[-7,-5],[-13,-10],[-6,-4],[-7,-4],[-7,-4],[-7,-4],[-8,-4],[-6,-4],[-8,-3],[-70,-28],[-69,-23],[-69,-16],[-70,-11],[-68,-6],[-68,-1],[-67,4],[-67,9],[-67,14],[-67,18],[-66,21],[-65,26],[-66,30],[-65,33],[-64,36],[-65,39],[-64,43],[-64,44],[-64,48],[-64,50],[-63,52],[-63,54],[-63,56],[-63,57],[-63,58],[-63,60],[-62,60],[-63,61],[-63,62],[-63,62],[-124,124],[-63,62],[-63,61],[-62,61],[-63,59],[-63,58],[-62,58],[-63,56],[-63,54],[-63,52],[-64,50],[-63,48],[-64,45],[-64,43],[-64,39],[-64,37],[-65,33],[-65,31],[-65,26],[-66,22],[-65,19],[-66,13],[-67,10],[-67,4],[-67,0],[-67,-5],[-68,-10],[-69,-16],[-69,-22],[-69,-28],[-70,-34],[-70,-40],[-71,-46],[-7,-4],[-6,-5],[-6,-5],[-6,-5],[-13,-10],[-12,-11],[-17,-18],[-6,-6],[-6,-7],[-6,-6],[-5,-7],[-12,-14],[-5,-8],[-6,-7],[-5,-7],[-5,-8],[-5,-8],[-5,-8],[-5,-8],[-4,-8],[-5,-8],[-5,-8],[-9,-17],[-5,-9],[-4,-8],[-4,-9],[-5,-9],[-4,-8],[-4,-9],[-3,-9],[-4,-9],[-4,-9],[-3,-9],[-7,-18],[-9,-27],[-3,-9],[-2,-9],[-3,-9],[-4,-19],[-2,-9],[-2,-9],[-2,-9],[-2,-9],[-3,-18],[-1,-9],[0,-8],[-1,-9],[-1,-9],[-1,-8],[0,-9],[0,-8],[0,-9],[0,-8],[3,-48],[4,-46],[6,-46],[6,-44],[8,-43],[9,-42],[10,-41],[12,-40],[13,-40],[13,-37],[15,-37],[15,-36],[17,-35],[18,-35],[18,-33],[20,-32],[20,-32],[21,-31],[22,-30],[22,-29],[24,-28],[24,-28],[24,-27],[26,-26],[25,-26],[27,-25],[27,-24],[28,-24],[28,-23],[28,-23],[29,-22],[29,-21],[30,-21],[29,-21],[61,-40],[31,-20],[31,-19],[31,-19],[31,-18],[32,-18],[31,-18],[31,-18],[32,-17],[32,-17],[31,-18],[31,-17],[31,-16],[31,-18],[31,-16],[31,-17],[30,-16],[31,-17],[29,-17],[30,-16],[29,-17],[29,-16],[56,-34],[27,-17],[26,-18],[27,-17],[26,-18],[25,-18],[81,-60],[79,-61],[76,-61],[74,-63],[71,-63],[70,-63],[66,-64],[66,-64],[63,-64],[61,-65],[60,-64],[57,-66],[56,-65],[56,-65],[53,-65],[53,-65],[51,-65],[51,-65],[49,-64],[48,-65],[48,-64],[47,-64],[47,-62],[46,-63],[46,-62],[46,-61],[45,-61],[46,-60],[45,-59],[46,-58],[46,-57],[47,-56],[47,-55],[47,-54],[48,-53],[49,-52],[50,-50],[51,-49],[52,-48],[52,-46],[55,-44],[55,-43],[58,-42],[58,-40],[61,-37],[62,-37],[64,-34],[66,-33],[68,-31],[70,-29],[73,-26],[75,-24],[77,-22],[80,-20],[83,-18],[85,-15],[88,-13],[91,-10],[95,-8],[97,-6],[101,-2],[104,0],[108,2],[111,6],[92,7],[92,10],[90,11],[90,13],[89,15],[88,16],[87,19],[87,19],[85,21],[85,22],[84,24],[84,24],[82,25],[82,27],[81,26],[80,27],[80,27],[79,27],[78,27],[77,27],[77,27],[77,27],[75,26],[75,26],[74,25],[73,24],[73,23],[72,23],[72,21],[71,19],[70,18],[70,17],[69,15],[69,13],[68,11],[67,9],[67,7],[66,4],[66,2],[65,0],[65,-4],[64,-6],[64,-9],[63,-13],[63,-15],[62,-19],[62,-22],[61,-26],[61,-30],[60,-33],[60,-38],[60,-41],[59,-46],[59,-50],[58,-55],[58,-59],[57,-64],[58,-69],[56,-73],[57,-79],[56,-84],[56,-90],[55,-95],[56,-101],[3,-7],[4,-7],[3,-8],[4,-7],[4,-8],[12,-24],[4,-8],[8,-17],[5,-8],[4,-9],[4,-8],[12,-27],[5,-9],[4,-9],[4,-10],[4,-9],[5,-9],[4,-10],[5,-9],[9,-19],[4,-10],[4,-9],[5,-10],[4,-9],[9,-19],[4,-10],[4,-9],[5,-10],[4,-9],[5,-10],[12,-28],[4,-10],[4,-9],[4,-9],[9,-20],[3,-9],[4,-9],[4,-9],[4,-10],[4,-8],[4,-9],[3,-9],[4,-9],[7,-17],[6,-17],[4,-8],[6,-16],[3,-8],[3,-7],[3,-8],[3,-7],[21,-58],[21,-59],[20,-58],[19,-59],[18,-59],[17,-59],[17,-60],[15,-59],[16,-60],[15,-60],[14,-60],[14,-60],[12,-60],[13,-61],[12,-61],[12,-60],[11,-61],[11,-61],[10,-61],[10,-61],[9,-61],[9,-62],[9,-62],[8,-61],[8,-62],[8,-62],[8,-61],[14,-124],[7,-63],[7,-62],[7,-62],[6,-62],[13,-124],[13,-125],[12,-124],[13,-125],[6,-62],[7,-62],[7,-62],[6,-62],[8,-63],[14,-124],[8,-62],[8,-62],[8,-62],[8,-62],[9,-61],[9,-62],[9,-62],[10,-61],[11,-62],[10,-61],[12,-61],[11,-61],[12,-61],[12,-62],[14,-60],[13,-61],[1,-5],[1,-6],[1,-5],[2,-6],[1,-5],[1,-6],[1,-5],[2,-11],[1,-6],[2,-5],[1,-6],[4,-16],[2,-11],[2,-11],[2,-6],[1,-5],[3,-11],[4,-16],[1,-6],[2,-10],[4,-16],[2,-6],[3,-11],[3,-10],[2,-11],[2,-5],[3,-11],[1,-5],[2,-5],[1,-6],[3,-10],[4,-11],[2,-11],[2,-5],[2,-5],[1,-5],[2,-6],[3,-10],[3,-11],[4,-10],[2,-11],[2,-5]],[[414438,158433],[0,0],[1,1],[1,0],[1,1],[2,0],[0,1],[1,0],[0,0],[2,0],[1,1],[0,0],[1,0],[1,0],[0,1],[1,0],[0,0],[4,0],[0,1],[3,0],[0,-1],[4,0],[1,-1],[3,0],[1,0],[0,0],[1,-1],[2,0],[0,0],[1,0],[1,-1],[2,0],[0,0],[1,0],[1,-1],[4,0],[0,0],[1,0],[1,-1],[4,0],[79,-20],[77,-21],[76,-24],[74,-25],[72,-27],[70,-29],[69,-31],[67,-31],[66,-34],[64,-34],[64,-37],[61,-38],[61,-39],[59,-40],[58,-41],[58,-43],[56,-43],[55,-45],[56,-46],[53,-46],[54,-48],[53,-48],[52,-50],[52,-50],[51,-51],[51,-51],[51,-52],[50,-52],[50,-53],[50,-54],[101,-108],[50,-55],[51,-55],[50,-54],[51,-55],[52,-55],[51,-55],[53,-56],[53,-55],[54,-55],[54,-55],[55,-55],[56,-54],[56,-54],[58,-54],[59,-53],[59,-53],[61,-52],[62,-52],[64,-52],[65,-50],[66,-50],[68,-49],[69,-48],[71,-48],[72,-46],[74,-46],[76,-44],[78,-43],[80,-43],[82,-41],[84,-40],[86,-39],[31,-13],[33,-13],[33,-13],[33,-12],[35,-12],[36,-12],[36,-11],[37,-11],[38,-11],[39,-11],[39,-11],[40,-10],[40,-10],[42,-10],[41,-10],[43,-9],[43,-10],[43,-9],[44,-8],[44,-9],[44,-8],[45,-9],[45,-8],[46,-8],[46,-8],[46,-7],[47,-8],[46,-7],[47,-7],[47,-7],[47,-7],[48,-7],[47,-7],[47,-6],[48,-7],[47,-6],[47,-6],[48,-6],[47,-7],[47,-6],[47,-6],[47,-5],[47,-6],[47,-6],[46,-5],[45,-6],[46,-5],[45,-6],[90,-11],[87,-10],[44,-5],[42,-5],[43,-5],[41,-6],[42,-5],[40,-5],[40,-5],[39,-6],[38,-5],[38,-5],[37,-5],[37,-6],[57,-8],[58,-8],[57,-8],[58,-8],[57,-7],[57,-6],[56,-7],[56,-6],[56,-5],[111,-10],[56,-5],[55,-4],[109,-7],[55,-3],[55,-2],[53,-2],[54,-2],[54,-1],[54,-1],[53,-1],[53,0],[54,1],[53,0],[53,1],[52,2],[53,2],[104,5],[53,3],[52,3],[52,4],[51,4],[52,5],[52,5],[52,5],[51,6],[52,7],[51,6],[51,7],[52,8],[51,8],[51,8],[51,9],[51,9],[52,10],[50,10],[51,10],[51,11],[51,11],[51,12],[50,12],[51,13],[51,13],[51,13],[51,15],[50,14],[51,14],[52,15],[50,16],[51,16],[51,16],[51,17],[85,29],[84,30],[84,31],[84,31],[84,32],[84,33],[85,33],[83,34],[84,34],[83,35],[83,35],[82,37],[83,36],[82,37],[81,37],[81,37],[161,76],[80,38],[80,39],[79,38],[78,39],[77,39],[77,38],[77,39],[76,39],[75,39],[74,39],[74,39],[72,38],[72,39],[72,38],[70,38],[69,38],[69,38],[67,37],[67,36],[66,37],[65,36],[63,36],[63,35],[61,34],[61,34],[59,34],[58,33],[57,33],[56,31],[55,31],[52,30],[52,30],[51,28],[49,28],[48,27],[46,27],[45,25],[44,24],[42,24],[40,22],[39,21],[38,20],[35,19],[35,18],[32,17],[32,15],[17,9],[18,8],[17,9],[18,9],[17,8],[18,9],[18,9],[18,9],[17,8],[18,9],[18,9],[18,9],[18,9],[18,9],[18,9],[18,9],[18,8],[37,18],[18,9],[18,9],[18,8],[19,9],[18,9],[18,8],[19,9],[19,9],[18,9],[37,17],[19,9],[37,17],[18,8],[19,9],[37,16],[19,8],[19,9],[19,8],[19,8],[19,8],[19,8],[19,8],[18,8],[19,8],[19,7],[20,8],[19,7],[19,8],[19,7],[19,8],[19,7],[20,7],[19,8],[19,7],[39,14],[19,7],[19,6],[20,7],[19,6],[19,7],[20,6],[73,24],[71,23],[70,21],[68,21],[67,19],[64,19],[64,18],[62,18],[60,17],[59,16],[58,16],[56,15],[55,16],[53,15],[53,14],[51,15],[51,14],[49,14],[48,15],[47,14],[46,15],[45,14],[44,16],[44,15],[43,16],[41,17],[41,17],[41,17],[39,19],[40,19],[39,19],[38,21],[37,22],[38,23],[36,24],[37,25],[36,26],[36,28],[36,28],[35,31],[35,32],[35,33],[35,35],[35,37],[35,38],[35,40],[36,43],[35,43],[35,46],[36,48],[36,50],[37,53],[36,55],[37,57],[38,59],[38,62],[38,65],[39,66],[39,70],[40,73],[41,75],[42,78],[42,81],[43,84],[9,17],[8,17],[17,33],[17,33],[8,16],[26,49],[9,15],[9,16],[8,16],[9,16],[9,15],[17,31],[8,16],[9,15],[8,15],[9,16],[9,15],[8,15],[9,16],[8,15],[9,16],[9,15],[8,16],[8,15],[17,31],[17,31],[8,16],[9,16],[8,16],[8,16],[7,16],[9,17],[8,17],[15,33],[8,17],[16,34],[7,17],[8,17],[7,18],[7,18],[8,17],[7,19],[7,18],[15,37],[6,19],[14,39],[6,20],[7,20],[13,41],[6,20],[5,22],[7,21],[16,63],[16,62],[14,63],[14,61],[14,62],[12,60],[11,61],[11,60],[11,61],[9,59],[9,59],[8,59],[7,58],[7,58],[7,58],[6,57],[5,57],[10,113],[5,56],[4,56],[3,55],[3,55],[4,55],[2,54],[3,54],[2,54],[2,54],[3,53],[2,53],[1,52],[4,104],[2,51],[2,51],[2,52],[2,50],[2,51],[3,50],[2,49],[3,50],[3,49],[3,48],[4,49],[4,48],[4,49],[10,95],[6,47],[6,47],[6,46],[7,47],[8,46],[8,46],[9,46],[10,45],[10,46],[11,45],[11,44],[13,45],[13,44],[14,44],[15,44],[16,43],[21,54],[21,53],[23,53],[24,53],[24,52],[26,51],[27,51],[27,50],[28,50],[30,50],[30,50],[30,49],[32,49],[32,48],[33,48],[34,48],[34,47],[36,47],[36,47],[36,46],[38,46],[37,46],[39,47],[39,45],[40,46],[39,45],[41,45],[41,45],[42,45],[85,89],[43,44],[43,45],[44,45],[44,44],[45,44],[44,44],[46,45],[91,89],[46,44],[46,45],[47,44],[46,45],[47,44],[47,46],[47,45],[95,90],[47,45],[48,46],[47,46],[95,92],[48,46],[47,48],[48,47],[47,47],[48,48],[47,48],[47,48],[47,49],[47,49],[47,49],[70,76],[69,77],[68,78],[67,78],[66,80],[65,80],[63,81],[63,82],[62,82],[61,83],[59,84],[59,85],[58,85],[57,87],[57,86],[56,87],[54,87],[55,88],[53,88],[53,89],[53,90],[51,89],[51,90],[51,90],[50,91],[50,91],[49,91],[49,91],[97,183],[48,92],[47,91],[48,92],[47,92],[46,91],[47,93],[47,91],[47,92],[46,91],[47,92],[46,91],[47,91],[47,91],[94,181],[46,90],[48,90],[47,89],[48,88],[48,89],[48,87],[49,88],[49,87],[50,87],[49,86],[51,85],[51,84],[52,85],[52,83],[53,83],[53,82],[54,81],[54,80],[56,80],[4,6],[10,13],[5,7],[11,13],[5,7],[12,13],[6,7],[6,6],[12,14],[7,7],[7,6],[6,7],[6,7],[14,13],[7,6],[7,7],[7,6],[7,6],[15,13],[15,12],[7,6],[8,6],[15,12],[8,6],[8,5],[8,6],[8,5],[16,11],[15,10],[8,5],[9,5],[8,5],[7,4],[9,5],[7,4],[8,4],[17,8],[8,4],[15,7],[8,3],[8,3],[8,3],[8,3],[8,2],[8,2],[7,3],[8,2],[16,3],[7,1],[8,2],[7,1],[0,0],[35,0],[8,1],[8,0],[8,1],[8,0],[8,0],[8,0],[9,-1],[8,0],[17,-1],[9,-1],[8,0],[9,-1],[9,-1],[9,-1],[9,-2],[27,-4],[18,-4],[10,-2],[9,-2],[9,-2],[9,-3],[10,-2],[18,-5],[9,-3],[9,-2],[10,-3],[27,-9],[9,-3],[28,-10],[8,-4],[18,-7],[17,-7],[9,-4],[9,-4],[8,-4],[8,-4],[8,-4],[9,-4],[8,-5],[7,-4],[9,-4],[7,-4],[8,-5],[7,-4],[7,-5],[15,-9],[7,-5],[6,-5],[7,-4],[12,-10],[7,-5],[28,-24],[28,-24],[28,-25],[27,-26],[27,-26],[26,-26],[27,-27],[25,-28],[26,-28],[25,-28],[26,-28],[49,-58],[25,-30],[24,-29],[25,-30],[24,-29],[24,-31],[24,-30],[24,-30],[23,-31],[24,-30],[24,-30],[23,-31],[24,-31],[72,-90],[24,-30],[24,-29],[24,-29],[25,-29],[24,-29],[25,-29],[25,-28],[25,-27],[25,-28],[26,-26],[25,-26],[27,-26],[26,-25],[27,-26],[26,-24],[28,-23],[28,-23],[28,-22],[29,-22],[29,-20],[29,-20],[30,-19],[31,-18],[30,-18],[32,-17],[32,-15],[32,-15],[33,-14],[34,-12],[34,-12],[35,-11],[36,-9],[36,-8],[36,-7],[38,-6],[38,-5],[80,-8],[79,-4],[77,0],[76,3],[75,8],[74,11],[72,15],[71,18],[70,22],[69,25],[68,28],[66,32],[66,35],[65,38],[63,40],[63,44],[62,46],[62,49],[60,52],[60,53],[59,57],[59,58],[57,61],[58,63],[56,65],[57,68],[55,69],[56,70],[54,73],[55,73],[54,76],[54,77],[53,79],[54,79],[54,80],[52,82],[53,83],[53,84],[53,85],[53,85],[53,86],[53,86],[53,87],[107,175],[54,88],[54,88],[54,88],[55,88],[55,88],[55,88],[56,87],[57,87],[57,87],[57,86],[58,85],[60,85],[59,83],[60,83],[61,82],[61,80],[63,80],[63,79],[64,76],[51,59],[51,58],[52,56],[52,55],[53,54],[53,53],[53,52],[54,51],[55,50],[55,49],[56,49],[56,47],[113,92],[57,45],[58,45],[58,43],[58,43],[58,43],[58,41],[59,41],[59,41],[59,41],[59,40],[59,39],[60,39],[119,78],[179,114],[60,37],[59,38],[120,75],[59,37],[59,37],[59,38],[60,37],[58,38],[59,39],[59,38],[58,38],[58,39],[58,39],[57,39],[57,40],[57,40],[57,40],[56,42],[55,41],[55,42],[55,43],[54,44],[54,44],[53,44],[53,46],[53,46],[51,47],[51,47],[51,49],[49,49],[50,51],[48,52],[35,38],[35,39],[33,41],[34,41],[34,43],[33,44],[34,45],[33,46],[33,47],[32,48],[33,49],[33,49],[33,50],[32,51],[33,52],[32,52],[33,53],[33,54],[32,54],[33,55],[33,55],[33,56],[34,56],[67,113],[33,57],[35,58],[34,57],[35,58],[35,58],[72,116],[36,58],[36,58],[38,57],[37,58],[38,58],[38,58],[39,57],[40,57],[40,57],[41,56],[41,56],[42,55],[42,55],[43,55],[44,54],[45,54],[45,53],[46,52],[47,51],[48,51],[48,50],[50,49],[50,48],[51,48],[52,47],[53,45],[54,45],[55,43],[56,43],[57,41],[58,40],[59,39],[20,13],[7,4],[7,5],[8,4],[7,4],[8,4],[8,4],[8,5],[7,4],[17,8],[8,4],[8,4],[9,4],[9,4],[8,4],[9,4],[9,4],[9,3],[8,4],[28,10],[9,4],[9,3],[10,3],[9,4],[9,3],[10,3],[18,5],[9,3],[48,12],[18,4],[9,2],[10,2],[9,1],[9,2],[9,1],[9,2],[27,3],[9,1],[9,0],[17,1],[25,0],[16,-1],[8,0],[8,-1],[16,-2],[7,-1],[25,-5],[25,-6],[24,-6],[24,-7],[24,-8],[23,-9],[23,-9],[23,-10],[22,-11],[22,-11],[22,-12],[22,-12],[21,-13],[21,-14],[21,-14],[21,-15],[21,-15],[20,-15],[20,-16],[20,-16],[20,-17],[39,-34],[20,-17],[19,-18],[19,-18],[19,-18],[38,-37],[19,-19],[19,-19],[19,-19],[19,-19],[19,-20],[18,-19],[19,-20],[19,-19],[19,-19],[19,-19],[19,-19],[19,-19],[38,-37],[19,-18],[20,-19],[19,-18],[20,-17],[20,-17],[19,-17],[20,-17],[21,-16],[20,-16],[21,-16],[21,-15],[21,-15],[21,-14],[22,-14],[21,-13],[23,-13],[22,-12],[22,-11],[23,-11],[23,-10],[24,-10],[14,-5],[14,-4],[8,-2],[8,-2],[15,-2],[8,0],[8,-1],[8,0],[16,0],[8,0],[8,0],[8,1],[9,0],[16,2],[17,3],[8,2],[9,2],[16,4],[17,5],[8,2],[8,3],[18,6],[8,3],[8,3],[8,4],[9,3],[8,4],[8,4],[9,4],[8,4],[15,8],[16,9],[16,9],[7,5],[8,4],[7,5],[15,10],[14,10],[21,17],[6,5],[13,11],[6,6],[6,6],[6,5],[12,12],[5,6],[44,45],[43,46],[44,46],[45,46],[44,46],[45,47],[45,46],[46,47],[46,47],[46,47],[46,47],[47,47],[46,48],[94,95],[47,48],[47,48],[48,49],[47,48],[48,48],[48,49],[47,49],[47,48],[48,49],[48,49],[48,50],[47,49],[48,50],[47,50],[48,50],[141,150],[46,50],[47,51],[46,50],[46,51],[46,51],[45,51],[46,51],[45,51],[45,52],[89,103],[43,52],[43,52],[43,52],[43,52],[42,52],[42,53],[41,52],[40,53],[41,52],[39,53],[40,53],[38,53],[38,53],[37,54],[37,53],[36,53],[36,54],[35,54],[34,53],[33,54]],[[16323,284007],[5,1],[4,2],[4,1],[4,1],[4,2],[4,1],[11,5],[4,2],[4,1],[4,2],[3,2],[4,2],[11,6],[3,2],[8,4],[6,4],[4,2],[7,4],[15,13],[3,2],[3,3],[6,5],[3,2],[6,6],[5,5],[5,6],[3,3],[5,6],[5,6],[2,3],[5,8],[2,3],[2,3],[4,7],[2,3],[2,3],[5,11],[2,4],[5,10],[1,4],[2,4],[17,54],[13,54],[10,55],[8,56],[4,57],[1,58],[-3,59],[-5,60],[-8,61],[-10,60],[-14,62],[-16,62],[-19,62],[-21,64],[-24,63],[-26,65],[-29,64],[-31,65],[-33,65],[-35,65],[-37,65],[-40,65],[-41,66],[-43,66],[-45,65],[-47,66],[-48,65],[-50,66],[-52,65],[-53,65],[-55,65],[-56,64],[-57,64],[-58,64],[-60,63],[-60,63],[-62,62],[-63,61],[-63,62],[-65,60],[-65,59],[-66,59],[-66,58],[-67,57],[-67,56],[-68,55],[-69,55],[-68,54],[-69,52],[-69,51],[-69,50],[-69,48],[-69,48],[-69,46],[-69,45],[-68,43],[-69,42],[-68,41],[-67,39],[-67,37],[-66,36],[-66,35],[-65,32],[-65,31],[-114,52],[-115,49],[-115,46],[-115,43],[-115,40],[-115,38],[-115,36],[-115,33],[-115,31],[-115,28],[-115,27],[-114,24],[-115,22],[-114,20],[-114,18],[-114,17],[-114,16],[-113,13],[-113,13],[-113,11],[-112,10],[-112,9],[-111,7],[-111,7],[-111,6],[-110,6],[-109,4],[-109,4],[-109,4],[-107,3],[-108,3],[-106,3],[-106,3],[-105,2],[-105,3],[-103,3],[-103,3],[-102,4],[-101,4],[-101,5],[-99,5],[-99,6],[-98,7],[-96,8],[-96,9],[-95,11],[-93,11],[-93,12],[-92,14],[-90,16],[-89,18],[-88,19],[-87,21],[-86,22],[-84,25],[-84,26],[-81,29],[-81,31],[-79,34],[-78,35],[-77,39],[-75,41],[-73,44],[-72,46],[-29,19],[-28,20],[-28,19],[-29,21],[-28,20],[-28,20],[-28,20],[-27,21],[-28,21],[-27,20],[-27,21],[-27,21],[-27,21],[-53,43],[-26,22],[-26,22],[-25,23],[-26,22],[-25,23],[-25,22],[-24,23],[-24,24],[-24,23],[-23,23],[-23,24],[-23,24],[-23,24],[-22,25],[-21,24],[-22,25],[-21,25],[-20,25],[-20,25],[-20,26],[-19,25],[-18,26],[-19,26],[-17,27],[-18,26],[-16,27],[-17,27],[-15,27],[-15,27],[-15,28],[-14,28],[-13,28],[-13,29],[-13,28],[-11,29],[-11,29],[-11,29],[-10,30],[-9,30],[-8,30],[-8,30],[-7,30],[-7,31],[-6,31],[-5,31],[-4,31],[-4,32],[-3,32],[-2,33],[-1,8],[0,17],[0,17],[1,9],[1,9],[1,17],[2,9],[1,9],[1,9],[2,9],[2,9],[4,18],[2,9],[3,9],[2,9],[6,18],[3,10],[3,9],[7,18],[4,9],[4,8],[7,18],[4,9],[5,8],[4,9],[14,26],[5,8],[4,8],[5,8],[11,16],[5,8],[5,7],[6,8],[6,7],[5,7],[6,7],[12,14],[6,7],[12,13],[12,12],[6,6],[7,5],[6,6],[7,5],[6,5],[7,5],[7,4],[6,5],[13,8],[7,3],[25,12],[25,11],[25,9],[26,9],[25,8],[25,6],[26,6],[25,5],[26,5],[26,3],[25,2],[26,2],[26,1],[26,0],[26,0],[26,-2],[53,-5],[26,-3],[26,-3],[26,-5],[27,-5],[26,-5],[27,-6],[26,-7],[27,-7],[26,-7],[27,-8],[27,-9],[26,-8],[27,-9],[27,-10],[26,-9],[27,-10],[27,-11],[27,-10],[27,-11],[26,-11],[27,-12],[27,-11],[27,-11],[27,-12],[26,-11],[27,-12],[27,-11],[27,-12],[26,-12],[27,-11],[53,-23],[27,-12],[27,-11],[26,-11],[27,-11],[26,-11],[53,-21],[27,-10],[26,-10],[26,-9],[27,-10],[52,-17],[26,-8],[7,-2],[23,-4],[16,-2],[8,-1],[8,-1],[8,0],[16,-1],[8,1],[8,0],[17,1],[8,1],[9,1],[8,1],[8,1],[9,2],[8,1],[8,2],[9,2],[8,2],[9,2],[8,2],[8,3],[8,2],[9,3],[8,3],[8,2],[24,11],[16,7],[16,8],[16,8],[7,4],[15,9],[15,9],[14,10],[13,10],[7,5],[6,5],[7,6],[6,5],[6,6],[6,5],[6,6],[11,12],[10,12],[5,7],[5,6],[5,6],[4,7],[24,39],[23,40],[23,42],[21,41],[21,43],[20,43],[19,43],[18,45],[18,45],[16,46],[16,46],[15,47],[14,47],[14,49],[13,48],[12,49],[11,49],[11,50],[10,50],[9,50],[8,51],[8,52],[7,51],[6,53],[6,52],[5,53],[5,52],[3,53],[4,53],[2,54],[2,53],[1,54],[0,54],[0,54],[0,53],[-1,54],[-2,54],[-2,54],[-3,54],[-4,54],[-4,54],[-4,54],[-5,54],[-6,53],[-6,54],[-7,53],[-7,53],[-8,53],[-8,52],[-9,53],[-9,52],[-9,52],[-10,51],[-11,51],[-10,51],[-12,50],[-12,50],[-12,50],[-12,49],[-14,48],[-13,48],[-14,48],[-14,47],[-14,46],[-3,8],[-3,8],[-3,7],[-6,15],[-3,8],[-4,8],[-4,8],[-4,7],[-4,8],[-4,8],[-4,8],[-9,15],[-5,7],[-10,16],[-5,8],[-5,7],[-11,15],[-5,8],[-6,7],[-6,7],[-6,7],[-6,8],[-6,7],[-12,14],[-6,8],[-6,7],[-13,14],[-14,13],[-6,7],[-27,26],[-8,6],[-7,6],[-6,7],[-7,5],[-7,6],[-7,6],[-7,6],[-15,11],[-7,5],[-7,5],[-14,10],[-14,10],[-15,9],[-7,4],[-7,4],[-14,8],[-13,7],[-7,3],[-55,27],[-54,27],[-53,27],[-53,28],[-53,29],[-52,29],[-51,29],[-51,31],[-51,31],[-50,31],[-49,32],[-49,32],[-49,33],[-48,34],[-47,34],[-47,35],[-46,36],[-45,35],[-45,37],[-45,37],[-44,37],[-43,39],[-42,38],[-42,40],[-41,40],[-41,40],[-40,42],[-39,42],[-39,42],[-37,43],[-38,44],[-36,44],[-36,45],[-35,46],[-34,46],[-34,47],[-33,47],[-32,48],[-31,49],[-30,50],[-30,50],[-29,50],[-29,52],[-27,51],[-26,53],[-26,53],[-25,54],[-24,54],[-23,56],[-23,56],[-21,56],[-21,57],[-20,58],[-19,59],[-18,59],[-17,60],[-16,61],[-15,61],[-15,62],[-13,63],[-12,63],[-12,64],[-11,64],[-9,66],[-1,8],[-3,17],[-1,9],[-2,9],[-2,8],[-1,9],[-4,18],[-4,18],[-5,18],[-2,10],[-2,9],[-5,19],[-3,10],[-3,9],[-5,19],[-3,10],[-9,28],[-6,19],[-3,10],[-4,10],[-3,10],[-3,9],[-4,10],[-3,9],[-4,10],[-3,9],[-4,10],[-3,10],[-4,9],[-3,10],[-4,9],[-4,9],[-7,19],[-8,18],[-7,18],[-8,18],[-3,9],[-4,9],[-8,17],[-4,8],[-3,9],[-4,8],[-4,8],[-4,8],[-4,8],[-7,16],[-3,8],[-4,7],[-4,7],[-6,13],[-6,12],[-5,12],[-6,12],[-6,12],[-5,13],[-5,12],[-11,25],[-10,25],[-4,13],[-5,12],[-5,13],[-4,13],[-5,12],[-8,26],[-8,26],[-8,26],[-4,13],[-3,13],[-4,13],[-7,26],[-3,14],[-3,13],[-3,13],[-3,13],[-3,14],[-3,13],[-2,14],[-3,13],[-3,14],[-2,13],[-2,14],[-3,14],[-4,27],[-3,27],[-2,14],[-2,13],[-1,14],[-2,14],[-1,13],[-2,14],[-1,14],[-1,13],[-1,14],[-1,14],[-1,14],[-1,13],[0,14],[-1,14],[0,14],[-1,13],[-1,14],[0,14],[0,14],[0,13],[0,23],[0,25],[1,9],[0,9],[1,9],[0,9],[1,9],[2,19],[1,9],[3,29],[1,9],[2,10],[1,9],[2,10],[1,10],[2,10],[4,20],[4,19],[2,10],[2,10],[5,19],[2,10],[8,28],[2,10],[3,9],[3,10],[3,9],[6,19],[3,9],[9,27],[4,9],[10,25],[4,9],[3,8],[4,8],[4,8],[3,8],[4,7],[4,8],[4,7],[8,14],[4,7],[4,7],[8,13],[4,6],[5,6],[4,5],[5,6],[5,6],[4,6],[6,6],[5,6],[6,6],[5,5],[12,12],[12,12],[6,6],[14,12],[6,6],[14,11],[14,12],[14,12],[15,11],[8,6],[7,6],[8,5],[8,6],[8,6],[8,5],[8,5],[8,6],[8,5],[8,5],[16,10],[16,10],[8,4],[9,5],[16,9],[8,4],[9,5],[8,4],[8,4],[8,4],[9,3],[8,4],[8,3],[8,4],[9,3],[8,3],[8,3],[8,2],[8,3],[8,3],[8,2],[8,2],[7,2],[16,3],[7,1],[8,2],[7,1],[38,5],[36,2],[36,1],[35,-2],[35,-4],[34,-5],[33,-7],[33,-10],[32,-11],[31,-12],[31,-15],[31,-15],[30,-17],[29,-19],[29,-20],[28,-21],[29,-22],[27,-23],[28,-25],[27,-25],[27,-26],[26,-27],[26,-28],[26,-28],[26,-29],[26,-29],[25,-29],[25,-30],[25,-30],[25,-31],[25,-30],[25,-31],[25,-30],[24,-31],[25,-30],[25,-30],[25,-29],[49,-59],[26,-28],[25,-27],[51,-53],[26,-25],[26,-24],[26,-24],[26,-22],[27,-21],[27,-19],[28,-19],[28,-17],[28,-16],[29,-14],[29,-12],[29,-11],[30,-9],[31,-7],[31,-6],[32,-3],[32,-2],[32,1],[34,3],[34,5],[34,8],[15,4],[15,5],[8,2],[8,3],[23,11],[8,3],[7,4],[8,4],[8,5],[16,9],[7,5],[16,10],[8,5],[8,5],[8,6],[15,11],[8,6],[16,12],[15,13],[8,7],[7,6],[8,7],[14,14],[8,7],[14,14],[7,7],[7,7],[14,14],[7,8],[7,7],[7,7],[13,15],[6,8],[6,7],[6,8],[6,7],[6,7],[6,8],[6,7],[11,15],[10,15],[5,8],[5,7],[5,8],[4,7],[4,7],[5,7],[4,7],[4,7],[19,36],[18,35],[18,35],[16,34],[15,34],[14,34],[13,34],[13,33],[11,34],[10,32],[10,33],[9,32],[7,32],[7,32],[6,32],[6,31],[4,31],[4,31],[3,30],[2,30],[2,30],[1,30],[0,29],[-1,29],[-1,29],[-2,28],[-2,28],[-3,28],[-4,28],[-5,27],[-4,27],[-6,28],[-6,26],[-6,27],[-7,26],[-7,25],[-8,26],[-8,25],[-9,25],[-9,25],[-9,24],[-10,25],[-10,23],[-10,24],[-11,23],[-11,23],[-12,23],[-11,23],[-12,22],[-12,22],[-12,22],[-13,21],[-12,21],[-13,21],[-27,41],[-13,20],[-13,20],[-13,20],[-14,19],[-13,19],[-28,37],[-13,19],[-23,30],[-25,29],[-26,28],[-27,26],[-28,25],[-29,24],[-30,23],[-31,22],[-32,21],[-33,20],[-34,19],[-34,19],[-36,17],[-36,17],[-37,16],[-38,15],[-39,14],[-39,14],[-40,13],[-41,12],[-41,12],[-42,12],[-42,11],[-43,10],[-43,11],[-44,10],[-44,9],[-44,10],[-45,9],[-45,9],[-46,9],[-46,9],[-46,9],[-46,8],[-46,9],[-47,9],[-47,9],[-47,9],[-46,9],[-47,10],[-47,10],[-47,10],[-47,10],[-47,11],[-47,11],[-46,12],[-46,12],[-46,13],[-46,13],[-46,14],[-45,15],[-45,15],[-45,16],[-44,18],[-44,17],[-43,19],[-43,19],[-43,21],[-42,21],[-41,22],[-41,23],[-40,25],[-39,25],[-39,27],[-10,7],[-9,7],[-10,8],[-9,8],[-9,8],[-8,8],[-8,8],[-8,9],[-8,8],[-8,9],[-14,18],[-7,9],[-13,19],[-7,10],[-6,9],[-6,10],[-6,10],[-5,10],[-6,10],[-5,10],[-5,9],[-9,20],[-5,10],[-4,10],[-8,21],[-4,9],[-4,10],[-4,10],[-3,10],[-7,19],[-3,9],[-3,9],[-3,9],[-3,9],[-3,9],[-3,9],[-5,17],[-4,16],[-2,7],[-2,8],[-5,14],[-2,7],[-2,7],[-2,6],[-3,12],[-2,6],[-4,10],[-1,5],[-2,4],[-2,4],[-1,3],[-2,4],[-3,5],[-28,34],[-26,36],[-26,35],[-26,36],[-24,37],[-24,37],[-23,38],[-23,37],[-22,39],[-21,38],[-21,39],[-20,39],[-20,40],[-19,40],[-18,41],[-18,40],[-18,41],[-17,42],[-16,41],[-16,43],[-16,43],[-15,42],[-15,43],[-14,44],[-14,43],[-13,44],[-14,45],[-13,44],[-12,45],[-12,45],[-12,46],[-12,45],[-11,46],[-11,46],[-11,46],[-11,47],[-10,46],[-11,47],[-10,47],[-10,47],[-19,96],[-10,47],[-9,48],[-9,49],[-10,48],[-9,48],[-9,49],[-9,49],[-9,48],[-9,49],[-9,50],[-9,49],[-10,49],[-9,49],[-9,50],[-10,49],[-9,50],[-10,49],[-10,50],[-10,50],[-10,50],[-21,100],[-8,40],[-9,41],[-8,41],[-8,41],[-8,41],[-8,41],[-8,42],[-16,84],[-7,42],[-8,42],[-15,84],[-7,43],[-8,42],[-7,43],[-29,172],[-14,88],[-8,43],[-14,88],[-7,44],[-8,45],[-7,44],[-8,44],[-7,45],[-8,45],[-15,89],[-8,46],[-8,45],[-16,90],[-9,46],[-8,45],[-9,46],[-9,45],[-8,46],[-9,47],[-10,46],[-9,46],[-10,46],[-9,46],[-10,47],[-11,46],[-10,47],[-10,47],[-11,47],[-11,46],[-11,48],[-12,47],[-12,47],[-12,47],[-12,48],[-25,95],[-27,95],[-14,47],[-13,49],[-17,54],[-16,54],[-18,55],[-17,54],[-18,55],[-18,55],[-19,55],[-19,55],[-19,55],[-20,56],[-19,55],[-21,56],[-20,56],[-21,56],[-21,56],[-21,56],[-22,56],[-22,57],[-22,56],[-23,57],[-45,113],[-24,57],[-23,57],[-23,57],[-24,57],[-24,57],[-24,57],[-49,114],[-25,57],[-25,58],[-24,57],[-25,57],[-26,58],[-25,58],[-26,57],[-25,58],[-26,57],[-26,58],[-26,57],[-25,58],[-26,57],[-26,58],[-26,57],[-26,57],[-53,115],[-26,57],[-26,58],[-27,57],[-26,58],[-26,57],[-52,114],[-26,57],[-52,114],[-52,113],[-26,57],[-26,57],[-25,56],[-26,56],[-46,101],[-47,101],[-49,103],[-49,102],[-51,103],[-52,104],[-53,104],[-53,105],[-54,105],[-55,106],[-55,106],[-56,106],[-57,108],[-56,107],[-57,108],[-57,108],[-57,110],[-57,109],[-57,109],[-57,110],[-57,111],[-56,111],[-56,111],[-55,111],[-55,112],[-54,112],[-54,113],[-52,113],[-52,113],[-51,113],[-49,114],[-49,114],[-47,115],[-46,114],[-44,115],[-44,115],[-41,115],[-40,116],[-38,116],[-36,116],[-35,116],[-32,116],[-31,116],[-28,117],[-26,117],[-24,117],[-21,116],[-19,118],[-17,118],[-14,117],[-11,117],[-8,118],[-6,118],[-2,117],[0,118],[4,118],[7,118],[10,118],[13,118],[17,118],[21,118],[24,118],[27,117],[32,118],[8,27],[7,28],[8,29],[8,30],[7,30],[7,31],[8,32],[7,33],[7,33],[7,34],[6,34],[7,36],[7,36],[6,36],[7,37],[6,38],[6,38],[6,39],[6,39],[6,40],[5,40],[6,41],[5,41],[5,42],[5,42],[5,42],[5,43],[9,87],[4,44],[5,44],[3,45],[4,45],[4,45],[3,45],[4,45],[3,46],[3,46],[3,46],[2,46],[3,47],[2,46],[2,47],[2,46],[1,47],[2,47],[1,46],[1,47],[1,47],[1,47],[0,47],[0,47],[0,47],[0,46],[0,47],[-1,46],[-1,46],[-1,46],[-1,46],[-2,45],[-2,46],[-2,46],[-2,44],[-3,45],[0,8],[-1,9],[0,16],[1,8],[1,16],[1,7],[1,8],[1,8],[1,8],[1,7],[2,8],[2,7],[2,7],[2,7],[2,7],[5,14],[6,14],[3,7],[3,6],[4,7],[3,6],[4,6],[7,12],[4,6],[4,6],[5,5],[4,6],[5,5],[4,5],[5,5],[10,10],[11,9],[5,4],[5,5],[6,4],[6,3],[6,4],[6,3],[12,7],[13,6],[6,3],[6,2],[7,3],[7,2],[14,4],[7,1],[7,1],[14,2],[7,1],[23,2],[7,-1],[90,-4],[90,-5],[90,-8],[90,-9],[89,-11],[90,-13],[90,-15],[89,-17],[89,-18],[90,-19],[89,-21],[89,-23],[90,-24],[89,-25],[90,-27],[89,-28],[90,-29],[90,-30],[89,-31],[90,-33],[90,-33],[91,-35],[90,-35],[90,-37],[91,-37],[91,-37],[91,-38],[91,-39],[92,-40],[91,-40],[92,-40],[93,-41],[92,-41],[93,-41],[93,-42],[93,-42],[94,-42],[94,-42],[94,-42],[95,-42],[95,-42],[96,-41],[96,-42],[96,-41],[97,-40],[97,-41],[98,-40],[98,-40],[98,-39],[99,-39],[100,-38],[100,-37],[100,-37],[101,-35],[102,-35],[102,-34],[103,-33],[103,-32],[104,-31],[105,-30],[105,-28],[106,-28],[106,-26],[107,-25],[0,0],[6,0],[57,-12],[57,-13],[57,-12],[57,-12],[56,-12],[56,-11],[56,-12],[55,-11],[56,-12],[55,-11],[55,-11],[54,-11],[55,-11],[54,-11],[54,-11],[54,-11],[54,-11],[53,-11],[53,-11],[53,-11],[53,-11],[53,-11],[52,-12],[53,-11],[52,-11],[52,-12],[51,-12],[52,-12],[52,-12],[51,-12],[51,-13],[51,-12],[51,-13],[51,-13],[51,-13],[51,-14],[100,-29],[51,-14],[100,-30],[50,-16],[50,-16],[50,-16],[49,-16],[50,-17],[50,-17],[49,-18],[50,-18],[49,-19],[49,-19],[50,-20],[49,-20],[49,-21],[49,-21],[49,-22],[50,-22],[49,-23],[49,-23],[49,-24],[49,-25],[49,-25],[49,-26],[50,-27],[71,-39],[70,-39],[70,-39],[69,-38],[67,-38],[68,-38],[66,-38],[65,-37],[65,-37],[64,-37],[63,-37],[63,-36],[62,-36],[61,-35],[61,-36],[61,-34],[60,-35],[59,-33],[59,-34],[58,-33],[58,-33],[58,-32],[58,-32],[57,-31],[57,-31],[57,-30],[56,-30],[57,-30],[56,-29],[56,-28],[56,-28],[56,-27],[56,-26],[55,-26],[56,-25],[56,-25],[56,-24],[56,-24],[57,-23],[56,-22],[57,-22],[57,-21],[57,-20],[57,-20],[58,-19],[58,-18],[59,-17],[59,-17],[59,-16],[60,-15],[60,-14],[61,-14],[61,-12],[62,-13],[63,-11],[63,-10],[64,-10],[64,-8],[66,-8],[66,-7],[67,-6],[67,-5],[69,-5],[69,-3],[100,-3],[99,-2],[99,0],[99,1],[99,2],[99,4],[99,4],[98,6],[98,7],[97,7],[97,8],[96,8],[96,9],[95,9],[94,10],[94,10],[93,10],[91,9],[91,10],[90,9],[89,10],[88,8],[87,8],[86,8],[84,7],[83,6],[82,5],[80,4],[79,2],[77,2],[76,0],[74,-1],[72,-3],[71,-5],[69,-6],[67,-8],[66,-11],[63,-12],[61,-14],[59,-17],[57,-18],[55,-22],[53,-24],[51,-27],[48,-29],[46,-32],[43,-35],[41,-39],[38,-41],[36,-45],[33,-48],[31,-52],[27,-55],[25,-59],[22,-62],[19,-67],[16,-70],[14,-75],[10,-78],[7,-84],[4,-87],[0,-92],[-2,-96],[-7,-101],[-5,-69],[-8,-70],[-9,-68],[-11,-68],[-13,-67],[-13,-67],[-16,-67],[-16,-67],[-18,-66],[-20,-66],[-20,-65],[-22,-65],[-23,-65],[-24,-64],[-25,-65],[-26,-64],[-26,-64],[-29,-64],[-28,-63],[-30,-63],[-30,-63],[-32,-62],[-31,-63],[-33,-62],[-33,-62],[-33,-62],[-34,-62],[-35,-61],[-35,-62],[-71,-123],[-36,-61],[-72,-123],[-37,-61],[-36,-61],[-37,-61],[-36,-61],[-37,-61],[-36,-61],[-37,-62],[-36,-61],[-71,-122],[-36,-62],[-35,-61],[-34,-62],[-34,-61],[-34,-62],[-33,-62],[-32,-62],[-32,-62],[-31,-63],[-30,-62],[-30,-63],[-28,-63],[-28,-63],[-27,-64],[-26,-63],[-24,-64],[-24,-64],[-23,-64],[-21,-65],[-21,-65],[-7,-27],[-9,-29],[-10,-31],[-11,-34],[-11,-36],[-13,-38],[-12,-40],[-14,-42],[-14,-44],[-15,-46],[-15,-47],[-15,-50],[-16,-51],[-17,-52],[-17,-54],[-16,-55],[-18,-56],[-17,-57],[-18,-59],[-17,-59],[-18,-61],[-18,-61],[-17,-62],[-18,-63],[-18,-63],[-17,-64],[-17,-63],[-17,-65],[-16,-64],[-16,-66],[-16,-65],[-15,-65],[-15,-65],[-14,-64],[-14,-65],[-13,-64],[-12,-64],[-12,-63],[-11,-63],[-10,-62],[-9,-62],[-8,-60],[-8,-60],[-6,-58],[-5,-58],[-5,-57],[-3,-55],[-1,-54],[-1,-53],[1,-51],[2,-50],[3,-48],[5,-46],[6,-45],[8,-43],[9,-40],[11,-39],[12,-36],[14,-34],[16,-32],[18,-30],[19,-27],[21,-25],[24,-22],[35,-28],[35,-24],[34,-19],[35,-16],[34,-12],[35,-8],[34,-5],[34,-1],[34,3],[33,5],[33,9],[33,11],[33,15],[33,18],[32,20],[32,23],[31,26],[32,28],[31,30],[31,32],[30,35],[30,36],[30,39],[29,40],[29,42],[29,43],[28,45],[28,46],[27,47],[27,48],[27,49],[26,50],[25,51],[26,52],[24,52],[25,53],[23,52],[24,53],[22,53],[23,53],[22,53],[21,53],[21,52],[19,52],[20,52],[19,51],[18,49],[18,49],[17,48],[17,47],[16,46],[15,44],[15,43],[14,41],[13,39],[13,39],[12,35],[11,34],[10,32],[10,30],[9,27],[8,25],[8,22],[7,20],[16,42],[15,43],[15,43],[31,88],[15,45],[15,45],[15,45],[16,46],[15,46],[16,46],[15,46],[16,47],[15,47],[16,47],[16,47],[16,48],[17,47],[16,48],[17,47],[16,48],[17,47],[17,48],[18,48],[17,47],[18,48],[18,48],[19,47],[18,47],[19,47],[19,47],[20,47],[20,47],[20,46],[21,46],[21,46],[21,45],[22,45],[23,45],[22,44],[23,44],[24,44],[24,43],[24,42],[25,42],[25,42],[26,41],[27,40],[27,41],[27,39],[28,38],[29,38],[29,37],[30,37],[30,36],[31,35],[32,34],[32,34],[33,32],[34,32],[34,31],[35,30],[36,30],[37,28],[12,9],[6,5],[7,5],[6,4],[7,4],[7,5],[7,4],[15,8],[8,5],[15,8],[8,4],[8,3],[8,4],[8,4],[16,7],[9,3],[8,4],[9,3],[8,3],[9,3],[8,3],[9,3],[9,3],[18,5],[9,2],[9,3],[17,4],[9,2],[9,2],[9,1],[9,2],[9,2],[9,2],[26,3],[17,2],[9,1],[8,0],[9,1],[8,0],[33,0],[8,0],[8,-1],[8,0],[7,-1],[8,-1],[8,-1],[7,-1],[7,-2],[14,-3],[7,-2],[6,-2],[7,-1],[7,-2],[6,-3],[14,-5],[6,-3],[7,-3],[7,-4],[6,-3],[7,-4],[6,-4],[14,-8],[6,-5],[7,-5],[13,-10],[7,-5],[13,-11],[6,-6],[7,-5],[6,-6],[13,-13],[6,-6],[6,-6],[6,-7],[6,-7],[6,-6],[6,-8],[12,-14],[6,-7],[6,-7],[6,-7],[5,-8],[11,-15],[5,-8],[6,-7],[5,-8],[5,-8],[5,-7],[10,-16],[5,-8],[9,-16],[5,-8],[4,-8],[9,-16],[4,-7],[8,-16],[3,-8],[4,-8],[3,-8],[4,-8],[3,-8],[3,-7],[3,-8],[3,-8],[23,-68],[23,-69],[22,-71],[22,-71],[21,-72],[20,-74],[20,-74],[19,-75],[19,-75],[18,-77],[17,-78],[17,-78],[16,-79],[15,-79],[15,-81],[14,-81],[14,-82],[13,-82],[12,-83],[12,-84],[11,-84],[10,-85],[10,-85],[9,-86],[8,-86],[8,-87],[7,-87],[6,-88],[6,-87],[5,-88],[4,-88],[3,-89],[3,-89],[2,-90],[1,-89],[1,-90],[0,-89],[-1,-90],[-1,-90],[-2,-91],[-4,-91],[-3,-90],[-5,-90],[-5,-91],[-6,-90],[-7,-91],[-8,-90],[-8,-90],[-9,-90],[-10,-91],[-11,-89],[-11,-90],[-12,-89],[-14,-89],[-14,-89],[-14,-89],[-16,-88],[-16,-88],[-17,-87],[-18,-87],[-19,-87],[-20,-87],[-20,-85],[-21,-86],[-15,-56],[-15,-57],[-16,-57],[-16,-56],[-17,-57],[-17,-57],[-17,-57],[-18,-58],[-17,-57],[-18,-57],[-19,-57],[-18,-58],[-19,-58],[-18,-57],[-19,-58],[-19,-57],[-18,-58],[-38,-116],[-18,-58],[-19,-58],[-18,-58],[-18,-59],[-18,-58],[-18,-58],[-17,-58],[-17,-59],[-17,-58],[-17,-59],[-15,-59],[-16,-59],[-15,-59],[-14,-59],[-14,-59],[-14,-59],[-13,-59],[-12,-59],[-11,-59],[-11,-60],[-10,-60],[-9,-59],[-9,-60],[-8,-60],[-7,-59],[-6,-60],[-5,-60],[-4,-61],[-3,-60],[-2,-60],[-1,-60],[0,-60],[1,-61],[3,-60],[3,-60],[5,-61],[6,-61],[7,-61],[9,-61],[10,-61],[11,-61],[13,-61],[14,-61],[15,-61],[17,-62],[3,-8],[2,-8],[3,-7],[7,-16],[3,-8],[7,-16],[4,-8],[4,-8],[4,-8],[5,-7],[4,-8],[5,-8],[5,-7],[5,-8],[4,-8],[11,-15],[5,-7],[6,-7],[6,-8],[5,-7],[12,-14],[12,-14],[7,-6],[6,-7],[13,-13],[13,-13],[14,-12],[7,-5],[7,-6],[14,-11],[7,-6],[7,-5],[8,-5],[7,-5],[7,-5],[8,-4],[15,-9],[15,-8],[8,-4],[15,-7],[8,-3],[7,-3],[8,-3],[8,-3],[7,-2],[8,-2],[8,-2],[15,-3],[8,-2],[15,-2],[54,-6],[53,-4],[52,-2],[51,0],[50,3],[49,5],[49,8],[47,9],[46,11],[46,13],[44,16],[44,17],[42,19],[42,21],[41,23],[41,24],[39,26],[39,28],[38,29],[37,31],[36,32],[36,33],[35,35],[34,36],[33,38],[33,39],[32,40],[32,41],[30,42],[30,44],[30,44],[29,45],[28,46],[28,47],[27,48],[27,49],[26,49],[25,50],[25,50],[25,51],[24,52],[23,51],[23,53],[23,52],[22,53],[22,54],[21,54],[21,53],[21,54],[20,54],[20,54],[19,54],[19,54],[19,53],[18,54],[18,53],[18,53],[18,53],[17,52],[17,52],[17,52],[17,51],[16,50],[17,50],[2,8],[3,8],[5,16],[3,8],[3,8],[4,8],[6,17],[11,25],[4,9],[4,9],[4,8],[4,9],[9,18],[4,8],[4,9],[5,9],[4,9],[9,18],[5,9],[5,9],[5,9],[4,8],[5,9],[5,9],[5,9],[6,9],[5,9],[10,17],[10,18],[6,8],[5,9],[10,17],[11,17],[11,16],[5,8],[5,8],[11,16],[11,15],[11,15],[5,8],[5,7],[5,7],[11,14],[5,6],[5,7],[5,6],[5,7],[10,12],[87,107],[84,109],[81,109],[78,110],[75,112],[73,111],[70,113],[68,113],[65,115],[62,115],[60,116],[58,116],[56,118],[53,118],[51,118],[49,120],[47,120],[46,121],[43,121],[42,121],[39,123],[39,123],[36,123],[35,124],[34,124],[32,125],[31,125],[30,125],[28,126],[27,127],[27,126],[25,127],[24,127],[24,127],[23,128],[21,128],[22,128],[21,128],[20,129],[19,128],[20,129],[19,129],[18,129],[19,129],[18,129],[18,129],[19,129],[18,128],[19,129],[18,129],[19,129],[20,128],[19,129],[20,128],[21,128],[21,128],[22,129],[23,127],[23,127],[25,128],[25,126],[26,127],[27,125],[29,126],[26,121],[23,117],[20,116],[16,114],[13,111],[10,110],[8,107],[4,105],[1,104],[-1,102],[-4,100],[-7,99],[-9,97],[-11,96],[-14,95],[-16,93],[-18,92],[-20,91],[-22,90],[-24,89],[-26,88],[-27,87],[-29,86],[-30,86],[-32,86],[-33,85],[-35,84],[-35,84],[-37,84],[-38,83],[-38,84],[-39,84],[-40,83],[-41,84],[-41,84],[-41,84],[-42,85],[-42,85],[-43,86],[-42,86],[-42,86],[-43,88],[-42,89],[-42,89],[-41,91],[-41,91],[-41,93],[-40,94],[-39,95],[-38,97],[-38,98],[-36,99],[-36,102],[-35,102],[-33,105],[-31,107],[-31,108],[-29,111],[-27,112],[-25,115],[-24,117],[-22,120],[-21,121],[-18,124],[-1,8],[-2,17],[-1,18],[-1,9],[-1,8],[0,10],[-1,9],[0,9],[0,10],[-1,9],[0,10],[0,9],[0,10],[-1,20],[1,20],[0,10],[0,10],[1,21],[0,10],[0,10],[1,11],[0,10],[1,11],[0,10],[1,10],[1,10],[2,21],[0,10],[1,11],[1,10],[1,10],[1,10],[1,11],[4,30],[1,10],[2,20],[1,10],[2,10],[2,20],[2,9],[1,10],[2,9],[1,9],[2,9],[1,10],[2,8],[1,9],[2,9],[1,9],[3,17],[5,24],[7,31],[6,30],[6,32],[6,31],[6,31],[5,31],[6,32],[5,31],[5,32],[4,31],[5,32],[4,31],[4,32],[4,32],[4,31],[3,32],[3,32],[3,32],[3,32],[3,32],[3,32],[2,32],[4,64],[2,32],[1,32],[2,33],[2,64],[2,65],[1,32],[0,32],[1,65],[0,32],[-1,32],[0,33],[0,32],[-2,64],[-1,33],[-1,32],[-2,64],[-2,33],[-2,32],[-3,64],[-2,33],[-3,33],[-2,32],[-2,32],[-3,32],[-2,32],[-3,32],[-3,32],[-3,32],[-6,64],[-4,32],[-3,31],[-4,32],[-3,32],[-2,8],[-1,8],[-1,9],[-2,9],[-1,9],[-2,8],[-4,18],[-1,9],[-3,9],[-2,9],[-2,10],[-3,9],[-2,9],[-5,19],[-3,10],[-3,9],[-3,10],[-2,10],[-3,9],[-6,19],[-7,20],[-3,10],[-3,9],[-7,20],[-3,10],[-4,9],[-3,10],[-4,10],[-3,10],[-4,9],[-7,19],[-4,9],[-4,10],[-4,9],[-7,19],[-4,9],[-4,10],[-4,9],[-4,9],[-3,9],[-4,9],[-4,8],[-8,18],[-4,9],[-3,8],[-8,17],[-8,17],[-3,8],[-4,7],[-4,8],[-4,8],[-3,7],[-4,7],[-3,7],[-12,24],[-11,23],[-12,24],[-10,23],[-11,24],[-10,24],[-10,24],[-10,24],[-10,24],[-9,24],[-9,24],[-8,24],[-9,24],[-8,24],[-9,24],[-7,24],[-8,25],[-8,24],[-7,25],[-8,24],[-7,25],[-7,24],[-7,25],[-6,24],[-13,49],[-7,25],[-6,24],[-6,25],[-6,25],[-6,24],[-12,49],[-11,49],[-6,25],[-5,25],[-6,25],[-6,25],[-5,25],[-12,49],[-5,25],[-6,24],[-6,25],[-5,24],[-6,25],[-6,25],[-6,24],[-12,49],[-19,74],[-7,24],[-7,24],[-6,25],[-7,24],[-7,25],[-8,24],[-7,24],[-8,24],[-7,24],[-8,25],[-19,55],[-19,56],[-20,54],[-20,55],[-21,54],[-21,55],[-21,54],[-22,54],[-22,54],[-23,53],[-22,53],[-24,53],[-23,53],[-24,53],[-24,52],[-24,53],[-25,52],[-50,104],[-26,51],[-25,52],[-26,51],[-26,51],[-27,52],[-26,51],[-27,51],[-26,51],[-27,51],[-28,51],[-27,51],[-27,50],[-27,51],[-28,50],[-27,51],[-28,50],[-27,51],[-28,51],[-28,50],[-27,51],[-28,50],[-28,51],[-27,50],[-28,51],[-27,51],[-28,51],[-55,102],[-54,102],[-54,102],[-26,51],[-27,51],[-26,52],[-26,52],[-26,51],[-26,52],[-25,52],[-26,52],[-25,52],[-24,53],[-25,52],[-24,53],[-24,53],[-11,26],[-12,25],[-11,25],[-11,25],[-11,25],[-11,26],[-11,25],[-21,50],[-11,26],[-10,25],[-11,26],[-10,25],[-10,25],[-11,26],[-10,25],[-10,25],[-10,26],[-9,25],[-10,27],[-9,25],[-10,26],[-9,26],[-10,25],[-9,26],[-9,26],[-9,25],[-8,26],[-9,26],[-9,26],[-8,26],[-8,26],[-9,26],[-8,26],[-8,26],[-8,27],[-15,52],[-22,80],[-7,26],[-6,27],[-7,26],[-7,27],[-12,53],[-6,27],[-6,27],[-6,27],[-6,27],[-6,27],[-5,27],[-5,27],[-5,27],[-5,27],[-5,28],[-4,28],[-5,27],[-4,28],[-4,27],[-4,28],[-3,28],[-4,28],[-2,19],[-6,38],[-3,19],[-3,19],[-3,19],[-3,18],[-6,38],[-3,19],[-4,18],[-3,19],[-4,19],[-3,18],[-8,38],[-3,18],[-4,19],[-4,18],[-4,18],[-4,19],[-4,18],[-4,18],[-4,18],[-4,19],[-8,36],[-13,54],[-4,18],[-9,37],[-5,18],[-4,18],[-5,17],[-4,18],[-5,18],[-9,36],[-4,18],[-5,18],[-5,18],[-4,18],[-5,18],[-5,18],[-4,18],[-5,18],[-4,17],[-5,18],[-5,18],[-4,18],[-5,18],[-5,18],[-4,17],[-5,18],[-4,18],[-5,18],[-4,18],[-5,18],[-5,17],[-9,36],[-4,18],[-2,6],[-1,6],[-1,7],[-2,6],[-1,6],[-1,6],[-1,6],[-2,6],[-1,6],[-1,6],[-1,5],[-3,12],[-2,11],[-2,12],[-1,6],[-1,5],[-1,6],[-2,12],[-2,11],[-1,5],[0,5],[-1,6],[-1,5],[-1,5],[0,5],[-1,5],[-1,10],[-1,5],[-1,5],[0,5],[-1,5],[0,4],[0,5],[-1,9],[-1,9],[0,4],[0,4],[-1,4],[0,4],[0,8],[0,15],[0,4],[0,3],[0,3],[1,4],[0,6],[2,12],[0,2],[870,-4],[292,-2],[578,-2],[2609,-14],[870,-4],[869,-5],[870,-4],[2610,-14],[1739,-9],[870,-4],[1740,-9],[869,-5],[1740,-9],[869,-4],[1740,-9],[870,-5],[1739,-9],[870,-4],[1740,-9],[869,-5],[1740,-9],[2609,-13],[870,-5],[1739,-9],[2610,-13],[870,-5],[869,-5],[870,-4],[870,-5],[1739,-9],[870,-4],[1739,-9],[1740,-9],[1740,-9],[869,-5],[870,-4],[1740,-9],[869,-5],[2610,-13],[870,-5],[576,-2],[294,-2],[869,-4]],[[317895,295213],[35,-15],[36,-15],[37,-14],[37,-14],[37,-14],[39,-13],[39,-13],[39,-13],[40,-12],[40,-12],[41,-12],[41,-11],[41,-11],[42,-11],[42,-11],[43,-10],[43,-10],[43,-10],[43,-10],[44,-9],[43,-9],[44,-9],[44,-8],[88,-16],[44,-8],[89,-14],[44,-7],[44,-6],[44,-7],[44,-6],[43,-6],[44,-6],[44,-6],[43,-5],[43,-5],[42,-5],[43,-4],[42,-5],[41,-4],[41,-4],[42,-4],[40,-4],[40,-3],[79,-7],[38,-2],[38,-3],[38,-2],[36,-3],[36,-2],[36,-2],[35,-2],[34,-2],[33,-2],[33,-1],[32,-1],[31,-1],[30,-1],[29,-1],[28,-1],[28,-1],[26,0],[181,0],[179,7],[177,13],[175,19],[174,24],[173,30],[171,36],[169,40],[168,47],[166,50],[165,55],[164,59],[163,63],[161,68],[161,72],[160,75],[158,79],[158,82],[156,85],[156,88],[155,91],[155,93],[154,97],[153,97],[153,100],[152,102],[152,103],[151,105],[151,106],[151,107],[151,107],[150,109],[150,109],[301,218],[151,110],[150,109],[151,109],[303,215],[152,106],[152,105],[153,104],[153,101],[154,100],[155,99],[155,96],[156,94],[156,91],[158,88],[159,86],[159,83],[161,79],[161,75],[163,73],[164,68],[165,64],[167,60],[167,56],[170,51],[171,46],[172,41],[174,36],[176,31],[7,1],[8,1],[8,1],[8,1],[7,0],[17,1],[8,0],[8,0],[8,-1],[8,0],[9,0],[8,-1],[9,-1],[25,-3],[9,-2],[8,-1],[26,-6],[8,-2],[9,-2],[9,-3],[8,-2],[8,-3],[9,-3],[8,-3],[9,-2],[8,-4],[8,-3],[17,-7],[8,-3],[8,-4],[8,-4],[8,-4],[8,-4],[8,-4],[8,-4],[15,-9],[15,-10],[7,-5],[8,-5],[6,-5],[8,-5],[13,-11],[6,-5],[7,-5],[7,-6],[5,-6],[7,-5],[6,-6],[6,-6],[10,-12],[10,-13],[5,-6],[5,-6],[50,-74],[46,-73],[41,-74],[36,-73],[33,-74],[28,-73],[24,-74],[20,-74],[16,-73],[12,-74],[9,-73],[5,-74],[3,-73],[-2,-74],[-4,-74],[-8,-74],[-9,-74],[-14,-73],[-15,-74],[-18,-74],[-20,-74],[-23,-75],[-25,-74],[-27,-74],[-28,-75],[-30,-74],[-32,-75],[-33,-75],[-35,-74],[-36,-75],[-37,-75],[-38,-76],[-39,-75],[-40,-76],[-40,-76],[-41,-75],[-41,-76],[-41,-77],[-42,-76],[-41,-76],[-42,-77],[-41,-77],[-41,-77],[-41,-77],[-39,-77],[-39,-78],[-39,-77],[-37,-79],[-36,-78],[-35,-78],[-33,-79],[-32,-79],[-31,-79],[-28,-79],[-27,-80],[-25,-80],[-23,-80],[-21,-80],[-18,-80],[-16,-82],[-13,-81],[-11,-81],[-7,-82],[-5,-82],[0,-8],[0,-17],[1,-8],[0,-8],[2,-17],[2,-9],[0,-8],[2,-9],[2,-9],[2,-8],[2,-9],[2,-9],[3,-8],[2,-9],[2,-9],[7,-17],[2,-9],[4,-9],[3,-8],[4,-9],[7,-17],[4,-9],[4,-8],[4,-9],[4,-8],[4,-8],[5,-9],[9,-16],[10,-16],[4,-8],[6,-8],[5,-7],[5,-8],[5,-8],[5,-8],[6,-7],[5,-7],[6,-7],[5,-8],[6,-7],[6,-6],[6,-7],[12,-13],[5,-6],[7,-7],[6,-6],[6,-5],[6,-6],[12,-11],[6,-5],[13,-10],[6,-5],[13,-9],[6,-4],[116,-77],[117,-76],[118,-73],[119,-72],[120,-70],[121,-69],[122,-66],[123,-65],[123,-63],[124,-62],[125,-59],[125,-58],[126,-56],[127,-54],[127,-51],[128,-50],[128,-47],[129,-46],[129,-43],[129,-42],[131,-39],[130,-36],[130,-35],[131,-32],[131,-30],[131,-27],[131,-25],[132,-23],[131,-21],[131,-17],[132,-16],[131,-12],[132,-10],[131,-8],[130,-5],[131,-2],[131,0],[131,3],[129,6],[130,9],[130,11],[128,15],[129,17],[128,21],[127,23],[127,26],[126,29],[126,32],[125,35],[125,39],[123,41],[123,45],[122,49],[121,51],[120,54],[120,58],[118,61],[118,64],[116,68],[116,71],[114,75],[113,78],[112,82],[111,85]],[[362553,268686],[-19,-29],[-18,-29],[-19,-29],[-18,-29],[-19,-29],[-19,-28],[-18,-29],[-19,-29],[-19,-29],[-19,-28],[-18,-29],[-38,-57],[-19,-29],[-19,-28],[-38,-58],[-19,-29],[-19,-28],[-19,-29],[-38,-57],[-19,-28],[-20,-28],[-19,-29],[-19,-28],[-19,-29],[-19,-28],[-38,-57],[-19,-29],[-20,-28],[-19,-29],[-38,-57],[-19,-28],[-19,-29],[-19,-28],[-19,-29],[-19,-28],[-19,-29],[-19,-28],[-38,-57],[-19,-29],[-19,-28],[-19,-29],[-19,-29],[-19,-28],[-19,-29],[-19,-28],[-37,-57],[-19,-29],[-18,-29],[-19,-29],[-18,-28],[-19,-29],[-18,-28],[-19,-29],[-18,-29],[-19,-29],[-18,-29],[-18,-29],[-42,-68],[-43,-67],[-43,-68],[-43,-67],[-44,-66],[-43,-67],[-44,-66],[-44,-67],[-44,-66],[-44,-65],[-44,-66],[-45,-65],[-45,-65],[-44,-65],[-46,-65],[-45,-66],[-45,-65],[-46,-64],[-45,-64],[-46,-64],[-46,-65],[-46,-64],[-46,-63],[-46,-65],[-46,-63],[-47,-64],[-46,-63],[-46,-64],[-47,-63],[-47,-63],[-47,-64],[-46,-63],[-47,-63],[-47,-63],[-47,-63],[-47,-63],[-94,-126],[-47,-64],[-47,-63],[-47,-63],[-47,-63],[-47,-63],[-47,-63],[-47,-63],[-47,-63],[-47,-63],[-47,-64],[-47,-63],[-47,-63],[-46,-64],[-94,-127],[-47,-63],[-46,-64],[-47,-64],[-46,-64],[-47,-64],[-46,-64],[-46,-64],[-46,-65],[-46,-64],[-46,-65],[-46,-65],[-21,-31],[-23,-36],[-25,-40],[-27,-45],[-28,-50],[-30,-53],[-32,-58],[-33,-63],[-34,-65],[-36,-69],[-36,-73],[-38,-75],[-38,-79],[-39,-82],[-39,-85],[-40,-87],[-40,-90],[-41,-92],[-40,-94],[-41,-96],[-40,-98],[-40,-99],[-39,-101],[-39,-102],[-39,-103],[-37,-104],[-37,-105],[-36,-106],[-34,-106],[-33,-106],[-32,-107],[-31,-106],[-29,-106],[-27,-105],[-25,-106],[-24,-104],[-21,-104],[-19,-102],[-17,-102],[-15,-100],[-11,-98],[-9,-97],[-7,-94],[-3,-93],[-1,-91],[3,-88],[6,-86],[9,-83],[13,-80],[17,-77],[20,-74],[24,-71],[28,-67],[32,-63],[37,-59],[40,-55],[46,-52],[49,-46],[55,-43],[59,-38],[64,-32],[70,-28],[74,-23],[80,-17],[31,-5],[32,-2],[32,0],[32,1],[32,4],[33,5],[32,7],[33,9],[33,11],[32,12],[33,13],[33,16],[33,16],[33,18],[33,20],[33,20],[33,22],[33,24],[33,24],[33,25],[33,26],[32,28],[33,28],[32,29],[33,30],[33,30],[32,32],[32,32],[32,32],[32,33],[32,34],[32,34],[31,34],[31,35],[31,35],[62,70],[30,35],[30,36],[30,35],[29,36],[29,35],[29,35],[29,34],[28,35],[28,34],[28,33],[27,34],[27,33],[26,32],[27,32],[25,31],[26,30],[25,29],[24,29],[24,28],[23,27],[24,25],[22,25],[22,24],[22,22],[21,21],[20,20],[20,19],[74,70],[73,68],[72,70],[71,69],[71,70],[70,70],[70,70],[69,71],[68,71],[69,71],[67,71],[67,72],[66,72],[66,72],[65,73],[64,73],[64,73],[64,73],[63,73],[62,74],[62,74],[62,75],[60,74],[61,75],[60,75],[59,75],[60,76],[58,76],[59,76],[57,76],[58,77],[57,77],[56,77],[57,77],[56,78],[55,78],[54,78],[56,78],[54,79],[54,78],[53,80],[54,79],[53,79],[105,160],[52,80],[51,81],[52,81],[51,81],[50,81],[51,82],[50,81],[50,82],[50,83],[50,82],[49,83],[49,83],[49,83],[49,83],[48,84],[49,84],[48,84],[48,84],[48,85],[26,45],[26,46],[25,45],[26,44],[26,44],[26,44],[25,43],[26,43],[26,42],[26,42],[25,41],[26,41],[26,41],[26,41],[26,40],[52,79],[27,39],[25,39],[27,39],[26,38],[26,38],[27,38],[26,37],[26,38],[27,37],[27,37],[53,73],[27,37],[27,36],[27,36],[27,36],[27,36],[28,36],[27,35],[27,36],[56,71],[28,35],[28,35],[28,36],[28,35],[57,70],[29,35],[28,35],[29,35],[29,35],[30,36],[29,35],[29,35],[30,36],[30,36],[30,36],[61,72],[62,72],[30,36],[31,37],[32,36],[31,37],[32,37],[29,35],[30,36],[29,36],[59,74],[58,76],[58,78],[29,40],[28,40],[58,81],[29,40],[29,41],[29,42],[29,42],[29,41],[30,42],[29,42],[30,41],[29,42],[29,42],[91,124],[31,41],[31,41],[31,41],[31,40],[31,40],[32,40],[33,40],[32,39],[33,38],[33,39],[34,37],[33,37],[34,37],[35,36],[35,35],[35,35],[36,34],[36,33],[74,64],[38,31],[38,30],[39,29],[39,28],[40,27],[40,26],[41,25],[41,24],[42,23],[43,22],[43,21],[44,19],[44,19],[46,17],[45,15],[47,15],[47,13],[49,11],[7,2],[16,3],[7,1],[23,1],[16,0],[15,-1],[8,-1],[7,-1],[8,-1],[8,-1],[7,-2],[16,-4],[7,-2],[7,-3],[8,-3],[7,-2],[7,-4],[15,-6],[6,-3],[8,-4],[13,-8],[7,-4],[7,-4],[12,-9],[13,-11],[13,-10],[12,-11],[5,-5],[6,-6],[6,-6],[6,-5],[5,-7],[5,-6],[5,-6],[5,-6],[5,-7],[5,-6],[9,-13],[5,-7],[8,-14],[7,-14],[8,-15],[2,-7],[3,-8],[4,-7],[2,-7],[3,-8],[2,-8],[24,-94],[20,-94],[18,-94],[15,-95],[12,-94],[9,-93],[6,-94],[4,-93],[1,-93],[-2,-93],[-4,-93],[-6,-92],[-9,-93],[-10,-93],[-14,-92],[-15,-92],[-17,-92],[-20,-91],[-21,-92],[-23,-91],[-25,-91],[-26,-91],[-28,-91],[-30,-90],[-31,-91],[-33,-90],[-34,-91],[-36,-89],[-36,-90],[-38,-90],[-39,-90],[-39,-89],[-41,-89],[-42,-88],[-43,-89],[-43,-89],[-44,-88],[-45,-88],[-45,-88],[-46,-88],[-46,-87],[-46,-88],[-46,-87],[-47,-87],[-47,-87],[-47,-87],[-47,-87],[-47,-86],[-47,-86],[-47,-86],[-92,-171],[-46,-86],[-45,-85],[-45,-84],[-44,-85],[-43,-85],[-42,-84],[-42,-85],[-41,-84],[-40,-83],[-39,-84],[-38,-83],[-36,-83],[-113,-245],[-113,-244],[-113,-245],[-112,-245],[-113,-245],[-112,-245],[-112,-245],[-112,-245],[-112,-245],[-111,-245],[-110,-246],[-111,-245],[-110,-246],[-110,-246],[-109,-246],[-109,-246],[-109,-246],[-108,-246],[-108,-247],[-106,-246],[-107,-246],[-106,-247],[-105,-247],[-104,-246],[-104,-247],[-104,-247],[-103,-248],[-101,-247],[-102,-247],[-100,-247],[-99,-248],[-99,-247],[-98,-248],[-96,-248],[-97,-248],[-95,-248],[-94,-248],[-93,-248],[-93,-249],[-91,-248],[-90,-248],[-89,-249],[-88,-249],[-87,-248],[-86,-249],[-85,-249],[-83,-249],[-82,-249],[-81,-249],[-80,-250],[-78,-250],[-77,-249],[-76,-250],[-74,-249],[-73,-250],[-71,-250],[-71,-251],[-68,-250],[-67,-250],[-66,-250],[-64,-251],[-62,-250],[-61,-251],[-60,-251],[-19,-82],[-19,-82],[-18,-82],[-19,-82],[-18,-82],[-18,-83],[-17,-83],[-17,-83],[-17,-84],[-34,-167],[-17,-84],[-16,-84],[-16,-84],[-15,-84],[-16,-84],[-16,-85],[-15,-85],[-15,-85],[-15,-85],[-15,-85],[-15,-85],[-15,-85],[-14,-85],[-15,-86],[-14,-85],[-14,-86],[-28,-171],[-14,-86],[-14,-85],[-14,-86],[-13,-86],[-14,-86],[-14,-85],[-27,-173],[-13,-85],[-14,-86],[-14,-86],[-13,-86],[-14,-86],[-14,-85],[-13,-86],[-14,-85],[-27,-172],[-14,-85],[-14,-85],[-14,-85],[-14,-85],[-14,-85],[-14,-86],[-14,-84],[-15,-85],[-14,-85],[-14,-84],[-30,-169],[-15,-84],[-16,-84],[-30,-167],[-16,-83],[-22,-116],[-42,-231],[-21,-116],[-21,-117],[-19,-115],[-20,-116],[-19,-116],[-18,-117],[-19,-116],[-18,-116],[-18,-116],[-16,-116],[-17,-117],[-16,-116],[-16,-116],[-16,-116],[-14,-116],[-15,-117],[-14,-116],[-14,-116],[-13,-117],[-12,-116],[-12,-116],[-12,-116],[-12,-117],[-10,-117],[-10,-116],[-10,-116],[-9,-117],[-9,-116],[-8,-116],[-8,-116],[-7,-116],[-7,-117],[-6,-116],[-5,-116],[-5,-116],[-5,-116],[-3,-116],[-7,-232],[-1,-116],[-2,-116],[-1,-116],[0,-116],[0,-116],[0,-115],[2,-116],[2,-115],[2,-116],[3,-116],[4,-115],[5,-115],[5,-116],[5,-115],[7,-115],[7,-115],[8,-115],[8,-116],[9,-115],[10,-114],[11,-115],[11,-114],[1,-8],[3,-26],[1,-9],[1,-9],[1,-9],[2,-18],[2,-10],[1,-9],[4,-29],[2,-10],[1,-10],[2,-10],[2,-10],[1,-10],[2,-10],[2,-10],[1,-10],[2,-10],[2,-10],[1,-10],[2,-11],[2,-10],[2,-10],[4,-21],[2,-11],[4,-20],[2,-10],[2,-11],[2,-10],[2,-11],[2,-10],[2,-10],[2,-10],[2,-10],[2,-10],[3,-11],[1,-10],[2,-9],[5,-20],[3,-19],[3,-10],[2,-10],[2,-10],[4,-18],[2,-9],[4,-18],[3,-9],[2,-9],[4,-17],[2,-8],[3,-16],[12,-46],[11,-45],[10,-46],[11,-45],[21,-91],[10,-46],[10,-46],[10,-46],[10,-46],[10,-45],[10,-46],[10,-46],[19,-91],[18,-92],[9,-46],[9,-46],[9,-47],[18,-92],[8,-46],[16,-92],[9,-46],[8,-46],[8,-46],[8,-46],[8,-47],[7,-46],[16,-92],[7,-47],[7,-46],[15,-93],[6,-46],[8,-47],[6,-46],[7,-46],[6,-47],[7,-46],[7,-47],[12,-93],[7,-46],[6,-47],[5,-46],[12,-93],[6,-47],[6,-47],[16,-139],[6,-47],[10,-93],[5,-47],[5,-46],[6,-48],[5,-46],[5,-47],[3,-25],[2,-26],[3,-25],[3,-26],[3,-25],[3,-26],[3,-25],[2,-26],[3,-26],[2,-26],[3,-25],[2,-26],[3,-25],[3,-26],[2,-25],[5,-53],[5,-51],[3,-25],[2,-26],[3,-26],[2,-26],[4,-51],[3,-26],[2,-25],[2,-26],[2,-26],[5,-51],[5,-52],[2,-25],[2,-26],[2,-26],[2,-25],[2,-26],[3,-25],[4,-52],[5,-51],[1,-26],[2,-26],[3,-25],[2,-26],[2,-26],[2,-25],[3,-26],[2,-26],[2,-25],[1,-26],[3,-26],[2,-26],[2,-25],[2,-26],[2,-25],[2,-26],[2,-26],[2,-26],[7,-76],[1,-17],[2,-16],[1,-17],[2,-16],[2,-17],[1,-16],[2,-17],[3,-32],[5,-33],[2,-16],[2,-16],[2,-17],[3,-16],[5,-33],[2,-16],[3,-17],[3,-16],[2,-16],[3,-16],[3,-17],[5,-32],[3,-16],[4,-16],[2,-16],[3,-16],[4,-17],[6,-32],[4,-16],[3,-16],[3,-16],[4,-16],[3,-16],[4,-16],[3,-16],[4,-16],[4,-16],[3,-16],[4,-16],[4,-16],[4,-16],[8,-31],[3,-16],[4,-16],[4,-16],[4,-15],[5,-16],[4,-16],[4,-16],[4,-15],[8,-32],[4,-16],[4,-15],[5,-16],[5,-15],[4,-16],[4,-16],[5,-15]]],"transform":{"scale":[11.430381499463984,10.324828087284558],"translate":[-13889555.1698,2832974.0320999995]},"objects":{"Admin1_Polygons_48States":{"type":"GeometryCollection","geometries":[{"arcs":[[0,1,2,3,4]],"type":"Polygon","properties":{"OBJECTID_1":1,"NAME":"Alabama","ISO3166_2":"AL","Country":"US","Shape_Leng":1952116.99777,"Shape_Le_1":1952116.99777,"Shape_Area":191169422312}},{"arcs":[[5,6,7,8,9]],"type":"Polygon","properties":{"OBJECTID_1":3,"NAME":"Arizona","ISO3166_2":"AZ","Country":"US","Shape_Leng":2740138.69869,"Shape_Le_1":2740138.69869,"Shape_Area":448488030893}},{"arcs":[[10,11,12,13,14,15]],"type":"Polygon","properties":{"OBJECTID_1":4,"NAME":"Arkansas","ISO3166_2":"AR","Country":"US","Shape_Leng":1930836.20426,"Shape_Le_1":1930836.20426,"Shape_Area":207149812519}},{"arcs":[[-8,16,17,18]],"type":"Polygon","properties":{"OBJECTID_1":5,"NAME":"California","ISO3166_2":"CA","Country":"US","Shape_Leng":4168460.73295,"Shape_Le_1":4168460.73295,"Shape_Area":647666291881}},{"arcs":[[19,20,21,22,23,24]],"type":"Polygon","properties":{"OBJECTID_1":6,"NAME":"Colorado","ISO3166_2":"CO","Country":"US","Shape_Leng":2648470.70146,"Shape_Le_1":2648470.70146,"Shape_Area":429504635407}},{"arcs":[[25,26,27,28]],"type":"Polygon","properties":{"OBJECTID_1":7,"NAME":"Connecticut","ISO3166_2":"CT","Country":"US","Shape_Leng":666344.631105,"Shape_Le_1":666344.631105,"Shape_Area":22813213139.1}},{"arcs":[[29,30,31,32]],"type":"Polygon","properties":{"OBJECTID_1":8,"NAME":"Delaware","ISO3166_2":"DE","Country":"US","Shape_Leng":510771.411043,"Shape_Le_1":510771.411043,"Shape_Area":9793256333.86}},{"arcs":[[33,34]],"type":"Polygon","properties":{"OBJECTID_1":9,"NAME":"District of Columbia","ISO3166_2":"DC","Country":"US","Shape_Leng":66643.0987685,"Shape_Le_1":66643.0987685,"Shape_Area":264927121.452}},{"arcs":[[35,36,-1]],"type":"Polygon","properties":{"OBJECTID_1":10,"NAME":"Florida","ISO3166_2":"FL","Country":"US","Shape_Leng":3365641.89107,"Shape_Le_1":3365641.89107,"Shape_Area":194971897771}},{"arcs":[[37,38,39,-36,-5,40]],"type":"Polygon","properties":{"OBJECTID_1":11,"NAME":"Georgia","ISO3166_2":"GA","Country":"US","Shape_Leng":1956274.89045,"Shape_Le_1":1956274.89045,"Shape_Area":219096014995}},{"arcs":[[41,42,43,44,45,46,47]],"type":"Polygon","properties":{"OBJECTID_1":13,"NAME":"Idaho","ISO3166_2":"ID","Country":"US","Shape_Leng":3483987.53078,"Shape_Le_1":3483987.53078,"Shape_Area":437997815616}},{"arcs":[[48,49,50,51,52,53]],"type":"Polygon","properties":{"OBJECTID_1":14,"NAME":"Illinois","ISO3166_2":"IL","Country":"US","Shape_Leng":2109175.84904,"Shape_Le_1":2109175.84904,"Shape_Area":250820767913}},{"arcs":[[54,55,-54,56,57]],"type":"Polygon","properties":{"OBJECTID_1":15,"NAME":"Indiana","ISO3166_2":"IN","Country":"US","Shape_Leng":1775235.29749,"Shape_Le_1":1775235.29749,"Shape_Area":158353340557}},{"arcs":[[58,59,60,61,62,-51]],"type":"Polygon","properties":{"OBJECTID_1":16,"NAME":"Iowa","ISO3166_2":"IA","Country":"US","Shape_Leng":2088015.56768,"Shape_Le_1":2088015.56768,"Shape_Area":260994166289}},{"arcs":[[63,-21,64,65]],"type":"Polygon","properties":{"OBJECTID_1":17,"NAME":"Kansas","ISO3166_2":"KS","Country":"US","Shape_Leng":2470247.1927,"Shape_Le_1":2470247.1927,"Shape_Area":349439217741}},{"arcs":[[66,67,68,69,-49,-56,70]],"type":"Polygon","properties":{"OBJECTID_1":18,"NAME":"Kentucky","ISO3166_2":"KY","Country":"US","Shape_Leng":2111914.56287,"Shape_Le_1":2111914.56287,"Shape_Area":184008585853}},{"arcs":[[71,72,-13,73]],"type":"Polygon","properties":{"OBJECTID_1":19,"NAME":"Louisiana","ISO3166_2":"LA","Country":"US","Shape_Leng":2375540.78924,"Shape_Le_1":2375540.78924,"Shape_Area":165407697054}},{"arcs":[[74,75]],"type":"Polygon","properties":{"OBJECTID_1":20,"NAME":"Maine","ISO3166_2":"ME","Country":"US","Shape_Leng":2001184.97487,"Shape_Le_1":2001184.97487,"Shape_Area":174938998200}},{"arcs":[[-32,76,77,78,79,-35,80,81,82]],"type":"Polygon","properties":{"OBJECTID_1":21,"NAME":"Maryland","ISO3166_2":"MD","Country":"US","Shape_Leng":1949849.2912,"Shape_Le_1":1949849.2912,"Shape_Area":43603247062.4}},{"arcs":[[83,84,-29,85,86,87]],"type":"Polygon","properties":{"OBJECTID_1":22,"NAME":"Massachusetts","ISO3166_2":"MA","Country":"US","Shape_Leng":1091647.83514,"Shape_Le_1":1091647.83514,"Shape_Area":35994718611.7}},{"arcs":[[[88,-58,89]],[[90,91]],[[92]]],"type":"MultiPolygon","properties":{"OBJECTID_1":23,"NAME":"Michigan","ISO3166_2":"MI","Country":"US","Shape_Leng":4353582.79852,"Shape_Le_1":4353582.79852,"Shape_Area":290629945501}},{"arcs":[[93,-62,94,95,96]],"type":"Polygon","properties":{"OBJECTID_1":24,"NAME":"Minnesota","ISO3166_2":"MN","Country":"US","Shape_Leng":3474936.4658,"Shape_Le_1":3474936.4658,"Shape_Area":488224675478}},{"arcs":[[97,-74,-12,98,-3]],"type":"Polygon","properties":{"OBJECTID_1":25,"NAME":"Mississippi","ISO3166_2":"MS","Country":"US","Shape_Leng":1846114.72875,"Shape_Le_1":1846114.72875,"Shape_Area":174137767611}},{"arcs":[[-50,-70,99,-16,100,-66,101,-59]],"type":"Polygon","properties":{"OBJECTID_1":26,"NAME":"Missouri","ISO3166_2":"MO","Country":"US","Shape_Leng":2526629.1096,"Shape_Le_1":2526629.1096,"Shape_Area":301858394048}},{"arcs":[[102,103,104,-48,105]],"type":"Polygon","properties":{"OBJECTID_1":27,"NAME":"Montana","ISO3166_2":"MT","Country":"US","Shape_Leng":3916886.86607,"Shape_Le_1":3916886.86607,"Shape_Area":829105794603}},{"arcs":[[-60,-102,-65,-20,106,107]],"type":"Polygon","properties":{"OBJECTID_1":28,"NAME":"Nebraska","ISO3166_2":"NE","Country":"US","Shape_Leng":2684796.57335,"Shape_Le_1":2684796.57335,"Shape_Area":366068137629}},{"arcs":[[-19,108,-44,109,-9]],"type":"Polygon","properties":{"OBJECTID_1":29,"NAME":"Nevada","ISO3166_2":"NV","Country":"US","Shape_Leng":3028782.29882,"Shape_Le_1":3028782.29882,"Shape_Area":492473659352}},{"arcs":[[-75,110,-88,111,112]],"type":"Polygon","properties":{"OBJECTID_1":30,"NAME":"New Hampshire","ISO3166_2":"NH","Country":"US","Shape_Leng":1077327.82381,"Shape_Le_1":1077327.82381,"Shape_Area":49828718911.9}},{"arcs":[[-30,113,114,115]],"type":"Polygon","properties":{"OBJECTID_1":31,"NAME":"New Jersey","ISO3166_2":"NJ","Country":"US","Shape_Leng":851998.916472,"Shape_Le_1":851998.916472,"Shape_Area":34542894610.3}},{"arcs":[[116,117,118,-6,-23]],"type":"Polygon","properties":{"OBJECTID_1":32,"NAME":"New Mexico","ISO3166_2":"NM","Country":"US","Shape_Leng":2907393.33486,"Shape_Le_1":2907393.33486,"Shape_Area":459121135533}},{"arcs":[[[119]],[[120,-86,-28,121,-115,122,123]]],"type":"MultiPolygon","properties":{"OBJECTID_1":33,"NAME":"New York","ISO3166_2":"NY","Country":"US","Shape_Leng":2875422.30071,"Shape_Le_1":2875422.30071,"Shape_Area":236034781866}},{"arcs":[[[124,-38,125,126,127]],[[128]],[[129]]],"type":"MultiPolygon","properties":{"OBJECTID_1":34,"NAME":"North Carolina","ISO3166_2":"NC","Country":"US","Shape_Leng":3112533.75467,"Shape_Le_1":3112533.75467,"Shape_Area":185239569615}},{"arcs":[[130,-103,131,-96]],"type":"Polygon","properties":{"OBJECTID_1":35,"NAME":"North Dakota","ISO3166_2":"ND","Country":"US","Shape_Leng":2594730.36956,"Shape_Le_1":2594730.36956,"Shape_Area":401028903416}},{"arcs":[[132,133,-71,-55,-89,134]],"type":"Polygon","properties":{"OBJECTID_1":36,"NAME":"Ohio","ISO3166_2":"OH","Country":"US","Shape_Leng":1856613.12095,"Shape_Le_1":1856613.12095,"Shape_Area":188440132474}},{"arcs":[[135,-117,-22,-64,-101,-15]],"type":"Polygon","properties":{"OBJECTID_1":37,"NAME":"Oklahoma","ISO3166_2":"OK","Country":"US","Shape_Leng":2777849.11626,"Shape_Le_1":2777849.11626,"Shape_Area":291452397949}},{"arcs":[[-109,-18,136,137,-45]],"type":"Polygon","properties":{"OBJECTID_1":38,"NAME":"Oregon","ISO3166_2":"OR","Country":"US","Shape_Leng":2964443.64034,"Shape_Le_1":2964443.64034,"Shape_Area":484894542707}},{"arcs":[[-33,-83,138,-133,139,-123,-114]],"type":"Polygon","properties":{"OBJECTID_1":39,"NAME":"Pennsylvania","ISO3166_2":"PA","Country":"US","Shape_Leng":1928134.1351,"Shape_Le_1":1928134.1351,"Shape_Area":211734321997}},{"arcs":[[140,-26,-85]],"type":"Polygon","properties":{"OBJECTID_1":41,"NAME":"Rhode Island","ISO3166_2":"RI","Country":"US","Shape_Leng":388759.841691,"Shape_Le_1":388759.841691,"Shape_Area":7115070100.51}},{"arcs":[[141,-39,-125]],"type":"Polygon","properties":{"OBJECTID_1":42,"NAME":"South Carolina","ISO3166_2":"SC","Country":"US","Shape_Leng":1542271.79141,"Shape_Le_1":1542271.79141,"Shape_Area":111356533988}},{"arcs":[[-95,-61,-108,142,-104,-131]],"type":"Polygon","properties":{"OBJECTID_1":43,"NAME":"South Dakota","ISO3166_2":"SD","Country":"US","Shape_Leng":2660248.76156,"Shape_Le_1":2660248.76156,"Shape_Area":389195215955}},{"arcs":[[143,-126,-41,-4,-99,-11,-100,-69]],"type":"Polygon","properties":{"OBJECTID_1":44,"NAME":"Tennessee","ISO3166_2":"TN","Country":"US","Shape_Leng":2120626.89335,"Shape_Le_1":2120626.89335,"Shape_Area":162792439597}},{"arcs":[[-136,-14,-73,144,-118]],"type":"Polygon","properties":{"OBJECTID_1":45,"NAME":"Texas","ISO3166_2":"TX","Country":"US","Shape_Leng":5114003.31421,"Shape_Le_1":5114003.31421,"Shape_Area":945848358287}},{"arcs":[[145,-24,-10,-110,-43]],"type":"Polygon","properties":{"OBJECTID_1":46,"NAME":"Utah","ISO3166_2":"UT","Country":"US","Shape_Leng":2534427.15387,"Shape_Le_1":2534427.15387,"Shape_Area":362155298099}},{"arcs":[[-87,-121,146,-112]],"type":"Polygon","properties":{"OBJECTID_1":47,"NAME":"Vermont","ISO3166_2":"VT","Country":"US","Shape_Leng":993138.143074,"Shape_Le_1":993138.143074,"Shape_Area":46685021908.2}},{"arcs":[[[-78,147]],[[-34,-80,148,-127,-144,-68,149,-81]]],"type":"MultiPolygon","properties":{"OBJECTID_1":48,"NAME":"Virginia","ISO3166_2":"VA","Country":"US","Shape_Leng":2741619.69449,"Shape_Le_1":2741619.69449,"Shape_Area":174366819941}},{"arcs":[[-138,150,-46]],"type":"Polygon","properties":{"OBJECTID_1":49,"NAME":"Washington","ISO3166_2":"WA","Country":"US","Shape_Leng":3273161.15298,"Shape_Le_1":3273161.15298,"Shape_Area":380862945627}},{"arcs":[[-82,-150,-67,-134,-139]],"type":"Polygon","properties":{"OBJECTID_1":50,"NAME":"West Virginia","ISO3166_2":"WV","Country":"US","Shape_Leng":1806451.59907,"Shape_Le_1":1806451.59907,"Shape_Area":103818800773}},{"arcs":[[-52,-63,-94,151,-91,152]],"type":"Polygon","properties":{"OBJECTID_1":51,"NAME":"Wisconsin","ISO3166_2":"WI","Country":"US","Shape_Leng":2588881.83348,"Shape_Le_1":2588881.83348,"Shape_Area":300669387993}},{"arcs":[[-143,-107,-25,-146,-42,-105]],"type":"Polygon","properties":{"OBJECTID_1":52,"NAME":"Wyoming","ISO3166_2":"WY","Country":"US","Shape_Leng":2757982.82542,"Shape_Le_1":2757982.82542,"Shape_Area":469135133045}}]}}}